,"Email address","Welcome &amp;  Course Overview Video",,"Download the Course Guide",,"Self-Check: Financial Management",,"0.1 – The Mindset For Making Money",,"0.2 – 4 Money Making Money Pathways",,"0.3 – 5 Things You Can Monetize",,"0.4 – Budgeting Basics",,"0.5 – Savings Strategies for Financial Independence",,"0.6 – Introduction to Wealth Multiplication",,"0.7 – The Four Multiplication Vehicles",,"Mid-Course Check-In",,"5.4 – Retirement Planning Without an Employer",,"Skill Growth Check: Financial Management",,"Practical Summary &amp; Next Steps",,"Capstone Project",,"Course Completion Quiz",,"Continue Growing — Financial Management Resources for Gig Workers",,"Module 0: Quiz",,"Module 1: Quiz",,"Module 1: Assignment",,"Module 2: Quiz",,"Module 2: Assignment",,"Share Your Course Experience",,"Module 3: Quiz",,"Module 3: Assignment",,"Module 4: Quiz",,"Module 4: Assignment",,"Module 5: Quiz",,"Module 5: Assignment",,"Module 6: Quiz",,"Module 6: Assignment",,"Module 7: Quiz",,"Module 7: Assignment",
"IBRAHIM ABAYOMI",iblizzyinnatural@gmail.com,Completed,"2026-08-05 15:40:37",Completed,"2026-08-05 15:43:34",Completed,"2026-08-05 15:46:05",Completed,"2026-08-06 14:01:26",Completed,"2026-08-05 15:50:36",Completed,"2026-08-05 15:50:57",Completed,"2026-08-05 15:53:25",Completed,"2026-08-05 16:28:31",Completed,"2026-08-05 16:28:32",Completed,"2026-08-05 16:28:34",Completed,"2026-08-06 12:35:32",Completed,"2026-08-06 14:31:51",Completed,"2026-08-05 19:35:18",Completed,"2026-08-05 19:33:18",Completed,"2026-08-06 14:15:17","Completed (achieved pass grade)","2026-08-05 19:32:31",Completed,"2026-08-05 19:24:47",Completed,"2026-08-05 17:14:36",Completed,"2026-08-05 17:18:04",Completed,"2026-08-05 16:43:54",Completed,"2026-08-05 17:23:47",Completed,"2026-08-05 16:52:18",Completed,"2026-08-05 17:00:38",Completed,"2026-08-05 17:08:16",Completed,"2026-08-05 18:06:01",Completed,"2026-08-05 18:17:26",Completed,"2026-08-06 13:36:43",Completed,"2026-08-05 19:22:04",Completed,"2026-08-06 13:51:59",Completed,"2026-08-05 19:42:22",Completed,"2026-08-06 12:51:41",Completed,"2026-08-05 19:38:22",Completed,"2026-08-06 13:11:20"
"MUHAMMAD ABBA",muhdmd542419@gmail.com,Completed,"2026-09-07 11:21:22",Completed,"2026-09-07 11:22:12",Completed,"2026-09-07 11:25:46",Completed,"2026-09-07 11:28:55",Completed,"2026-09-07 11:29:20",Completed,"2026-09-07 11:30:19",Completed,"2026-09-07 11:32:01",Completed,"2026-09-07 11:32:52",Completed,"2026-09-07 11:33:12",Completed,"2026-09-07 11:33:33",Completed,"2026-09-08 11:24:36",Completed,"2026-09-08 12:02:23",Completed,"2026-09-09 11:43:39",Completed,"2026-09-09 11:44:36",Completed,"2026-09-09 11:48:19","Completed (achieved pass grade)","2026-09-09 12:02:22",Completed,"2026-09-09 12:03:04",Completed,"2026-09-07 11:44:22",Completed,"2026-09-07 11:50:43",Completed,"2026-09-07 13:18:17",Completed,"2026-09-07 13:38:09",Completed,"2026-09-08 10:41:43",Completed,"2026-09-09 12:07:44",Completed,"2026-09-08 11:00:49",Completed,"2026-09-08 11:16:07",Completed,"2026-09-08 11:28:39",Completed,"2026-09-08 11:47:37",Completed,"2026-09-08 12:06:36",Completed,"2026-09-08 12:14:05",Completed,"2026-09-09 11:06:18",Completed,"2026-09-09 11:19:00",Completed,"2026-09-09 11:27:15",Completed,"2026-09-09 11:34:20"
"MUSTAPHA ABBAS",abbasmustapha87@gmail.com,Completed,"2026-09-14 15:54:14",Completed,"2026-09-14 15:54:21",Completed,"2026-09-14 15:56:47",Completed,"2026-09-17 15:14:52",Completed,"2026-09-17 15:14:53",Completed,"2026-09-17 15:14:54",Completed,"2026-09-17 15:14:54",Completed,"2026-09-17 15:14:55",Completed,"2026-09-17 15:14:56",Completed,"2026-09-17 15:14:58",Completed,"2026-09-17 15:15:44",Completed,"2026-09-17 15:17:41",Completed,"2026-09-15 15:08:50",Completed,"2026-09-17 15:15:02",Completed,"2026-09-17 15:02:34","Completed (achieved pass grade)","2026-09-17 15:27:15",Completed,"2026-09-17 15:30:40",Completed,"2026-09-15 13:39:15",Completed,"2026-09-15 11:41:51",Completed,"2026-09-15 14:33:58",Completed,"2026-09-15 13:47:03",Completed,"2026-09-15 14:41:31",Completed,"2026-09-17 15:17:16",Completed,"2026-09-15 13:53:20",Completed,"2026-09-15 14:55:48",Completed,"2026-09-15 14:08:58",Completed,"2026-09-15 15:15:34",Completed,"2026-09-15 15:03:15",Completed,"2026-09-15 15:35:06",Completed,"2026-09-15 15:04:59",Completed,"2026-09-17 13:50:55",Completed,"2026-09-15 15:06:58",Completed,"2026-09-17 13:59:24"
"IBRAHIM ABDUL",tukursagir01@gmail.com,Completed,"2026-08-20 11:33:35",Completed,"2026-08-25 00:04:54",Completed,"2026-08-20 11:37:22",Completed,"2026-08-20 11:42:36",Completed,"2026-08-20 11:43:27",Completed,"2026-08-20 11:45:00",Completed,"2026-08-20 11:46:01",Completed,"2026-08-20 11:46:59",Completed,"2026-08-20 11:47:29",Completed,"2026-08-20 11:49:10",Completed,"2026-08-20 12:34:38",Completed,"2026-08-20 12:43:59",Completed,"2026-08-20 13:19:47",Completed,"2026-08-20 13:19:57",Completed,"2026-08-20 13:20:36","Completed (achieved pass grade)","2026-08-20 14:42:05",Completed,"2026-08-20 13:29:28",Completed,"2026-08-20 11:52:28",Completed,"2026-08-20 11:55:17",Completed,"2026-08-20 11:56:26",Completed,"2026-08-20 12:07:27",Completed,"2026-08-20 12:08:52",Completed,"2026-08-20 13:32:44",Completed,"2026-08-20 12:26:06",Completed,"2026-08-20 12:27:19",Completed,"2026-08-20 12:37:20",Completed,"2026-08-20 12:38:34",Completed,"2026-08-20 12:48:55",Completed,"2026-08-20 12:50:39",Completed,"2026-08-20 13:00:54",Completed,"2026-08-20 13:04:15",Completed,"2026-08-20 13:12:03",Completed,"2026-08-20 13:13:19"
"ABDULWAHAB ABDULAZEEZ",shinabella78@gmail.com,Completed,"2026-09-08 12:25:46",Completed,"2026-09-08 12:26:23",Completed,"2026-09-08 12:30:13",Completed,"2026-09-08 12:31:33",Completed,"2026-09-08 12:31:44",Completed,"2026-09-08 12:31:58",Completed,"2026-09-08 12:32:11",Completed,"2026-09-08 12:32:24",Completed,"2026-09-08 12:32:43",Completed,"2026-09-08 12:32:50",Completed,"2026-09-08 12:36:25",Completed,"2026-09-08 12:37:11",Completed,"2026-09-09 13:44:39",Completed,"2026-09-08 12:37:42",Completed,"2026-09-10 11:43:55","Completed (achieved pass grade)","2026-09-09 13:52:39",Completed,"2026-09-08 12:38:15",Completed,"2026-09-08 13:58:44",Completed,"2026-09-08 12:53:08",Completed,"2026-09-09 12:53:48",Completed,"2026-09-08 13:35:23",Completed,"2026-09-08 14:01:25",Completed,"2026-09-08 12:40:57",Completed,"2026-09-08 13:42:48",Completed,"2026-09-09 13:21:04",Completed,"2026-09-09 13:32:08",Completed,"2026-09-09 14:05:59",Completed,"2026-09-09 13:35:43",Completed,"2026-09-09 14:20:23",Completed,"2026-09-09 13:38:33",Completed,"2026-09-09 14:36:03",Completed,"2026-09-09 13:41:44",Completed,"2026-09-09 14:59:13"
"SHAMSUDDEEN ABDULAZEEZ",mushdaamig@gmail.com,Completed,"2026-06-30 10:41:35",Completed,"2026-06-29 15:13:20",Completed,"2026-06-29 15:21:33",Completed,"2026-06-30 05:45:17",Completed,"2026-06-30 05:45:19",Completed,"2026-06-30 05:45:21",Completed,"2026-06-30 05:45:22",Completed,"2026-06-30 05:45:23",Completed,"2026-06-30 05:45:24",Completed,"2026-06-30 05:45:25",Completed,"2026-06-30 10:28:24",Completed,"2026-06-30 10:28:48",Completed,"2026-06-30 10:33:35",Completed,"2026-06-30 10:33:58",Completed,"2026-07-01 13:16:38","Completed (achieved pass grade)","2026-07-05 09:40:28",Completed,"2026-06-30 10:41:14",Completed,"2026-06-30 05:32:47",Completed,"2026-06-30 05:35:29",Completed,"2026-06-30 05:37:40",Completed,"2026-06-30 05:42:51",Completed,"2026-06-30 05:44:20",Completed,"2026-06-30 05:44:55",Completed,"2026-06-30 05:51:30",Completed,"2026-06-30 06:39:42",Completed,"2026-06-30 06:42:34",Completed,"2026-06-30 06:43:53",Completed,"2026-06-30 06:48:04",Completed,"2026-06-30 06:49:18",Completed,"2026-06-30 06:53:57",Completed,"2026-06-30 06:55:19",Completed,"2026-06-30 07:00:04",Completed,"2026-06-30 10:30:14"
"SARAFDEEN ABDULGANIY",sherifdeenabdulganiy1@gmail.com,Completed,"2026-06-24 07:59:14",Completed,"2026-06-06 10:16:37",Completed,"2026-06-06 17:08:03",Completed,"2026-06-07 14:55:36",Completed,"2026-06-07 14:57:22",Completed,"2026-06-07 19:34:52",Completed,"2026-06-07 19:36:30",Completed,"2026-06-07 19:36:40",Completed,"2026-06-07 19:36:41",Completed,"2026-06-07 19:36:43",Completed,"2026-06-15 19:31:52",Completed,"2026-06-23 06:54:43",Completed,"2026-06-24 07:46:58",Completed,"2026-06-24 07:48:36",Completed,"2026-06-24 07:48:57","Completed (achieved pass grade)","2026-07-05 09:40:28",Completed,"2026-06-24 07:57:05",Completed,"2026-06-07 19:44:06",Completed,"2026-06-07 20:02:35",Completed,"2026-06-23 07:01:51",Completed,"2026-06-13 19:47:55",Completed,"2026-06-23 07:02:27",Completed,"2026-06-24 07:58:21",Completed,"2026-06-14 17:09:52",Completed,"2026-06-23 07:03:07",Completed,"2026-06-23 06:44:37",Completed,"2026-06-23 07:03:38",Completed,"2026-06-23 07:00:05",Completed,"2026-06-23 07:01:12",Completed,"2026-06-24 07:34:30",Completed,"2026-06-24 07:36:22",Completed,"2026-06-24 07:44:02",Completed,"2026-06-24 07:45:16"
"KAMALDEEN ABDULGANIYU",kamaldeenadeshina8@gmail.com,"Not completed",,Completed,"2026-09-02 07:56:20",Completed,"2026-09-02 07:58:38",Completed,"2026-09-02 08:07:17",Completed,"2026-09-02 08:23:01",Completed,"2026-09-05 17:41:08","Not completed",,"Not completed",,"Not completed",,"Not completed",,"Not completed",,"Not completed",,"Not completed",,"Not completed",,"Not completed",,"Not completed",,"Not completed",,"Not completed",,"Not completed",,"Not completed",,"Not completed",,"Not completed",,"Not completed",,"Not completed",,"Not completed",,"Not completed",,"Not completed",,"Not completed",,"Not completed",,"Not completed",,"Not completed",,"Not completed",,"Not completed",
"ABDUSSAMAD ABDULHADI",analyspr@gmail.com,Completed,"2026-09-28 06:51:46",Completed,"2026-09-16 17:59:04",Completed,"2026-09-25 10:35:33",Completed,"2026-09-16 17:22:46",Completed,"2026-09-16 17:23:38",Completed,"2026-09-16 17:33:18",Completed,"2026-09-16 17:35:34",Completed,"2026-09-16 17:39:44",Completed,"2026-09-16 17:40:57",Completed,"2026-09-16 17:42:59","Not completed",,"Not completed",,"Not completed",,"Not completed",,"Not completed",,"Not completed",,"Not completed",,Completed,"2026-09-16 17:51:07",Completed,"2026-09-25 10:17:57","Not completed","1970-01-01 01:00:00","Not completed",,"Not completed",,"Not completed",,"Not completed",,"Not completed",,"Not completed",,"Not completed",,"Not completed",,"Not completed",,"Not completed",,"Not completed",,"Not completed",,"Not completed",
"AWAISU ABDULHADI",alhajisharuawaisu@gmail.com,Completed,"2026-08-27 11:38:19",Completed,"2026-08-27 11:38:40",Completed,"2026-08-27 11:42:58",Completed,"2026-08-27 11:45:49",Completed,"2026-08-27 11:48:04",Completed,"2026-08-27 11:50:58",Completed,"2026-08-27 11:52:31",Completed,"2026-08-27 11:52:56",Completed,"2026-08-27 11:53:54",Completed,"2026-08-27 11:54:06",Completed,"2026-09-03 12:48:36",Completed,"2026-09-03 15:06:32",Completed,"2026-09-03 13:58:54",Completed,"2026-09-03 13:59:08",Completed,"2026-09-03 14:00:33","Completed (achieved pass grade)","2026-09-03 14:25:39",Completed,"2026-09-03 14:26:10",Completed,"2026-08-27 12:01:40",Completed,"2026-08-27 12:38:20",Completed,"2026-08-27 12:41:46",Completed,"2026-09-03 11:50:30",Completed,"2026-09-03 12:19:41",Completed,"2026-09-03 14:57:23",Completed,"2026-09-03 12:47:31",Completed,"2026-09-03 12:41:40",Completed,"2026-09-03 12:52:41",Completed,"2026-09-03 12:54:22",Completed,"2026-09-03 13:11:54",Completed,"2026-09-03 13:13:16",Completed,"2026-09-03 13:21:58",Completed,"2026-09-03 13:23:04",Completed,"2026-09-03 13:41:51",Completed,"2026-09-03 13:43:11"
"USMAN ABDULHAMID",usmanabdulhamidnjida@gmail.com,Completed,"2026-08-31 10:49:39",Completed,"2026-08-31 10:50:08",Completed,"2026-08-31 10:52:44",Completed,"2026-09-01 21:16:56",Completed,"2026-09-01 21:17:00",Completed,"2026-09-04 10:05:39",Completed,"2026-09-04 10:12:46",Completed,"2026-09-04 10:18:15",Completed,"2026-09-04 10:20:41",Completed,"2026-09-04 10:21:44","Not completed",,"Not completed",,"Not completed",,Completed,"2026-09-04 12:31:09","Not completed",,"Not completed","1970-01-01 01:00:00","Not completed",,Completed,"2026-08-31 10:57:09",Completed,"2026-08-31 10:59:53",Completed,"2026-09-01 21:19:51",Completed,"2026-09-04 10:31:25",Completed,"2026-09-04 18:26:20","Not completed",,"Not completed",,"Not completed",,"Not completed",,"Not completed",,"Not completed",,"Not completed",,"Not completed",,"Not completed",,"Not completed",,"Not completed",
"BAKIR ABDULKADIR",bakirabdulkadir5@gmail.com,Completed,"2026-08-29 20:26:34",Completed,"2026-08-29 20:26:08",Completed,"2026-09-02 08:05:53",Completed,"2026-08-29 20:27:23",Completed,"2026-08-29 20:27:26",Completed,"2026-08-29 20:27:29",Completed,"2026-08-29 20:27:32",Completed,"2026-08-29 20:27:34",Completed,"2026-08-29 20:27:35",Completed,"2026-08-29 20:27:36",Completed,"2026-09-03 11:42:22",Completed,"2026-08-29 20:28:15",Completed,"2026-09-03 12:12:29",Completed,"2026-08-29 20:28:33",Completed,"2026-09-03 12:33:42","Completed (achieved pass grade)","2026-09-03 12:49:48",Completed,"2026-08-29 20:28:38",Completed,"2026-09-02 08:10:45",Completed,"2026-09-02 08:14:27",Completed,"2026-09-02 08:18:24",Completed,"2026-09-02 08:41:37",Completed,"2026-09-02 08:42:40",Completed,"2026-09-02 09:03:49",Completed,"2026-09-02 09:25:08",Completed,"2026-09-02 09:09:31",Completed,"2026-09-03 11:47:56",Completed,"2026-09-02 09:25:59",Completed,"2026-09-03 07:36:41",Completed,"2026-09-03 07:40:05",Completed,"2026-09-03 07:50:40",Completed,"2026-09-03 07:51:30",Completed,"2026-09-03 11:53:54",Completed,"2026-09-03 11:54:52"
"AMINU ABDULKARIM",aminuabdulkarim20@gmail.com,Completed,"2026-06-04 18:10:47",Completed,"2026-06-02 21:09:35",Completed,"2026-06-03 12:31:12",Completed,"2026-06-03 12:32:29",Completed,"2026-06-03 12:32:30",Completed,"2026-06-03 12:32:31",Completed,"2026-06-03 12:32:33",Completed,"2026-06-03 12:32:34",Completed,"2026-06-03 12:32:40",Completed,"2026-06-03 12:32:41",Completed,"2026-06-04 12:34:15",Completed,"2026-06-04 12:35:02",Completed,"2026-06-04 13:38:14",Completed,"2026-06-04 13:39:05",Completed,"2026-06-04 14:06:17","Completed (achieved pass grade)","2026-07-05 09:40:27",Completed,"2026-06-04 18:10:40",Completed,"2026-06-03 12:37:08",Completed,"2026-06-03 12:43:35",Completed,"2026-06-03 13:58:03",Completed,"2026-06-03 14:04:17",Completed,"2026-06-03 14:38:27",Completed,"2026-06-03 14:06:24",Completed,"2026-06-03 14:50:24",Completed,"2026-06-04 09:54:31",Completed,"2026-06-04 09:59:03",Completed,"2026-06-04 10:25:23",Completed,"2026-06-04 10:33:35",Completed,"2026-06-04 11:21:45",Completed,"2026-06-04 11:45:37",Completed,"2026-06-04 12:29:12",Completed,"2026-06-04 12:40:40",Completed,"2026-06-04 13:33:09"
"ABDULKADIR ABDULLAHI",akdlobel@gmail.com,Completed,"2026-09-13 17:06:53",Completed,"2026-09-13 17:09:22",Completed,"2026-09-13 17:11:25",Completed,"2026-09-13 17:15:10",Completed,"2026-09-13 17:18:36",Completed,"2026-09-13 17:24:22",Completed,"2026-09-13 17:28:28",Completed,"2026-09-13 17:30:19",Completed,"2026-09-13 17:34:32",Completed,"2026-09-13 17:37:42","Not completed",,"Not completed",,"Not completed",,"Not completed",,"Not completed",,"Not completed",,"Not completed",,Completed,"2026-09-13 17:42:50",Completed,"2026-09-13 23:47:59",Completed,"2026-09-14 21:28:50",Completed,"2026-09-18 20:53:37","Not completed","1970-01-01 01:00:00","Not completed",,"Not completed",,"Not completed",,"Not completed",,"Not completed",,"Not completed",,"Not completed",,"Not completed",,"Not completed",,"Not completed",,"Not completed",
"AHMAD ABDULLAHI",ahmadsalisu6969@gmail.com,Completed,"2026-08-31 11:30:56",Completed,"2026-08-31 11:31:48",Completed,"2026-08-31 11:38:12",Completed,"2026-08-31 11:40:12",Completed,"2026-08-31 11:40:13",Completed,"2026-08-31 11:40:14",Completed,"2026-08-31 11:40:15",Completed,"2026-08-31 11:40:16",Completed,"2026-08-31 11:40:19",Completed,"2026-08-31 11:40:18",Completed,"2026-08-31 13:34:53",Completed,"2026-08-31 12:31:06","Not completed",,Completed,"2026-08-31 12:31:17","Not completed",,"Not completed",,Completed,"2026-08-31 12:31:19",Completed,"2026-08-31 12:01:27",Completed,"2026-08-31 12:07:12","Not completed","1970-01-01 01:00:00",Completed,"2026-08-31 13:07:34","Not completed",,"Not completed",,"Not completed",,"Not completed",,"Not completed",,"Not completed",,"Not completed",,"Not completed",,"Not completed",,"Not completed",,"Not completed",,"Not completed",
"ALIYU ABDULLAHI",aliyuabdullahisudawa@gmail.com,Completed,"2026-08-24 09:57:15",Completed,"2026-08-22 10:28:50",Completed,"2026-08-24 10:02:01",Completed,"2026-08-24 10:11:27",Completed,"2026-08-22 10:29:18",Completed,"2026-08-22 10:29:20",Completed,"2026-08-22 10:29:21",Completed,"2026-08-22 10:29:23",Completed,"2026-08-22 10:29:24",Completed,"2026-08-22 10:29:26",Completed,"2026-08-27 10:40:39",Completed,"2026-08-22 10:30:53",Completed,"2026-08-24 14:17:23",Completed,"2026-08-22 10:30:17",Completed,"2026-08-27 12:20:10","Completed (achieved pass grade)","2026-08-24 14:26:33",Completed,"2026-08-24 14:26:58",Completed,"2026-08-24 10:35:17",Completed,"2026-08-24 11:03:42",Completed,"2026-08-27 10:54:19",Completed,"2026-08-24 13:17:18",Completed,"2026-08-27 11:05:46",Completed,"2026-08-24 14:28:14",Completed,"2026-08-24 14:33:20",Completed,"2026-08-27 11:19:52",Completed,"2026-08-24 13:36:20",Completed,"2026-08-27 11:31:50",Completed,"2026-08-24 13:43:03",Completed,"2026-08-27 11:42:03",Completed,"2026-08-24 14:08:43",Completed,"2026-08-27 11:56:08",Completed,"2026-08-24 14:14:25",Completed,"2026-08-27 12:06:13"
"AMINU ABDULLAHI",aminuhamisuabdullahi118@gmail.com,Completed,"2026-09-08 18:11:56",Completed,"2026-09-08 18:26:29",Completed,"2026-09-10 11:39:02",Completed,"2026-09-08 18:31:38",Completed,"2026-09-08 18:31:39",Completed,"2026-09-08 18:31:40",Completed,"2026-09-08 18:31:42",Completed,"2026-09-08 18:31:43",Completed,"2026-09-08 18:31:44",Completed,"2026-09-08 18:31:50","Not completed",,Completed,"2026-09-09 18:13:20","Not completed",,Completed,"2026-09-09 18:13:39","Not completed",,"Not completed",,Completed,"2026-09-09 18:13:46","Not completed",,"Not completed",,"Not completed",,"Not completed",,"Not completed",,"Not completed",,"Not completed",,"Not completed",,"Not completed",,"Not completed",,"Not completed",,"Not completed",,"Not completed",,"Not completed",,"Not completed",,"Not completed",
"FARUK ABDULLAHI",farukaabdullahi510@gmail.com,Completed,"2026-08-25 20:57:41",Completed,"2026-08-25 20:56:08",Completed,"2026-08-25 21:01:51",Completed,"2026-08-25 20:56:14",Completed,"2026-08-25 20:56:15",Completed,"2026-08-25 20:56:16",Completed,"2026-08-25 20:56:18",Completed,"2026-08-25 20:56:19",Completed,"2026-08-25 20:56:20",Completed,"2026-08-25 20:56:21",Completed,"2026-08-26 07:00:52",Completed,"2026-08-25 20:56:59",Completed,"2026-08-26 07:19:04",Completed,"2026-08-25 20:57:27",Completed,"2026-08-26 21:33:24","Completed (achieved pass grade)","2026-08-26 07:26:48",Completed,"2026-08-25 20:57:38",Completed,"2026-08-25 21:07:25",Completed,"2026-08-26 06:48:37",Completed,"2026-08-26 20:34:18",Completed,"2026-08-26 06:54:05",Completed,"2026-08-26 20:47:11",Completed,"2026-08-26 21:41:54",Completed,"2026-08-26 06:59:56",Completed,"2026-08-26 21:03:06",Completed,"2026-08-26 07:05:04",Completed,"2026-08-26 21:09:02",Completed,"2026-08-26 07:09:11",Completed,"2026-08-26 21:19:18",Completed,"2026-08-26 07:12:25",Completed,"2026-08-26 21:24:53",Completed,"2026-08-26 07:15:49",Completed,"2026-08-26 21:29:12"
"IBRAHIM ABDULLAHI",ibrahimabdullahi4792@gmail.com,Completed,"2026-09-08 00:09:04",Completed,"2026-09-08 00:17:17",Completed,"2026-09-08 10:41:05",Completed,"2026-09-08 10:47:04",Completed,"2026-09-08 11:23:30",Completed,"2026-09-08 11:45:58",Completed,"2026-09-08 11:55:44",Completed,"2026-09-08 12:02:46",Completed,"2026-09-08 12:05:05",Completed,"2026-09-08 12:16:48","Not completed",,"Not completed",,"Not completed",,"Not completed",,"Not completed",,"Not completed",,"Not completed",,Completed,"2026-09-09 11:40:26",Completed,"2026-09-09 11:46:25",Completed,"2026-09-09 11:59:02",Completed,"2026-09-09 12:06:32",Completed,"2026-09-10 01:52:45",Completed,"2026-09-09 13:00:19",Completed,"2026-09-10 02:12:07",Completed,"2026-09-10 02:22:49",Completed,"2026-09-10 02:33:45",Completed,"2026-09-10 02:39:39","Not completed",,"Not completed",,"Not completed",,"Not completed",,"Not completed",,"Not completed",
"IDRISS ABDULLAHI",idrissabdullahi241@gmail.com,Completed,"2026-08-14 01:18:08",Completed,"2026-08-14 01:18:19",Completed,"2026-08-19 15:36:47",Completed,"2026-08-19 11:50:37",Completed,"2026-08-19 11:51:12",Completed,"2026-08-19 11:51:47",Completed,"2026-08-19 11:52:09",Completed,"2026-08-19 11:52:32",Completed,"2026-08-19 11:52:42",Completed,"2026-08-19 11:54:42",Completed,"2026-08-19 15:13:22",Completed,"2026-08-19 15:14:58",Completed,"2026-08-19 15:17:36",Completed,"2026-08-19 15:37:19",Completed,"2026-08-19 15:59:14","Completed (achieved pass grade)","2026-08-19 15:31:24",Completed,"2026-08-19 15:18:05",Completed,"2026-08-19 11:59:07",Completed,"2026-08-19 12:02:31",Completed,"2026-08-19 12:19:30",Completed,"2026-08-19 12:28:31",Completed,"2026-08-19 12:42:22",Completed,"2026-08-19 12:54:27",Completed,"2026-08-19 13:46:26",Completed,"2026-08-19 14:08:47",Completed,"2026-08-19 14:15:43",Completed,"2026-08-19 14:20:26",Completed,"2026-08-19 14:27:14",Completed,"2026-08-19 14:31:41",Completed,"2026-08-19 14:38:27",Completed,"2026-08-19 14:46:49",Completed,"2026-08-19 14:53:57",Completed,"2026-08-19 15:06:31"
"IDRISS ABDULLAHI",idrissabdull@gmail.com,Completed,"2026-09-15 11:45:19",Completed,"2026-09-15 11:45:31",Completed,"2026-09-15 12:42:22",Completed,"2026-09-15 11:47:28",Completed,"2026-09-15 11:47:39",Completed,"2026-09-15 11:47:52",Completed,"2026-09-15 11:48:02",Completed,"2026-09-15 11:48:10",Completed,"2026-09-15 11:48:16",Completed,"2026-09-15 11:48:25",Completed,"2026-09-15 12:10:09",Completed,"2026-09-15 12:18:57",Completed,"2026-09-15 12:30:11",Completed,"2026-09-15 12:30:25",Completed,"2026-09-15 19:07:38","Completed (achieved pass grade)","2026-09-15 12:38:25",Completed,"2026-09-15 12:39:08",Completed,"2026-09-15 11:51:24",Completed,"2026-09-15 11:53:55",Completed,"2026-09-15 12:54:01",Completed,"2026-09-15 12:00:44",Completed,"2026-09-15 13:11:52",Completed,"2026-09-15 12:40:01",Completed,"2026-09-15 12:09:19",Completed,"2026-09-15 14:09:45",Completed,"2026-09-15 12:13:51",Completed,"2026-09-15 14:52:18",Completed,"2026-09-15 12:24:07",Completed,"2026-09-15 15:24:27",Completed,"2026-09-15 12:22:13",Completed,"2026-09-15 16:37:16",Completed,"2026-09-15 12:26:27",Completed,"2026-09-15 17:59:50"
"IDRISS ABDULLAHI",idrissabdull1994@gmail.com,Completed,"2026-09-17 13:35:05",Completed,"2026-09-17 13:35:11",Completed,"2026-09-17 13:36:07",Completed,"2026-09-17 13:36:47",Completed,"2026-09-17 13:36:51",Completed,"2026-09-17 13:36:54",Completed,"2026-09-17 13:36:59",Completed,"2026-09-17 13:37:03",Completed,"2026-09-17 13:37:11",Completed,"2026-09-17 13:37:15",Completed,"2026-09-17 17:22:52",Completed,"2026-09-18 12:09:57",Completed,"2026-09-17 14:18:09",Completed,"2026-09-17 13:38:06",Completed,"2026-09-18 10:42:59","Completed (achieved pass grade)","2026-09-17 14:24:45",Completed,"2026-09-17 13:38:22",Completed,"2026-09-17 13:57:21",Completed,"2026-09-17 13:59:59",Completed,"2026-09-17 15:13:33",Completed,"2026-09-17 14:05:26",Completed,"2026-09-17 17:12:18",Completed,"2026-09-17 14:25:44",Completed,"2026-09-17 14:09:07",Completed,"2026-09-17 17:39:14",Completed,"2026-09-17 14:10:56",Completed,"2026-09-17 18:18:00",Completed,"2026-09-17 14:12:51",Completed,"2026-09-18 10:35:39",Completed,"2026-09-17 14:14:54",Completed,"2026-09-18 11:30:24",Completed,"2026-09-17 14:16:35",Completed,"2026-09-18 11:42:26"
"MUHAMMAD ABDULLAHI",muhammadabdullahi9082@gmail.com,Completed,"2026-09-16 05:40:37",Completed,"2026-09-05 14:23:03",Completed,"2026-09-05 14:56:20",Completed,"2026-09-05 14:23:07",Completed,"2026-09-05 14:23:08",Completed,"2026-09-05 14:23:09",Completed,"2026-09-05 14:23:15",Completed,"2026-09-05 14:23:15",Completed,"2026-09-05 14:23:15",Completed,"2026-09-05 14:23:15",Completed,"2026-09-16 14:27:59",Completed,"2026-09-05 14:23:48",Completed,"2026-09-16 14:55:18",Completed,"2026-09-05 14:24:04",Completed,"2026-09-16 15:05:21","Not completed","1970-01-01 01:00:00",Completed,"2026-09-05 14:24:07",Completed,"2026-09-16 14:01:29",Completed,"2026-09-16 14:06:12",Completed,"2026-09-16 14:11:05",Completed,"2026-09-16 14:15:46",Completed,"2026-09-16 14:17:51",Completed,"2026-09-16 15:15:58",Completed,"2026-09-16 14:22:31",Completed,"2026-09-16 14:26:42",Completed,"2026-09-16 14:29:29",Completed,"2026-09-16 14:33:23",Completed,"2026-09-16 14:35:58",Completed,"2026-09-16 14:37:58",Completed,"2026-09-16 14:39:40",Completed,"2026-09-16 14:40:34",Completed,"2026-09-16 14:45:55",Completed,"2026-09-16 14:47:17"
"MUHAMMAD ABDULLAHI",muhammadghaliabdullahi0@gmail.com,Completed,"2026-09-02 09:50:32",Completed,"2026-09-01 07:42:12",Completed,"2026-09-02 09:46:37",Completed,"2026-09-01 07:42:36",Completed,"2026-09-01 07:42:39",Completed,"2026-09-02 09:56:00",Completed,"2026-09-02 10:02:33",Completed,"2026-09-02 10:04:52",Completed,"2026-09-02 10:07:25",Completed,"2026-09-02 10:07:54",Completed,"2026-09-18 11:17:03",Completed,"2026-09-02 10:21:22","Not completed",,"Not completed",,"Not completed",,"Not completed",,"Not completed",,Completed,"2026-09-04 18:20:13",Completed,"2026-09-02 10:13:19",Completed,"2026-09-08 22:45:31",Completed,"2026-09-08 22:56:26",Completed,"2026-09-11 11:30:28","Not completed",,Completed,"2026-09-11 11:53:42",Completed,"2026-09-11 12:00:10",Completed,"2026-09-18 11:45:56","Not completed","1970-01-01 01:00:00","Not completed",,"Not completed",,"Not completed",,"Not completed",,"Not completed",,"Not completed",
"NASURU ABDULLAHI",nasirtukurabdullahi13@gmail.com,Completed,"2026-09-03 14:23:27",Completed,"2026-08-28 09:54:01",Completed,"2026-08-28 09:59:11",Completed,"2026-08-28 09:59:53",Completed,"2026-08-28 09:59:54",Completed,"2026-08-28 09:59:55",Completed,"2026-08-28 09:59:56",Completed,"2026-08-28 09:59:57",Completed,"2026-08-28 09:59:58",Completed,"2026-08-28 10:00:00",Completed,"2026-08-28 12:26:17",Completed,"2026-08-28 10:00:38",Completed,"2026-09-03 14:13:03",Completed,"2026-08-28 10:00:55",Completed,"2026-09-03 14:15:31","Completed (achieved pass grade)","2026-09-03 14:22:44",Completed,"2026-08-28 10:00:59",Completed,"2026-08-28 10:15:50",Completed,"2026-08-28 10:30:46",Completed,"2026-08-28 10:35:04",Completed,"2026-08-28 10:43:07",Completed,"2026-08-28 11:11:56",Completed,"2026-08-28 11:15:51",Completed,"2026-08-28 11:52:52",Completed,"2026-08-28 11:57:21",Completed,"2026-08-28 12:04:14",Completed,"2026-08-28 12:07:44",Completed,"2026-08-28 12:30:14",Completed,"2026-09-03 13:46:35",Completed,"2026-08-28 12:39:01",Completed,"2026-09-03 14:04:58",Completed,"2026-09-03 13:57:41",Completed,"2026-09-03 14:08:23"
"NURA ABDULLAHI",adahamanura@gmail.com,Completed,"2026-09-06 00:37:24",Completed,"2026-07-03 00:29:01",Completed,"2026-07-03 00:31:54",Completed,"2026-08-19 01:33:01",Completed,"2026-08-19 01:33:03",Completed,"2026-08-19 01:33:05",Completed,"2026-08-19 01:33:18",Completed,"2026-08-19 01:33:20",Completed,"2026-08-19 01:33:22",Completed,"2026-08-19 01:33:23",Completed,"2026-08-21 18:05:01",Completed,"2026-09-05 23:57:52",Completed,"2026-09-05 22:43:43",Completed,"2026-09-05 23:58:48",Completed,"2026-09-05 23:41:25","Not completed","1970-01-01 01:00:00",Completed,"2026-09-06 00:01:31",Completed,"2026-07-03 00:39:06",Completed,"2026-07-03 00:44:15","Not completed","1970-01-01 01:00:00",Completed,"2026-08-19 01:38:32",Completed,"2026-08-19 01:53:30",Completed,"2026-09-06 00:07:26",Completed,"2026-09-06 00:17:29",Completed,"2026-09-06 00:29:27",Completed,"2026-08-21 18:10:44",Completed,"2026-09-06 00:38:14",Completed,"2026-08-21 18:38:43",Completed,"2026-09-06 01:02:08",Completed,"2026-08-21 18:42:14",Completed,"2026-08-21 20:23:02",Completed,"2026-09-06 01:10:33",Completed,"2026-09-06 01:23:38"
"NURUDDEEN ABDULLAHI",Muhammadnoordeen834@gmail.com,Completed,"2026-08-28 02:10:37",Completed,"2026-08-28 02:12:19",Completed,"2026-08-28 02:28:14",Completed,"2026-08-28 02:12:36",Completed,"2026-08-28 02:12:52",Completed,"2026-08-28 02:13:00",Completed,"2026-08-28 02:13:08",Completed,"2026-08-28 02:13:18",Completed,"2026-08-28 02:13:29",Completed,"2026-08-28 02:13:40",Completed,"2026-08-28 02:10:12",Completed,"2026-08-28 02:09:26",Completed,"2026-08-28 02:54:29",Completed,"2026-08-28 02:07:12",Completed,"2026-08-28 04:46:00","Completed (achieved pass grade)","2026-08-28 03:00:48",Completed,"2026-08-28 02:06:53",Completed,"2026-08-28 02:31:36",Completed,"2026-08-28 02:19:20",Completed,"2026-08-28 03:12:47",Completed,"2026-08-28 02:25:19",Completed,"2026-08-28 03:55:04",Completed,"2026-08-28 02:06:32",Completed,"2026-08-28 02:37:41",Completed,"2026-08-28 04:07:41",Completed,"2026-08-28 02:40:59",Completed,"2026-08-28 04:14:51",Completed,"2026-08-28 02:44:54",Completed,"2026-08-28 04:24:14",Completed,"2026-08-28 02:48:29",Completed,"2026-08-28 04:31:09",Completed,"2026-08-28 02:51:59",Completed,"2026-08-28 04:36:42"
"SAID ABDULLAHI",saidalhassan5927@gmail.com,"Not completed",,Completed,"2026-09-04 16:16:45","Not completed",,Completed,"2026-09-04 16:16:53",Completed,"2026-09-04 16:16:54",Completed,"2026-09-04 16:16:55",Completed,"2026-09-04 16:16:57",Completed,"2026-09-04 16:16:56",Completed,"2026-09-04 16:16:58",Completed,"2026-09-04 16:16:59","Not completed",,Completed,"2026-09-04 16:17:31","Not completed",,"Not completed",,"Not completed",,"Not completed",,Completed,"2026-09-04 16:17:48","Not completed",,"Not completed",,"Not completed",,"Not completed",,"Not completed",,"Not completed",,"Not completed","1970-01-01 01:00:00","Not completed",,"Not completed",,"Not completed",,"Not completed",,"Not completed",,"Not completed",,"Not completed",,"Not completed",,"Not completed",
"SANI ABDULLAHI",saniabdullahi2492@gmail.com,Completed,"2026-09-09 21:31:15",Completed,"2026-09-04 17:14:50",Completed,"2026-09-04 17:20:39",Completed,"2026-09-04 17:16:06",Completed,"2026-09-04 17:16:07",Completed,"2026-09-04 17:16:07",Completed,"2026-09-04 17:16:09",Completed,"2026-09-04 17:16:09",Completed,"2026-09-04 17:16:12",Completed,"2026-09-04 17:16:13",Completed,"2026-09-07 17:01:49",Completed,"2026-09-04 17:16:40",Completed,"2026-09-07 16:57:26",Completed,"2026-09-06 15:08:17",Completed,"2026-09-10 10:07:46","Not completed","1970-01-01 01:00:00",Completed,"2026-09-09 23:17:51",Completed,"2026-09-04 17:24:59",Completed,"2026-09-06 14:26:19",Completed,"2026-09-06 14:36:42",Completed,"2026-09-06 14:44:14",Completed,"2026-09-06 15:05:16",Completed,"2026-09-10 10:17:44",Completed,"2026-09-09 21:52:42",Completed,"2026-09-09 22:06:23",Completed,"2026-09-09 22:17:18",Completed,"2026-09-09 22:26:47",Completed,"2026-09-09 22:36:03",Completed,"2026-09-09 22:48:07",Completed,"2026-09-09 22:54:50",Completed,"2026-09-09 23:13:13",Completed,"2026-09-07 16:59:56",Completed,"2026-09-09 23:03:03"
"USMAN ABDULLAHI",usmanaminuabdullahi266@gmail.com,Completed,"2026-09-11 11:40:43",Completed,"2026-09-11 11:29:58","Not completed","1970-01-01 01:00:00",Completed,"2026-09-11 11:41:48",Completed,"2026-09-11 11:42:07",Completed,"2026-09-11 11:42:23",Completed,"2026-09-11 11:42:34",Completed,"2026-09-11 11:42:50",Completed,"2026-09-11 11:43:16",Completed,"2026-09-11 11:44:19","Not completed",,"Not completed",,"Not completed","1970-01-01 01:00:00",Completed,"2026-09-11 11:48:01","Not completed",,"Not completed",,Completed,"2026-09-11 11:49:21","Not completed",,"Not completed",,"Not completed","1970-01-01 01:00:00","Not completed",,"Not completed","1970-01-01 01:00:00","Not completed",,"Not completed",,"Not completed",,"Not completed",,"Not completed",,"Not completed",,"Not completed",,"Not completed",,"Not completed",,"Not completed",,"Not completed",
"UMAR ABDULMAJEED",umarabdulmajeed07@gmail.com,Completed,"2026-09-11 21:59:06",Completed,"2026-09-11 21:57:44","Not completed",,Completed,"2026-09-11 21:57:54",Completed,"2026-09-11 21:57:54",Completed,"2026-09-11 21:57:55",Completed,"2026-09-11 21:57:56",Completed,"2026-09-11 21:57:56",Completed,"2026-09-11 21:57:57",Completed,"2026-09-11 21:57:58","Not completed",,Completed,"2026-09-11 21:58:33","Not completed",,Completed,"2026-09-11 21:59:03","Not completed",,"Not completed",,Completed,"2026-09-11 21:59:10","Not completed",,"Not completed",,"Not completed",,"Not completed",,"Not completed",,"Not completed",,"Not completed",,"Not completed",,"Not completed",,"Not completed",,"Not completed",,"Not completed",,"Not completed",,"Not completed",,"Not completed",,"Not completed",
"ABDULGANIYU ABDULMARUF",abdulganiyuabdulmaruf@gmail.com,Completed,"2026-08-31 20:36:49",Completed,"2026-08-26 21:33:53",Completed,"2026-08-26 21:36:54",Completed,"2026-08-27 06:58:53",Completed,"2026-08-27 07:33:58",Completed,"2026-08-27 07:41:17",Completed,"2026-08-27 07:51:15",Completed,"2026-08-27 07:57:58",Completed,"2026-08-27 08:05:48",Completed,"2026-08-27 08:13:32",Completed,"2026-09-01 17:03:16",Completed,"2026-08-29 18:52:11",Completed,"2026-08-30 17:24:56",Completed,"2026-08-30 17:29:42",Completed,"2026-08-31 20:06:28","Completed (achieved pass grade)","2026-08-30 20:08:12",Completed,"2026-08-31 20:21:35",Completed,"2026-08-27 08:19:00",Completed,"2026-08-28 18:19:16",Completed,"2026-08-28 20:59:49",Completed,"2026-08-29 13:48:37",Completed,"2026-08-29 15:26:17",Completed,"2026-08-31 20:35:37",Completed,"2026-08-29 16:59:17",Completed,"2026-08-29 17:35:02",Completed,"2026-08-29 18:03:56",Completed,"2026-08-29 18:24:42",Completed,"2026-08-29 19:02:04",Completed,"2026-08-30 11:19:45",Completed,"2026-08-30 13:47:04",Completed,"2026-08-30 15:44:05",Completed,"2026-08-30 16:32:18",Completed,"2026-08-30 17:16:04"
"MUSTAPHA ABDULRAHMAN",alkanawizango0011@gmail.com,Completed,"2026-09-08 18:41:03",Completed,"2026-09-08 19:04:39",Completed,"2026-09-08 19:52:36",Completed,"2026-09-09 07:15:56",Completed,"2026-09-09 07:20:26",Completed,"2026-09-09 07:32:50",Completed,"2026-09-09 07:33:04",Completed,"2026-09-09 07:33:09",Completed,"2026-09-09 07:33:18",Completed,"2026-09-09 07:33:25",Completed,"2026-09-09 14:04:24",Completed,"2026-09-09 18:56:00",Completed,"2026-09-09 19:01:03",Completed,"2026-09-09 19:01:15",Completed,"2026-09-09 19:03:24","Completed (achieved pass grade)","2026-09-09 19:30:48",Completed,"2026-09-09 19:31:07",Completed,"2026-09-09 07:38:48",Completed,"2026-09-09 10:49:54",Completed,"2026-09-09 10:59:24",Completed,"2026-09-09 12:04:37",Completed,"2026-09-09 12:05:46",Completed,"2026-09-09 12:34:53",Completed,"2026-09-09 12:49:40",Completed,"2026-09-09 12:54:32",Completed,"2026-09-09 14:11:22",Completed,"2026-09-09 14:13:10",Completed,"2026-09-09 13:16:25",Completed,"2026-09-09 17:45:12",Completed,"2026-09-09 18:37:38",Completed,"2026-09-09 18:38:14",Completed,"2026-09-09 13:22:43",Completed,"2026-09-09 13:24:47"
"WALID ABDULRAHMAN",abdulrahmanwalid293@gmail.com,Completed,"2026-06-14 16:25:55",Completed,"2026-06-14 16:26:55",Completed,"2026-06-14 16:31:35",Completed,"2026-06-14 16:33:09",Completed,"2026-06-14 16:34:59",Completed,"2026-06-14 16:37:42",Completed,"2026-06-14 16:38:16",Completed,"2026-06-14 16:39:41",Completed,"2026-06-14 16:39:42",Completed,"2026-06-14 16:39:44",Completed,"2026-06-17 11:50:18",Completed,"2026-06-16 08:49:54",Completed,"2026-06-17 17:09:41",Completed,"2026-06-17 15:33:25",Completed,"2026-06-17 17:45:54","Completed (achieved pass grade)","2026-07-05 09:40:28",Completed,"2026-06-17 17:52:37",Completed,"2026-06-14 16:44:03",Completed,"2026-06-14 16:46:50",Completed,"2026-06-14 17:30:57",Completed,"2026-06-14 17:14:09",Completed,"2026-06-14 17:28:28",Completed,"2026-06-14 17:30:23",Completed,"2026-06-14 17:36:00",Completed,"2026-06-14 17:40:14",Completed,"2026-06-14 17:43:13",Completed,"2026-06-17 12:38:27",Completed,"2026-06-17 14:33:54",Completed,"2026-06-17 14:52:02",Completed,"2026-06-17 14:55:08",Completed,"2026-06-17 15:31:40",Completed,"2026-06-17 16:30:20",Completed,"2026-06-17 17:05:03"
"YUSUF ABDULRAZAK",abdulrazakyusuf900@gmail.com,Completed,"2026-06-14 21:57:14",Completed,"2026-06-07 20:26:38",Completed,"2026-06-07 20:28:18",Completed,"2026-06-07 20:31:57",Completed,"2026-06-07 20:31:39",Completed,"2026-06-07 20:31:40",Completed,"2026-06-07 20:31:41",Completed,"2026-06-07 20:31:42",Completed,"2026-06-07 20:31:43",Completed,"2026-06-07 20:31:44",Completed,"2026-06-07 21:42:08",Completed,"2026-06-07 21:40:01",Completed,"2026-06-14 21:12:14",Completed,"2026-06-07 21:40:15",Completed,"2026-06-14 21:31:59","Completed (achieved pass grade)","2026-07-05 09:40:27",Completed,"2026-06-14 21:52:15",Completed,"2026-06-07 21:17:14",Completed,"2026-06-07 21:36:08",Completed,"2026-06-14 17:28:04",Completed,"2026-06-14 17:56:24",Completed,"2026-06-14 18:20:04",Completed,"2026-06-14 21:48:57",Completed,"2026-06-14 18:27:41",Completed,"2026-06-14 18:52:44",Completed,"2026-06-14 18:56:04",Completed,"2026-06-14 20:26:31",Completed,"2026-06-14 20:29:05",Completed,"2026-06-14 20:35:45",Completed,"2026-06-14 20:39:59",Completed,"2026-06-14 20:59:08",Completed,"2026-06-14 21:01:53",Completed,"2026-06-14 21:10:14"
"HUZAIFA ABDULWAHAB",abdulwahabhuzaifa41@gmail.com,Completed,"2026-09-21 15:18:24",Completed,"2026-09-21 15:19:17","Not completed","1970-01-01 01:00:00",Completed,"2026-09-21 23:42:53",Completed,"2026-09-21 23:43:22",Completed,"2026-09-21 23:44:13",Completed,"2026-09-21 23:45:04",Completed,"2026-09-21 23:45:37",Completed,"2026-09-21 23:45:59",Completed,"2026-09-21 23:46:21","Not completed",,"Not completed",,"Not completed","1970-01-01 01:00:00","Not completed",,"Not completed",,"Not completed",,"Not completed",,Completed,"2026-09-23 09:27:39",Completed,"2026-09-22 11:46:31",Completed,"2026-09-23 09:15:53",Completed,"2026-09-22 12:57:06",Completed,"2026-09-23 13:21:48","Not completed",,Completed,"2026-09-22 12:09:21",Completed,"2026-09-23 14:29:25",Completed,"2026-09-22 13:29:02",Completed,"2026-09-23 14:55:29",Completed,"2026-09-23 08:21:28",Completed,"2026-09-24 14:36:18",Completed,"2026-09-23 08:26:04","Not completed","1970-01-01 01:00:00",Completed,"2026-09-23 08:31:29","Not completed",
"HABIB ABDULWAHEED",Alwayzbee@gmail.com,"Not completed",,"Not completed",,"Not completed",,"Not completed",,"Not completed",,"Not completed",,"Not completed",,"Not completed",,"Not completed",,"Not completed",,"Not completed",,"Not completed",,"Not completed",,"Not completed",,"Not completed",,"Not completed",,"Not completed",,"Not completed",,"Not completed",,"Not completed",,"Not completed",,"Not completed",,"Not completed",,"Not completed",,"Not completed",,"Not completed",,"Not completed",,"Not completed",,"Not completed",,"Not completed",,"Not completed",,"Not completed",,"Not completed",
"SADIQ ABDURASHEED",sadiqabello0@gmail.com,Completed,"2026-08-17 15:41:57",Completed,"2026-08-17 15:43:05",Completed,"2026-08-17 15:48:10",Completed,"2026-08-17 15:53:01","Not completed","2026-09-09 09:29:38","Not completed",,"Not completed",,"Not completed",,"Not completed",,"Not completed",,"Not completed",,"Not completed",,"Not completed",,"Not completed",,"Not completed",,"Not completed",,"Not completed",,"Not completed",,"Not completed",,"Not completed",,"Not completed",,"Not completed",,"Not completed",,"Not completed",,"Not completed",,"Not completed",,"Not completed",,"Not completed",,"Not completed",,"Not completed",,"Not completed",,"Not completed",,"Not completed",
"OLAOLUWA ABIODUN",olaoluwaabiodun57@gmail.com,Completed,"2026-06-28 12:35:53",Completed,"2026-06-28 12:36:01",Completed,"2026-06-28 12:39:37",Completed,"2026-06-28 12:40:53",Completed,"2026-06-28 12:40:55",Completed,"2026-06-28 12:40:56",Completed,"2026-06-28 12:40:58",Completed,"2026-06-28 12:41:00",Completed,"2026-06-28 12:41:02",Completed,"2026-06-28 12:41:05",Completed,"2026-06-28 15:31:54",Completed,"2026-06-28 17:05:42",Completed,"2026-06-28 16:12:52",Completed,"2026-06-28 16:17:35",Completed,"2026-06-28 16:14:57","Completed (achieved pass grade)","2026-07-05 09:40:28",Completed,"2026-06-28 16:17:26",Completed,"2026-06-28 13:04:58",Completed,"2026-06-28 13:15:35",Completed,"2026-06-28 13:30:44",Completed,"2026-06-28 13:36:08",Completed,"2026-06-28 13:37:53",Completed,"2026-06-28 13:39:38",Completed,"2026-06-28 14:00:37",Completed,"2026-06-28 15:47:22",Completed,"2026-06-28 15:36:08",Completed,"2026-06-28 15:41:01",Completed,"2026-06-28 15:53:07",Completed,"2026-06-28 15:54:23",Completed,"2026-06-28 16:01:21",Completed,"2026-06-28 16:02:39",Completed,"2026-06-28 16:09:08",Completed,"2026-06-28 16:10:46"
"JOSHUA ABIOLA",joshua.abiola98@gmail.com,Completed,"2026-08-21 07:59:45",Completed,"2026-08-21 08:00:09",Completed,"2026-08-21 08:04:58",Completed,"2026-08-21 09:53:42",Completed,"2026-08-21 10:00:03",Completed,"2026-08-21 10:22:48",Completed,"2026-08-21 10:27:28",Completed,"2026-09-14 08:12:01",Completed,"2026-09-14 08:17:19",Completed,"2026-09-14 08:19:57","Not completed",,"Not completed",,"Not completed",,"Not completed",,"Not completed",,"Not completed",,"Not completed",,Completed,"2026-09-14 08:27:17","Not completed","1970-01-01 01:00:00","Not completed",,"Not completed",,"Not completed",,"Not completed",,"Not completed",,"Not completed",,"Not completed",,"Not completed",,"Not completed",,"Not completed",,"Not completed",,"Not completed",,"Not completed",,"Not completed",
"COMFORT ABIOYE",comfortabioye888@gmail.com,Completed,"2026-09-24 11:33:16",Completed,"2026-09-09 16:18:38",Completed,"2026-09-18 10:32:35",Completed,"2026-09-15 09:50:49",Completed,"2026-09-18 10:38:50",Completed,"2026-09-15 09:59:19",Completed,"2026-09-15 09:59:48",Completed,"2026-09-15 10:00:16",Completed,"2026-09-15 10:00:35",Completed,"2026-09-18 10:39:27",Completed,"2026-09-18 12:45:21",Completed,"2026-09-18 12:45:51","Not completed","1970-01-01 01:00:00",Completed,"2026-09-18 12:46:09","Not completed",,"Not completed",,Completed,"2026-09-18 12:46:19",Completed,"2026-09-18 10:44:29",Completed,"2026-09-18 10:47:12",Completed,"2026-09-18 11:05:42",Completed,"2026-09-18 11:16:12",Completed,"2026-09-18 11:29:17",Completed,"2026-09-18 12:36:44",Completed,"2026-09-18 12:40:03",Completed,"2026-09-18 12:51:45",Completed,"2026-09-18 13:00:27",Completed,"2026-09-23 15:51:11",Completed,"2026-09-23 16:08:08",Completed,"2026-09-24 11:59:49",Completed,"2026-09-23 16:20:21",Completed,"2026-09-24 12:23:55",Completed,"2026-09-24 12:42:16",Completed,"2026-09-24 13:00:39"
"UMAR ABU-SAFYAN",umarabusufyanyusuf@gmail.com,Completed,"2026-09-20 13:39:11",Completed,"2026-09-20 13:39:24",Completed,"2026-09-20 13:41:47",Completed,"2026-09-20 13:42:40",Completed,"2026-09-20 13:42:45",Completed,"2026-09-20 13:42:50",Completed,"2026-09-20 13:42:53",Completed,"2026-09-20 13:42:56",Completed,"2026-09-20 13:43:00",Completed,"2026-09-20 13:43:04","Not completed",,"Not completed",,"Not completed",,"Not completed",,"Not completed",,"Not completed",,"Not completed",,Completed,"2026-09-20 13:49:25",Completed,"2026-09-20 13:54:36",Completed,"2026-09-21 06:10:42",Completed,"2026-09-21 06:22:33",Completed,"2026-09-21 06:38:52","Not completed",,Completed,"2026-09-23 11:53:50","Not completed","1970-01-01 01:00:00","Not completed",,"Not completed",,"Not completed",,"Not completed",,"Not completed",,"Not completed",,"Not completed",,"Not completed",
"ABDULBASID ABUBAKAR",abdulbasida816@gmail.com,Completed,"2026-06-13 19:21:02",Completed,"2026-06-13 19:22:12",Completed,"2026-06-13 19:26:28",Completed,"2026-06-13 19:34:23",Completed,"2026-06-13 19:40:23",Completed,"2026-06-13 19:48:08",Completed,"2026-06-13 19:51:56",Completed,"2026-06-14 16:28:35",Completed,"2026-06-14 16:38:37",Completed,"2026-06-14 16:50:31",Completed,"2026-06-23 12:41:28",Completed,"2026-06-23 13:13:16",Completed,"2026-07-01 12:53:57",Completed,"2026-07-01 12:56:32",Completed,"2026-07-30 12:55:04","Completed (achieved pass grade)","2026-07-05 09:40:28",Completed,"2026-07-01 12:50:18",Completed,"2026-06-14 16:51:38",Completed,"2026-06-18 19:24:29",Completed,"2026-06-18 19:37:33",Completed,"2026-06-18 19:42:46",Completed,"2026-06-18 19:50:03",Completed,"2026-06-18 19:51:38",Completed,"2026-06-19 19:35:31",Completed,"2026-06-19 19:54:18",Completed,"2026-06-23 12:43:40",Completed,"2026-07-16 13:56:08",Completed,"2026-06-23 12:50:23",Completed,"2026-07-20 19:31:24",Completed,"2026-06-23 12:56:05",Completed,"2026-07-22 12:36:45",Completed,"2026-06-23 13:00:35",Completed,"2026-07-22 12:52:39"
"ABDULRAHMAN ABUBAKAR",abdulpioneers@gmail.com,Completed,"2026-08-31 17:05:55",Completed,"2026-08-27 11:47:28",Completed,"2026-08-27 11:50:15",Completed,"2026-08-27 11:53:15",Completed,"2026-08-27 11:53:59",Completed,"2026-08-27 11:54:39",Completed,"2026-08-27 11:54:41",Completed,"2026-08-27 11:54:42",Completed,"2026-08-27 11:54:43",Completed,"2026-08-27 11:54:44",Completed,"2026-08-29 12:09:08",Completed,"2026-08-31 17:06:18",Completed,"2026-08-31 09:44:33",Completed,"2026-08-29 14:32:30",Completed,"2026-08-31 16:53:03","Completed (achieved pass grade)","2026-08-31 17:05:05",Completed,"2026-08-31 17:05:49",Completed,"2026-08-27 18:00:26",Completed,"2026-08-27 17:22:54",Completed,"2026-08-27 18:01:11",Completed,"2026-08-27 17:37:21",Completed,"2026-08-27 17:43:38",Completed,"2026-08-27 17:56:29",Completed,"2026-08-28 16:34:42",Completed,"2026-08-29 11:57:21",Completed,"2026-08-29 12:07:18",Completed,"2026-08-29 12:16:37",Completed,"2026-08-29 12:26:43",Completed,"2026-08-29 12:40:48",Completed,"2026-08-29 13:11:09",Completed,"2026-08-29 15:09:47",Completed,"2026-08-29 15:23:27",Completed,"2026-08-29 15:28:26"
"ABDURRAHMAN ABUBAKAR",abdurrahmansabit950@gmail.com,Completed,"2026-09-01 16:34:30",Completed,"2026-09-01 16:33:18",Completed,"2026-09-01 16:37:40",Completed,"2026-09-01 16:33:27",Completed,"2026-09-01 16:33:28",Completed,"2026-09-01 16:33:28",Completed,"2026-09-01 16:33:29",Completed,"2026-09-01 16:33:30",Completed,"2026-09-01 16:33:30",Completed,"2026-09-01 16:33:31",Completed,"2026-09-02 00:04:50",Completed,"2026-09-01 17:12:36",Completed,"2026-09-02 00:07:31",Completed,"2026-09-01 16:34:22",Completed,"2026-09-02 00:08:23","Completed (achieved pass grade)","2026-09-02 00:24:57",Completed,"2026-09-01 16:34:26",Completed,"2026-09-01 16:43:12",Completed,"2026-09-01 16:47:23",Completed,"2026-09-01 16:48:19",Completed,"2026-09-01 16:59:22",Completed,"2026-09-01 17:00:18",Completed,"2026-09-01 17:12:18",Completed,"2026-09-01 22:47:43",Completed,"2026-09-01 17:13:42",Completed,"2026-09-01 22:52:43",Completed,"2026-09-01 22:53:37",Completed,"2026-09-01 23:34:41",Completed,"2026-09-01 23:53:27",Completed,"2026-09-01 23:37:36",Completed,"2026-09-01 23:47:32",Completed,"2026-09-01 23:40:35",Completed,"2026-09-01 23:41:35"
"ABDUSSAMAD ABUBAKAR",saddiqa142@gmail.com,Completed,"2026-09-07 14:23:26",Completed,"2026-09-07 14:27:06",Completed,"2026-09-07 14:28:07",Completed,"2026-09-07 15:56:48",Completed,"2026-09-07 15:56:47",Completed,"2026-09-07 14:59:16",Completed,"2026-09-07 14:59:11",Completed,"2026-09-07 14:59:20",Completed,"2026-09-07 14:59:25",Completed,"2026-09-07 14:59:41",Completed,"2026-09-08 15:24:10",Completed,"2026-09-08 15:24:31",Completed,"2026-09-08 15:28:45",Completed,"2026-09-08 13:32:09",Completed,"2026-09-09 15:04:30","Completed (achieved pass grade)","2026-09-08 15:39:58",Completed,"2026-09-08 13:32:06",Completed,"2026-09-07 15:00:55",Completed,"2026-09-07 15:03:38",Completed,"2026-09-07 15:10:25",Completed,"2026-09-07 15:35:50",Completed,"2026-09-07 15:45:55",Completed,"2026-09-08 15:32:14",Completed,"2026-09-07 15:59:08",Completed,"2026-09-09 13:27:50",Completed,"2026-09-08 14:00:52",Completed,"2026-09-09 14:31:31",Completed,"2026-09-08 15:25:29",Completed,"2026-09-09 14:40:18",Completed,"2026-09-08 15:26:55",Completed,"2026-09-09 14:46:58",Completed,"2026-09-08 13:37:02",Completed,"2026-09-09 14:57:37"
"AISHA ABUBAKAR",ayshaabubakar2017@gmail.com,Completed,"2026-09-07 20:40:06",Completed,"2026-09-04 16:33:33",Completed,"2026-09-04 16:35:55",Completed,"2026-09-09 09:08:16",Completed,"2026-09-09 09:08:18",Completed,"2026-09-09 09:08:20",Completed,"2026-09-09 09:08:23",Completed,"2026-09-09 09:08:25",Completed,"2026-09-09 09:08:27",Completed,"2026-09-10 10:35:37",Completed,"2026-09-08 18:27:18",Completed,"2026-09-09 08:58:00",Completed,"2026-09-19 12:29:30",Completed,"2026-09-19 12:31:47","Not completed",,"Completed (achieved pass grade)","2026-09-19 12:45:33",Completed,"2026-09-19 12:50:14",Completed,"2026-09-09 09:13:17",Completed,"2026-09-06 11:58:36",Completed,"2026-09-21 13:33:22",Completed,"2026-09-06 12:22:02",Completed,"2026-09-21 16:22:35",Completed,"2026-09-19 12:55:22",Completed,"2026-09-08 18:32:44",Completed,"2026-09-26 10:22:18",Completed,"2026-09-09 08:44:27",Completed,"2026-09-27 13:01:37",Completed,"2026-09-19 10:31:39","Not completed","1970-01-01 01:00:00",Completed,"2026-09-19 12:04:03","Not completed",,Completed,"2026-09-19 12:27:08","Not completed","1970-01-01 01:00:00"
"AISHA ABUBAKAR",aishaabubakar0014@gmail.com,Completed,"2026-08-20 21:01:44",Completed,"2026-08-20 21:01:45",Completed,"2026-08-20 21:05:26",Completed,"2026-08-20 21:02:07",Completed,"2026-08-20 21:02:09",Completed,"2026-08-20 21:02:11",Completed,"2026-08-20 21:02:12",Completed,"2026-08-20 21:02:14",Completed,"2026-08-20 21:02:15",Completed,"2026-08-20 21:02:17",Completed,"2026-08-21 02:04:02",Completed,"2026-08-20 21:03:28",Completed,"2026-08-21 02:15:56",Completed,"2026-08-21 02:01:33",Completed,"2026-08-21 02:59:22","Completed (achieved pass grade)","2026-08-21 02:22:17",Completed,"2026-08-21 02:23:00",Completed,"2026-08-20 21:11:29",Completed,"2026-08-20 21:16:00",Completed,"2026-08-20 21:44:40",Completed,"2026-08-20 21:50:20",Completed,"2026-08-20 22:10:33",Completed,"2026-08-21 02:24:36",Completed,"2026-08-21 00:04:54",Completed,"2026-08-21 00:33:12",Completed,"2026-08-21 02:05:34",Completed,"2026-08-21 00:48:29",Completed,"2026-08-21 02:10:49",Completed,"2026-08-21 00:59:18",Completed,"2026-08-21 02:12:31",Completed,"2026-08-21 01:34:29",Completed,"2026-08-21 02:14:11",Completed,"2026-08-21 01:59:20"
"ALIYU ABUBAKAR",aliyuinuwa1996@gmail.com,Completed,"2026-09-23 15:02:57",Completed,"2026-09-23 15:03:48",Completed,"2026-09-23 15:19:18",Completed,"2026-09-23 15:04:38",Completed,"2026-09-23 15:05:59",Completed,"2026-09-23 15:06:56",Completed,"2026-09-23 15:07:47",Completed,"2026-09-23 15:08:39",Completed,"2026-09-23 15:09:29",Completed,"2026-09-23 15:10:30",Completed,"2026-09-23 20:29:44",Completed,"2026-09-23 16:17:56",Completed,"2026-09-23 19:27:43",Completed,"2026-09-23 15:11:21",Completed,"2026-09-23 19:08:25","Completed (achieved pass grade)","2026-09-23 18:52:24",Completed,"2026-09-23 15:12:11",Completed,"2026-09-23 15:29:45",Completed,"2026-09-23 15:37:04",Completed,"2026-09-23 15:41:53",Completed,"2026-09-23 19:58:09",Completed,"2026-09-23 23:21:23",Completed,"2026-09-23 18:59:30",Completed,"2026-09-23 20:20:32",Completed,"2026-09-24 08:17:34",Completed,"2026-09-23 20:44:33",Completed,"2026-09-24 08:59:27",Completed,"2026-09-23 22:48:03",Completed,"2026-09-24 14:19:14",Completed,"2026-09-23 20:55:13",Completed,"2026-09-24 14:33:56",Completed,"2026-09-23 19:46:13",Completed,"2026-09-23 19:29:28"
"AMINU ABUBAKAR",aminuibrahim231@gmail.com,Completed,"2026-09-24 14:53:46",Completed,"2026-09-14 23:17:18",Completed,"2026-09-15 13:37:15",Completed,"2026-09-14 23:18:27",Completed,"2026-09-14 23:17:48",Completed,"2026-09-14 23:17:49",Completed,"2026-09-14 23:17:50",Completed,"2026-09-14 23:17:51",Completed,"2026-09-14 23:17:52",Completed,"2026-09-14 23:17:53",Completed,"2026-09-15 14:35:31",Completed,"2026-09-17 15:35:56",Completed,"2026-09-17 15:20:52",Completed,"2026-09-14 23:19:23",Completed,"2026-09-17 16:14:28","Completed (achieved pass grade)","2026-09-17 15:33:15",Completed,"2026-09-17 16:11:41",Completed,"2026-09-15 13:53:46",Completed,"2026-09-15 13:58:25","Not completed","1970-01-01 01:00:00",Completed,"2026-09-15 14:06:45","Not completed","1970-01-01 01:00:00",Completed,"2026-09-17 16:11:13",Completed,"2026-09-15 14:16:37","Not completed","1970-01-01 01:00:00",Completed,"2026-09-15 14:40:21","Not completed","1970-01-01 01:00:00",Completed,"2026-09-17 15:41:12","Not completed","1970-01-01 01:00:00",Completed,"2026-09-17 15:45:53","Not completed","1970-01-01 01:00:00",Completed,"2026-09-17 15:13:52","Not completed","1970-01-01 01:00:00"
"AMINU ABUBAKAR",aminuahmadabubakar821@gmail.com,Completed,"2026-08-24 09:38:29",Completed,"2026-08-24 09:41:22",Completed,"2026-08-24 09:47:26",Completed,"2026-08-24 10:38:48",Completed,"2026-08-24 10:44:10",Completed,"2026-08-24 10:49:43",Completed,"2026-08-24 10:49:52",Completed,"2026-08-24 10:49:58",Completed,"2026-08-24 10:51:53",Completed,"2026-08-24 10:51:59",Completed,"2026-08-24 12:28:16",Completed,"2026-08-24 12:56:27",Completed,"2026-08-24 12:45:23",Completed,"2026-08-24 12:45:59",Completed,"2026-08-24 15:16:44","Completed (achieved pass grade)","2026-08-24 12:55:27",Completed,"2026-08-24 10:26:29",Completed,"2026-08-24 09:58:16",Completed,"2026-08-24 11:51:29",Completed,"2026-08-24 13:29:30",Completed,"2026-08-24 10:59:22",Completed,"2026-08-24 13:44:57",Completed,"2026-08-24 11:07:25",Completed,"2026-08-24 12:01:23",Completed,"2026-08-24 14:23:58",Completed,"2026-08-24 12:05:58",Completed,"2026-08-24 14:50:20",Completed,"2026-08-24 12:10:09",Completed,"2026-08-24 15:00:33",Completed,"2026-08-24 12:15:05",Completed,"2026-08-24 14:56:19",Completed,"2026-08-24 12:20:09",Completed,"2026-08-24 15:12:49"
"FATAHIYYA ABUBAKAR",fatahiyyanuhu11@gmail.com,Completed,"2026-09-18 20:41:10",Completed,"2026-09-18 20:40:43",Completed,"2026-09-19 07:25:36",Completed,"2026-09-18 20:42:26",Completed,"2026-09-18 20:42:22",Completed,"2026-09-20 20:40:59",Completed,"2026-09-18 20:43:11",Completed,"2026-09-18 20:43:13",Completed,"2026-09-18 20:43:14",Completed,"2026-09-18 20:43:16",Completed,"2026-09-20 10:58:54",Completed,"2026-09-18 20:44:17",Completed,"2026-09-20 21:14:47",Completed,"2026-09-18 20:45:03",Completed,"2026-09-20 20:38:27","Completed (achieved pass grade)","2026-09-20 21:31:52",Completed,"2026-09-18 20:45:13",Completed,"2026-09-19 07:19:52",Completed,"2026-09-19 07:31:19",Completed,"2026-09-19 07:49:00",Completed,"2026-09-19 07:39:18",Completed,"2026-09-19 17:56:37",Completed,"2026-09-20 20:55:33",Completed,"2026-09-19 18:39:36",Completed,"2026-09-20 10:49:03",Completed,"2026-09-20 11:05:14",Completed,"2026-09-20 18:48:06",Completed,"2026-09-20 18:59:09",Completed,"2026-09-20 19:09:57",Completed,"2026-09-20 19:22:11",Completed,"2026-09-20 19:36:10",Completed,"2026-09-20 21:05:05",Completed,"2026-09-20 20:27:02"
"HAMISU ABUBAKAR",muhdkhamis94@gmail.com,Completed,"2026-09-24 10:35:04",Completed,"2026-09-24 11:50:59",Completed,"2026-09-24 14:04:16",Completed,"2026-09-24 14:07:48",Completed,"2026-09-24 11:19:12",Completed,"2026-09-24 11:41:10",Completed,"2026-09-24 11:44:17",Completed,"2026-09-24 14:16:07",Completed,"2026-09-24 14:18:06",Completed,"2026-09-24 14:20:31","Not completed",,"Not completed",,"Not completed",,"Not completed",,"Not completed",,"Not completed",,"Not completed",,Completed,"2026-09-24 14:25:10",Completed,"2026-09-28 11:53:10","Not completed","1970-01-01 01:00:00","Not completed","1970-01-01 01:00:00","Not completed","1970-01-01 01:00:00","Not completed",,"Not completed",,"Not completed",,"Not completed",,"Not completed",,"Not completed",,"Not completed",,"Not completed",,"Not completed",,"Not completed",,"Not completed",
"HARUNA ABUBAKAR",harunasadiksalisu1234@gmail.com,Completed,"2026-09-24 13:25:33",Completed,"2026-09-24 13:26:40",Completed,"2026-09-22 14:44:38",Completed,"2026-09-24 13:29:49",Completed,"2026-09-24 13:30:24",Completed,"2026-09-24 13:30:54",Completed,"2026-09-24 13:31:31",Completed,"2026-09-24 13:32:13",Completed,"2026-09-22 15:03:42",Completed,"2026-09-22 14:59:10",Completed,"2026-09-24 15:12:15",Completed,"2026-09-22 14:59:56","Not completed",,Completed,"2026-09-22 15:04:32","Not completed",,"Not completed",,Completed,"2026-09-22 15:00:46",Completed,"2026-09-24 13:38:50",Completed,"2026-09-24 13:58:19",Completed,"2026-09-24 14:11:29",Completed,"2026-09-24 14:34:03",Completed,"2026-09-24 14:41:05","Not completed",,Completed,"2026-09-24 14:59:51",Completed,"2026-09-24 15:04:16",Completed,"2026-09-24 15:23:12",Completed,"2026-09-24 15:28:33",Completed,"2026-09-25 14:19:23",Completed,"2026-09-25 14:33:10",Completed,"2026-09-28 08:13:05","Not completed","1970-01-01 01:00:00","Not completed",,"Not completed",
"JAMEEL ABUBAKAR",mr.merriey@gmail.com,Completed,"2026-09-15 19:20:19",Completed,"2026-09-11 20:11:36",Completed,"2026-09-15 17:00:52",Completed,"2026-09-11 20:11:41",Completed,"2026-09-11 20:11:42",Completed,"2026-09-11 20:11:43",Completed,"2026-09-11 20:11:44",Completed,"2026-09-11 20:11:45",Completed,"2026-09-11 20:11:46",Completed,"2026-09-11 20:11:47",Completed,"2026-09-11 20:46:48",Completed,"2026-09-11 20:12:10",Completed,"2026-09-15 19:09:37",Completed,"2026-09-11 20:12:33",Completed,"2026-09-11 21:24:48","Completed (achieved pass grade)","2026-09-15 19:18:52",Completed,"2026-09-11 20:12:36",Completed,"2026-09-15 16:56:41",Completed,"2026-09-13 15:21:13",Completed,"2026-09-11 20:14:56",Completed,"2026-09-15 17:06:38",Completed,"2026-09-11 20:34:19",Completed,"2026-09-11 21:23:46",Completed,"2026-09-15 18:27:21",Completed,"2026-09-11 20:23:26",Completed,"2026-09-15 18:32:15",Completed,"2026-09-11 20:56:39",Completed,"2026-09-15 18:54:22",Completed,"2026-09-11 20:48:20",Completed,"2026-09-15 18:59:39",Completed,"2026-09-11 21:06:10",Completed,"2026-09-15 19:04:43",Completed,"2026-09-11 21:14:25"
"KHADIJA ABUBAKAR",khadijahausawa001@gmail.com,Completed,"2026-09-07 11:33:19",Completed,"2026-09-03 11:52:32",Completed,"2026-09-03 11:57:24",Completed,"2026-09-03 11:52:40",Completed,"2026-09-03 11:52:43",Completed,"2026-09-03 11:52:45",Completed,"2026-09-03 11:52:46",Completed,"2026-09-03 11:52:47",Completed,"2026-09-03 11:52:49",Completed,"2026-09-03 11:52:50","Not completed",,Completed,"2026-09-03 11:53:08",Completed,"2026-09-07 11:24:31",Completed,"2026-09-03 11:53:23","Not completed",,"Completed (achieved pass grade)","2026-09-07 10:35:01",Completed,"2026-09-03 11:53:30",Completed,"2026-09-03 12:10:55",Completed,"2026-09-07 10:40:39","Not completed","1970-01-01 01:00:00",Completed,"2026-09-07 11:12:41","Not completed",,Completed,"2026-09-03 12:26:26","Not completed",,"Not completed","1970-01-01 01:00:00","Not completed","1970-01-01 01:00:00","Not completed",,"Not completed","1970-01-01 01:00:00","Not completed","1970-01-01 01:00:00","Not completed",,"Not completed",,"Not completed",,"Not completed","1970-01-01 01:00:00"
"RUFAI ABUBAKAR",rufaishuaibu204@gmail.com,Completed,"2026-09-08 18:39:06",Completed,"2026-09-08 18:35:50",Completed,"2026-09-09 00:36:02",Completed,"2026-09-08 18:36:02",Completed,"2026-09-09 07:01:20",Completed,"2026-09-08 18:36:00",Completed,"2026-09-08 18:36:00",Completed,"2026-09-08 18:35:58",Completed,"2026-09-08 18:35:58",Completed,"2026-09-08 18:35:59",Completed,"2026-09-11 11:35:26",Completed,"2026-09-08 22:06:00",Completed,"2026-09-11 11:09:24",Completed,"2026-09-09 00:40:31",Completed,"2026-09-09 06:49:55","Completed (achieved pass grade)","2026-09-09 06:44:37",Completed,"2026-09-08 22:06:27",Completed,"2026-09-09 07:05:53",Completed,"2026-09-09 06:59:56",Completed,"2026-09-09 07:13:16",Completed,"2026-09-09 07:26:27",Completed,"2026-09-11 10:53:55",Completed,"2026-09-09 06:36:06",Completed,"2026-09-11 10:27:53",Completed,"2026-09-11 11:26:08",Completed,"2026-09-11 11:48:22",Completed,"2026-09-11 11:51:34",Completed,"2026-09-11 12:03:21",Completed,"2026-09-11 12:07:48",Completed,"2026-09-12 08:40:07",Completed,"2026-09-13 10:25:43",Completed,"2026-09-11 11:14:43",Completed,"2026-09-13 10:14:37"
"SADIQ ABUBAKAR",shahyed360@gmail.com,Completed,"2026-09-03 10:40:53",Completed,"2026-09-03 10:40:58",Completed,"2026-09-03 11:21:14",Completed,"2026-09-03 10:41:01",Completed,"2026-09-03 10:41:02",Completed,"2026-09-03 10:41:02",Completed,"2026-09-03 10:41:03",Completed,"2026-09-03 10:41:03",Completed,"2026-09-03 10:41:04",Completed,"2026-09-03 10:41:05",Completed,"2026-09-10 07:42:22",Completed,"2026-09-03 10:49:12",Completed,"2026-09-09 10:12:52",Completed,"2026-09-03 10:48:48",Completed,"2026-09-23 11:36:16","Completed (achieved pass grade)","2026-09-10 10:10:10",Completed,"2026-09-10 09:57:53",Completed,"2026-09-08 08:53:43",Completed,"2026-09-08 08:57:29",Completed,"2026-09-08 10:58:45",Completed,"2026-09-10 07:30:50",Completed,"2026-09-10 11:01:50",Completed,"2026-09-09 12:16:26",Completed,"2026-09-10 07:40:19",Completed,"2026-09-12 11:04:51",Completed,"2026-09-10 09:44:44",Completed,"2026-09-12 11:46:10",Completed,"2026-09-10 09:49:52",Completed,"2026-09-13 13:07:49",Completed,"2026-09-10 09:55:18",Completed,"2026-09-19 09:22:50",Completed,"2026-09-10 10:02:07",Completed,"2026-09-23 09:05:41"
"USMAN ABUBAKAR",usimanmusaabubakar80@gmail.com,"Not completed",,"Not completed",,"Not completed",,"Not completed",,"Not completed",,"Not completed",,"Not completed",,"Not completed",,"Not completed",,"Not completed",,"Not completed",,"Not completed",,"Not completed",,"Not completed",,"Not completed",,"Not completed",,"Not completed",,"Not completed",,"Not completed",,"Not completed",,"Not completed",,"Not completed",,"Not completed",,"Not completed",,"Not completed",,"Not completed",,"Not completed",,"Not completed",,"Not completed",,"Not completed",,"Not completed",,"Not completed",,"Not completed",
"ZAKARIYYA ABUBAKAR",zakariyyabadamasiabubakar@gmail.com,Completed,"2026-09-23 14:00:31",Completed,"2026-09-18 15:48:08",Completed,"2026-09-18 16:04:59",Completed,"2026-09-18 16:05:21",Completed,"2026-09-18 16:05:23",Completed,"2026-09-18 16:05:24",Completed,"2026-09-18 16:05:25",Completed,"2026-09-18 16:05:28",Completed,"2026-09-18 16:05:30",Completed,"2026-09-18 16:05:32",Completed,"2026-09-23 16:07:29","Not completed",,Completed,"2026-09-25 15:33:17","Not completed",,Completed,"2026-09-25 15:37:36","Completed (achieved pass grade)","2026-09-25 15:48:53","Not completed",,Completed,"2026-09-18 16:11:36",Completed,"2026-09-18 16:15:01",Completed,"2026-09-18 16:23:43",Completed,"2026-09-23 14:28:42",Completed,"2026-09-23 15:02:15",Completed,"2026-09-25 16:12:53",Completed,"2026-09-23 15:30:37",Completed,"2026-09-23 15:53:11",Completed,"2026-09-24 10:50:54",Completed,"2026-09-24 11:16:02",Completed,"2026-09-24 11:29:56",Completed,"2026-09-24 12:05:08",Completed,"2026-09-25 14:46:00",Completed,"2026-09-25 14:55:42",Completed,"2026-09-25 15:12:55",Completed,"2026-09-25 15:28:08"
"ABDUSSAMAD ADAM",adamabdullahiabdussamad312@gmail.com,Completed,"2026-08-29 12:56:57",Completed,"2026-08-27 14:52:32",Completed,"2026-08-27 14:58:30",Completed,"2026-08-27 14:52:40",Completed,"2026-08-27 14:52:42",Completed,"2026-08-27 14:52:43",Completed,"2026-08-27 14:52:46",Completed,"2026-08-27 14:52:48",Completed,"2026-08-27 14:52:50",Completed,"2026-08-27 14:52:54",Completed,"2026-08-28 15:06:23",Completed,"2026-08-27 14:53:21",Completed,"2026-08-29 11:52:12",Completed,"2026-08-27 14:53:37",Completed,"2026-08-29 12:00:01","Completed (achieved pass grade)","2026-08-29 12:47:59",Completed,"2026-08-27 14:53:46",Completed,"2026-08-27 15:04:08",Completed,"2026-08-27 15:09:38",Completed,"2026-08-27 15:21:13",Completed,"2026-08-27 15:32:22",Completed,"2026-08-27 15:46:46",Completed,"2026-08-27 16:18:15",Completed,"2026-08-27 16:34:12",Completed,"2026-08-27 16:50:05",Completed,"2026-08-27 17:00:04",Completed,"2026-08-27 17:07:20",Completed,"2026-08-27 17:19:37",Completed,"2026-08-27 17:28:26",Completed,"2026-08-28 15:12:49",Completed,"2026-08-28 15:21:21",Completed,"2026-08-28 15:43:30",Completed,"2026-08-28 16:17:23"
"ABUBAKAR ADAM",abubakarabubakaradam@gmail.com,Completed,"2026-09-21 10:31:29",Completed,"2026-09-21 10:27:32",Completed,"2026-09-21 10:52:42",Completed,"2026-09-21 10:34:54",Completed,"2026-09-21 10:36:24",Completed,"2026-09-21 10:37:14",Completed,"2026-09-21 10:38:55",Completed,"2026-09-21 10:38:05",Completed,"2026-09-21 10:40:13",Completed,"2026-09-21 10:41:04",Completed,"2026-09-23 17:42:09",Completed,"2026-09-21 10:43:05",Completed,"2026-09-24 16:33:43",Completed,"2026-09-25 06:37:40",Completed,"2026-09-24 18:00:32","Completed (achieved pass grade)","2026-09-24 18:17:52",Completed,"2026-09-25 06:38:40",Completed,"2026-09-22 10:39:24",Completed,"2026-09-21 11:11:43",Completed,"2026-09-23 08:23:09",Completed,"2026-09-21 11:20:48",Completed,"2026-09-23 16:40:38",Completed,"2026-09-24 18:24:12",Completed,"2026-09-23 17:22:57",Completed,"2026-09-23 17:47:12",Completed,"2026-09-24 07:19:53",Completed,"2026-09-24 07:41:31",Completed,"2026-09-24 10:27:43",Completed,"2026-09-24 10:36:39",Completed,"2026-09-24 11:02:25",Completed,"2026-09-24 11:20:43",Completed,"2026-09-24 11:51:57",Completed,"2026-09-24 12:06:38"
"ABUBAKAR ADAM",abubakaradammuhammad4084@gmail.com,Completed,"2026-09-13 11:48:22",Completed,"2026-07-29 11:09:51",Completed,"2026-07-29 11:14:09",Completed,"2026-07-29 11:20:17",Completed,"2026-07-29 11:24:20",Completed,"2026-07-29 11:32:10",Completed,"2026-07-29 11:39:14",Completed,"2026-07-29 11:43:28",Completed,"2026-07-29 11:45:55",Completed,"2026-07-29 12:01:44","Not completed",,"Not completed",,"Not completed",,"Not completed",,"Not completed",,"Not completed",,"Not completed",,Completed,"2026-07-30 11:42:06",Completed,"2026-09-13 11:51:12",Completed,"2026-09-13 11:53:05","Not completed",,"Not completed",,"Not completed",,"Not completed",,"Not completed",,"Not completed",,"Not completed",,"Not completed",,"Not completed",,"Not completed",,"Not completed",,"Not completed",,"Not completed",
"AHMAD ADAM",ahmadadammuaz35@gmail.com,Completed,"2026-09-17 15:21:43",Completed,"2026-09-16 14:07:53","Not completed",,Completed,"2026-09-17 15:20:23",Completed,"2026-09-17 15:20:24",Completed,"2026-09-16 14:16:07",Completed,"2026-09-17 15:20:26",Completed,"2026-09-16 14:47:38",Completed,"2026-09-16 15:40:45",Completed,"2026-09-16 14:58:03","Not completed",,Completed,"2026-09-17 15:21:03","Not completed",,Completed,"2026-09-17 15:21:22","Not completed",,"Not completed",,Completed,"2026-09-17 15:21:36","Not completed",,"Not completed",,"Not completed",,"Not completed",,"Not completed",,"Not completed",,"Not completed",,"Not completed",,"Not completed",,"Not completed",,"Not completed",,"Not completed",,"Not completed",,"Not completed",,"Not completed",,"Not completed",
"MUAZZAM ADAM",muazzamadam306@gmail.com,Completed,"2026-09-03 13:33:46",Completed,"2026-09-03 13:32:09",Completed,"2026-09-03 13:42:30",Completed,"2026-09-03 13:32:45",Completed,"2026-09-03 13:32:46",Completed,"2026-09-03 13:32:47",Completed,"2026-09-03 13:32:48",Completed,"2026-09-03 13:32:49",Completed,"2026-09-03 13:32:50",Completed,"2026-09-03 13:32:51",Completed,"2026-09-09 12:53:21",Completed,"2026-09-03 13:33:26",Completed,"2026-09-09 12:55:56",Completed,"2026-09-03 13:33:39",Completed,"2026-09-09 12:58:25","Not completed","1970-01-01 01:00:00",Completed,"2026-09-03 13:33:44",Completed,"2026-09-03 13:45:55",Completed,"2026-09-05 11:45:37",Completed,"2026-09-05 11:48:01",Completed,"2026-09-05 11:57:23",Completed,"2026-09-05 12:00:13","Not completed","1970-01-01 01:00:00",Completed,"2026-09-05 12:15:20",Completed,"2026-09-05 12:18:38",Completed,"2026-09-05 12:27:58",Completed,"2026-09-05 12:29:30",Completed,"2026-09-05 12:38:31",Completed,"2026-09-05 12:41:29",Completed,"2026-09-05 12:50:42",Completed,"2026-09-05 12:52:30",Completed,"2026-09-05 13:15:07",Completed,"2026-09-05 13:04:18"
"MUBARAK ADAM",adammubarak764@gmail.com,Completed,"2026-09-15 12:07:55",Completed,"2026-09-14 10:52:17",Completed,"2026-09-14 10:56:11",Completed,"2026-09-14 10:59:39",Completed,"2026-09-14 11:01:45",Completed,"2026-09-14 11:01:58",Completed,"2026-09-14 11:01:59",Completed,"2026-09-14 11:02:00",Completed,"2026-09-14 11:02:02",Completed,"2026-09-14 11:02:02",Completed,"2026-09-15 10:04:08",Completed,"2026-09-15 10:58:04",Completed,"2026-09-15 11:38:00",Completed,"2026-09-15 11:26:27",Completed,"2026-09-15 11:08:01","Completed (achieved pass grade)","2026-09-15 11:51:53",Completed,"2026-09-15 11:05:01",Completed,"2026-09-14 11:06:56",Completed,"2026-09-14 11:23:38",Completed,"2026-09-14 11:13:01",Completed,"2026-09-15 09:45:09",Completed,"2026-09-14 11:27:43",Completed,"2026-09-15 12:05:55",Completed,"2026-09-15 09:58:02",Completed,"2026-09-14 11:46:40",Completed,"2026-09-15 10:31:08",Completed,"2026-09-14 12:11:39",Completed,"2026-09-15 11:03:50",Completed,"2026-09-14 12:20:04",Completed,"2026-09-15 11:19:19",Completed,"2026-09-14 12:28:33",Completed,"2026-09-15 11:33:40",Completed,"2026-09-14 12:40:59"
"MUHAMMAD ADAM",muhammadhassan5047@gmail.com,Completed,"2026-06-08 12:42:03",Completed,"2026-06-15 16:53:35",Completed,"2026-06-15 16:53:02",Completed,"2026-06-16 17:29:02",Completed,"2026-06-16 17:29:07",Completed,"2026-06-16 17:29:11",Completed,"2026-06-22 19:30:36",Completed,"2026-06-22 19:33:27",Completed,"2026-06-16 17:29:18",Completed,"2026-06-22 19:34:15",Completed,"2026-06-23 19:41:50",Completed,"2026-06-29 05:25:42",Completed,"2026-06-23 15:12:21",Completed,"2026-06-29 05:22:32",Completed,"2026-06-23 15:27:54","Completed (achieved pass grade)","2026-07-05 09:40:28",Completed,"2026-06-23 15:36:53",Completed,"2026-06-16 17:34:36",Completed,"2026-06-16 17:38:43",Completed,"2026-06-22 19:44:51",Completed,"2026-06-22 19:50:04",Completed,"2026-06-22 20:02:59",Completed,"2026-06-22 20:11:47",Completed,"2026-06-23 13:35:39",Completed,"2026-06-23 14:03:58",Completed,"2026-06-23 14:11:20",Completed,"2026-06-23 14:18:52",Completed,"2026-06-23 14:23:36",Completed,"2026-06-23 14:29:07",Completed,"2026-06-23 14:34:02",Completed,"2026-06-23 14:49:26",Completed,"2026-06-23 14:55:21",Completed,"2026-06-23 15:09:11"
"MUKTAR ADAM",mukhtaradammuhammad90@gmail.com,Completed,"2026-07-21 11:26:19",Completed,"2026-07-21 11:28:39",Completed,"2026-07-21 11:59:11",Completed,"2026-07-21 12:11:10",Completed,"2026-07-21 12:14:23",Completed,"2026-07-21 12:15:37",Completed,"2026-07-21 12:20:40",Completed,"2026-07-21 12:23:27",Completed,"2026-07-21 12:26:27",Completed,"2026-07-21 12:32:15",Completed,"2026-07-21 14:07:37",Completed,"2026-07-22 11:26:07",Completed,"2026-07-22 13:45:15",Completed,"2026-07-22 13:45:34",Completed,"2026-07-22 14:02:31","Completed (achieved pass grade)","2026-07-22 14:13:06",Completed,"2026-07-24 13:51:02",Completed,"2026-07-21 12:05:44",Completed,"2026-07-21 12:48:47",Completed,"2026-07-21 12:58:02",Completed,"2026-07-21 13:34:19",Completed,"2026-07-21 13:38:57",Completed,"2026-07-22 14:16:30",Completed,"2026-07-21 14:02:56",Completed,"2026-07-21 14:05:43",Completed,"2026-07-22 10:24:00",Completed,"2026-07-22 10:55:05",Completed,"2026-07-22 12:51:41",Completed,"2026-07-22 13:16:21",Completed,"2026-07-24 10:35:49",Completed,"2026-07-24 12:10:17",Completed,"2026-07-22 13:21:06",Completed,"2026-07-22 13:41:08"
"SAADATU ADAM",saadatuumar2000@icloud.com,Completed,"2026-09-04 10:21:30",Completed,"2026-09-11 15:46:31",Completed,"2026-09-04 10:37:17",Completed,"2026-09-11 15:46:36",Completed,"2026-09-11 15:46:37",Completed,"2026-09-11 15:46:38",Completed,"2026-09-11 15:46:39",Completed,"2026-09-11 15:46:40",Completed,"2026-09-11 15:46:42",Completed,"2026-09-11 15:46:42",Completed,"2026-09-04 14:13:18",Completed,"2026-09-11 15:47:06",Completed,"2026-09-04 13:49:29",Completed,"2026-09-11 15:47:17",Completed,"2026-09-17 15:38:54","Completed (achieved pass grade)","2026-09-04 14:03:09",Completed,"2026-09-11 15:47:23",Completed,"2026-09-04 10:45:15",Completed,"2026-09-04 10:58:57",Completed,"2026-09-11 15:59:25",Completed,"2026-09-04 11:46:26",Completed,"2026-09-18 13:45:36",Completed,"2026-09-04 12:35:57",Completed,"2026-09-04 13:11:57",Completed,"2026-09-21 05:03:34",Completed,"2026-09-04 13:17:39",Completed,"2026-09-21 05:08:02",Completed,"2026-09-04 13:31:52",Completed,"2026-09-21 05:12:09",Completed,"2026-09-04 13:38:06",Completed,"2026-09-21 05:14:56",Completed,"2026-09-04 13:43:13",Completed,"2026-09-21 05:17:21"
"ABUBAKAR ADAMU",sadiqadamoka@gmail.com,Completed,"2026-09-15 13:05:09",Completed,"2026-09-14 16:49:41",Completed,"2026-09-14 16:53:47",Completed,"2026-09-14 17:52:08",Completed,"2026-09-14 17:52:50",Completed,"2026-09-14 17:52:56",Completed,"2026-09-14 17:52:59",Completed,"2026-09-14 17:53:03",Completed,"2026-09-14 17:53:06",Completed,"2026-09-14 17:53:09",Completed,"2026-09-15 10:12:38",Completed,"2026-09-15 10:49:06",Completed,"2026-09-15 12:22:31",Completed,"2026-09-15 12:23:30",Completed,"2026-09-15 12:42:12","Completed (achieved pass grade)","2026-09-15 12:54:28",Completed,"2026-09-15 12:55:08",Completed,"2026-09-14 16:56:49",Completed,"2026-09-14 17:01:59",Completed,"2026-09-14 17:47:51",Completed,"2026-09-14 17:59:30",Completed,"2026-09-14 18:16:40",Completed,"2026-09-15 13:10:29",Completed,"2026-09-14 18:23:24",Completed,"2026-09-14 20:10:32",Completed,"2026-09-15 10:20:33",Completed,"2026-09-15 10:43:47",Completed,"2026-09-15 10:57:35",Completed,"2026-09-15 11:14:25",Completed,"2026-09-15 11:19:42",Completed,"2026-09-15 11:41:16",Completed,"2026-09-15 11:46:00",Completed,"2026-09-15 12:13:53"
"ALIYU ADAMU",aliyuisahajsmart95@gmail.com,Completed,"2026-09-05 15:57:45",Completed,"2026-09-05 15:56:16",Completed,"2026-09-05 16:02:18",Completed,"2026-09-05 15:56:26",Completed,"2026-09-05 15:56:28",Completed,"2026-09-05 15:56:29",Completed,"2026-09-05 15:56:31",Completed,"2026-09-05 15:56:32",Completed,"2026-09-05 15:56:34",Completed,"2026-09-05 15:56:36","Not completed",,Completed,"2026-09-05 15:57:18","Not completed",,Completed,"2026-09-05 15:57:36","Not completed",,"Not completed",,Completed,"2026-09-05 15:57:40","Not completed",,"Not completed",,"Not completed",,"Not completed",,"Not completed",,"Not completed",,"Not completed",,"Not completed",,"Not completed",,"Not completed",,"Not completed",,"Not completed",,"Not completed",,"Not completed",,"Not completed",,"Not completed",
"JOSHUA ADANU",adanuothniel@gmail.com,Completed,"2026-09-01 13:06:10",Completed,"2026-08-26 22:41:19",Completed,"2026-08-26 22:42:56",Completed,"2026-08-27 11:56:51",Completed,"2026-08-27 11:56:53",Completed,"2026-08-27 11:56:54",Completed,"2026-08-27 11:56:58",Completed,"2026-08-27 11:56:58",Completed,"2026-08-27 11:56:58",Completed,"2026-08-27 11:57:00",Completed,"2026-09-01 13:45:57",Completed,"2026-08-29 21:06:08",Completed,"2026-08-29 21:05:49",Completed,"2026-08-29 21:11:20",Completed,"2026-09-01 13:00:38","Completed (achieved pass grade)","2026-08-29 21:24:42",Completed,"2026-08-29 21:14:34",Completed,"2026-08-27 12:01:31",Completed,"2026-08-26 22:47:19",Completed,"2026-08-26 23:43:10",Completed,"2026-08-26 22:57:42",Completed,"2026-08-27 11:42:57",Completed,"2026-08-29 21:29:18",Completed,"2026-08-28 07:25:35",Completed,"2026-09-01 13:38:50",Completed,"2026-08-29 20:53:08",Completed,"2026-08-31 02:13:50",Completed,"2026-08-29 20:56:28",Completed,"2026-08-31 02:34:20",Completed,"2026-08-29 21:00:16",Completed,"2026-08-31 03:15:16",Completed,"2026-08-29 21:03:24",Completed,"2026-08-31 03:46:37"
"AKANINYENE ADAWO",aakaninyene2@gmail.com,Completed,"2026-07-03 00:22:23",Completed,"2026-07-02 22:02:56",Completed,"2026-07-02 22:05:48",Completed,"2026-07-02 22:07:48",Completed,"2026-07-02 22:07:57",Completed,"2026-07-02 22:08:06",Completed,"2026-07-02 22:08:12",Completed,"2026-07-02 22:08:20",Completed,"2026-07-02 22:08:28",Completed,"2026-07-02 22:08:36",Completed,"2026-07-04 21:43:31","Not completed",,Completed,"2026-07-04 21:46:24",Completed,"2026-07-04 21:46:51",Completed,"2026-07-04 21:48:42","Not completed",,Completed,"2026-07-04 21:57:19",Completed,"2026-07-02 22:12:17",Completed,"2026-07-02 22:17:17",Completed,"2026-07-02 23:06:38",Completed,"2026-07-02 23:11:57",Completed,"2026-07-02 23:26:19",Completed,"2026-07-04 22:12:46",Completed,"2026-07-02 23:36:12",Completed,"2026-07-02 23:37:55",Completed,"2026-07-02 23:40:19",Completed,"2026-07-02 23:45:50",Completed,"2026-07-02 23:48:55",Completed,"2026-07-02 23:50:09",Completed,"2026-07-02 23:54:37",Completed,"2026-07-02 23:56:02",Completed,"2026-07-02 23:59:40",Completed,"2026-07-03 00:01:19"
"FLORENCE ADEBIYI",adebiyiflorence01@gmail.com,Completed,"2026-09-09 11:47:12",Completed,"2026-09-09 11:47:44",Completed,"2026-09-09 11:50:15",Completed,"2026-09-09 11:53:49",Completed,"2026-09-09 11:59:09",Completed,"2026-09-09 12:23:17",Completed,"2026-09-09 12:30:01",Completed,"2026-09-09 12:31:33",Completed,"2026-09-09 12:39:22",Completed,"2026-09-09 12:39:54",Completed,"2026-09-10 13:58:17",Completed,"2026-09-14 13:35:40",Completed,"2026-09-16 13:39:55",Completed,"2026-09-16 13:43:12",Completed,"2026-09-28 11:52:17","Completed (achieved pass grade)","2026-09-16 13:53:34",Completed,"2026-09-16 13:57:15",Completed,"2026-09-09 12:45:29",Completed,"2026-09-10 11:07:55",Completed,"2026-09-10 11:17:06",Completed,"2026-09-10 11:42:11",Completed,"2026-09-10 12:30:50",Completed,"2026-09-28 12:06:04",Completed,"2026-09-10 13:26:03",Completed,"2026-09-10 13:53:59",Completed,"2026-09-10 14:27:26",Completed,"2026-09-18 12:23:55",Completed,"2026-09-14 13:45:34",Completed,"2026-09-18 12:31:32",Completed,"2026-09-14 14:40:14",Completed,"2026-09-18 12:38:30",Completed,"2026-09-16 13:33:06",Completed,"2026-09-28 11:26:41"
"ADURAGBEMI ADEBOGA",Adebogaoluwatomisin@gmail.com,"Not completed",,"Not completed",,"Not completed",,"Not completed",,"Not completed",,"Not completed",,"Not completed",,"Not completed",,"Not completed",,"Not completed",,"Not completed",,"Not completed",,"Not completed",,"Not completed",,"Not completed",,"Not completed",,"Not completed",,"Not completed",,"Not completed",,"Not completed",,"Not completed",,"Not completed",,"Not completed",,"Not completed",,"Not completed",,"Not completed",,"Not completed",,"Not completed",,"Not completed",,"Not completed",,"Not completed",,"Not completed",,"Not completed","1970-01-01 01:00:00"
"PETER ADEBOLUJO",adebolujopeter@gmail.com,Completed,"2026-08-18 03:03:03",Completed,"2026-08-16 05:49:16",Completed,"2026-08-16 05:52:42",Completed,"2026-08-16 06:36:28",Completed,"2026-08-16 06:40:30",Completed,"2026-08-16 06:57:53",Completed,"2026-08-16 08:21:50",Completed,"2026-08-16 08:10:31",Completed,"2026-08-16 08:21:16",Completed,"2026-08-16 08:21:23",Completed,"2026-08-17 12:52:29",Completed,"2026-08-17 12:56:40",Completed,"2026-08-17 18:45:59",Completed,"2026-08-17 18:48:24",Completed,"2026-08-18 02:56:39","Completed (achieved pass grade)","2026-08-18 03:34:56",Completed,"2026-08-18 03:05:09",Completed,"2026-08-16 06:27:12",Completed,"2026-08-16 06:31:57",Completed,"2026-08-17 06:12:14",Completed,"2026-08-17 06:30:58",Completed,"2026-08-17 06:56:19",Completed,"2026-08-17 07:13:56",Completed,"2026-08-17 08:19:25",Completed,"2026-08-17 09:00:45",Completed,"2026-08-17 09:14:03",Completed,"2026-08-17 09:47:27",Completed,"2026-08-17 12:58:06",Completed,"2026-08-17 18:38:31",Completed,"2026-08-17 13:56:30",Completed,"2026-08-17 15:10:40",Completed,"2026-08-17 15:19:31",Completed,"2026-08-17 15:49:13"
"JEREMIAH ADEBOYE",obafemi776@gmail.com,Completed,"2026-09-19 15:29:04",Completed,"2026-09-19 15:33:58",Completed,"2026-09-19 15:37:33",Completed,"2026-09-19 15:40:39",Completed,"2026-09-19 15:44:35",Completed,"2026-09-19 15:51:03",Completed,"2026-09-19 15:52:55","Not completed",,"Not completed",,"Not completed",,"Not completed",,"Not completed",,"Not completed",,"Not completed",,"Not completed",,"Not completed",,"Not completed",,"Not completed",,"Not completed",,"Not completed",,"Not completed",,"Not completed",,"Not completed",,"Not completed",,"Not completed",,"Not completed",,"Not completed",,"Not completed",,"Not completed",,"Not completed",,"Not completed",,"Not completed",,"Not completed",
"EMMANUEL ADEDEJI",ajewoleadedeji5@gmail.com,Completed,"2026-09-09 07:56:13",Completed,"2026-09-09 08:00:05",Completed,"2026-09-09 08:02:05",Completed,"2026-09-09 11:36:03",Completed,"2026-09-09 11:39:42",Completed,"2026-09-09 11:40:32",Completed,"2026-09-09 11:42:14",Completed,"2026-09-09 11:42:50",Completed,"2026-09-09 11:44:59",Completed,"2026-09-09 11:49:11",Completed,"2026-09-09 12:41:18",Completed,"2026-09-09 13:02:14",Completed,"2026-09-09 13:49:11",Completed,"2026-09-09 13:40:18",Completed,"2026-09-09 13:59:15","Completed (achieved pass grade)","2026-09-09 14:10:31",Completed,"2026-09-09 08:32:21",Completed,"2026-09-09 08:39:34",Completed,"2026-09-09 08:42:29",Completed,"2026-09-09 08:57:12",Completed,"2026-09-09 11:55:18",Completed,"2026-09-09 12:03:07",Completed,"2026-09-09 14:15:04",Completed,"2026-09-09 12:29:24",Completed,"2026-09-09 12:34:40",Completed,"2026-09-09 12:44:03",Completed,"2026-09-09 12:50:12",Completed,"2026-09-09 12:54:45",Completed,"2026-09-09 12:59:51",Completed,"2026-09-09 13:16:48",Completed,"2026-09-09 13:24:00",Completed,"2026-09-09 13:29:39",Completed,"2026-09-09 13:35:00"
"JOSEPH ADEDEJI",adedejijoseph14@gmail.com,Completed,"2026-07-14 15:29:54",Completed,"2026-07-14 01:50:19",Completed,"2026-07-14 01:34:36",Completed,"2026-07-14 03:54:12",Completed,"2026-07-14 03:54:20",Completed,"2026-07-14 03:54:26",Completed,"2026-07-14 03:54:36",Completed,"2026-07-14 03:54:45",Completed,"2026-07-14 03:54:50",Completed,"2026-07-14 03:54:56",Completed,"2026-07-14 14:42:01",Completed,"2026-07-14 14:47:07",Completed,"2026-07-14 15:07:38",Completed,"2026-07-14 15:08:42",Completed,"2026-07-14 04:11:53","Completed (achieved pass grade)","2026-07-14 15:17:45",Completed,"2026-07-14 15:26:45",Completed,"2026-07-14 14:08:40",Completed,"2026-07-14 14:15:29",Completed,"2026-07-14 02:09:56",Completed,"2026-07-14 14:26:14",Completed,"2026-07-14 02:20:11",Completed,"2026-07-14 15:28:27",Completed,"2026-07-14 14:37:09",Completed,"2026-07-14 03:03:12",Completed,"2026-07-14 14:45:07",Completed,"2026-07-14 03:10:32",Completed,"2026-07-14 14:49:41",Completed,"2026-07-14 03:16:19",Completed,"2026-07-14 14:54:57",Completed,"2026-07-14 03:48:48",Completed,"2026-07-14 15:02:21",Completed,"2026-07-14 04:01:26"
"AKINTOBA ADEDOKUN",adejames750@gmail.com,Completed,"2026-06-03 11:39:50",Completed,"2026-06-03 11:40:23",Completed,"2026-06-03 11:41:50",Completed,"2026-06-03 11:43:56",Completed,"2026-06-03 11:46:46",Completed,"2026-06-03 11:54:52",Completed,"2026-06-03 11:58:24",Completed,"2026-06-03 12:00:13",Completed,"2026-06-03 12:04:20",Completed,"2026-06-03 16:27:08",Completed,"2026-06-11 10:36:20",Completed,"2026-06-11 14:15:56",Completed,"2026-06-11 16:48:22",Completed,"2026-06-11 16:54:23",Completed,"2026-06-11 21:17:48","Completed (achieved pass grade)","2026-07-05 09:40:28",Completed,"2026-06-11 21:38:16",Completed,"2026-06-03 16:31:20",Completed,"2026-06-03 16:47:29",Completed,"2026-06-05 21:54:36",Completed,"2026-06-07 18:39:28",Completed,"2026-06-08 08:52:49",Completed,"2026-06-08 08:58:51",Completed,"2026-06-08 12:17:22",Completed,"2026-06-11 10:34:51",Completed,"2026-06-11 11:14:08",Completed,"2026-06-11 12:12:44",Completed,"2026-06-11 12:43:50",Completed,"2026-06-11 14:15:09",Completed,"2026-06-11 14:42:51",Completed,"2026-06-11 15:27:10",Completed,"2026-06-11 16:08:28",Completed,"2026-06-11 16:46:42"
"YUSUF ADEFILA",adefilaadetunji@gmail.com,Completed,"2026-09-11 17:57:12",Completed,"2026-09-11 17:57:03",Completed,"2026-09-11 17:59:59",Completed,"2026-09-12 18:05:51",Completed,"2026-09-15 01:56:42",Completed,"2026-09-15 01:58:28",Completed,"2026-09-15 18:47:48",Completed,"2026-09-15 02:05:04",Completed,"2026-09-15 02:12:45",Completed,"2026-09-15 02:14:32",Completed,"2026-09-18 11:43:57",Completed,"2026-09-19 09:33:37",Completed,"2026-09-19 09:35:42",Completed,"2026-09-19 09:38:22",Completed,"2026-09-22 18:53:09","Completed (achieved pass grade)","2026-09-23 23:17:21",Completed,"2026-09-22 02:43:52",Completed,"2026-09-15 02:19:38",Completed,"2026-09-15 19:05:41",Completed,"2026-09-19 17:03:06",Completed,"2026-09-18 09:33:02",Completed,"2026-09-20 15:37:37",Completed,"2026-09-23 08:02:52",Completed,"2026-09-18 10:25:11",Completed,"2026-09-23 07:01:48",Completed,"2026-09-18 16:03:56",Completed,"2026-09-20 18:14:49",Completed,"2026-09-18 16:42:04",Completed,"2026-09-20 18:39:44",Completed,"2026-09-18 17:23:45",Completed,"2026-09-23 07:54:53",Completed,"2026-09-19 09:32:22",Completed,"2026-09-22 16:33:45"
"SAMUEL ADEKOYA",adekoyasamue222@gmail.com,Completed,"2026-08-08 00:26:46",Completed,"2026-08-08 00:45:55",Completed,"2026-08-08 00:50:31",Completed,"2026-08-08 01:27:02",Completed,"2026-08-08 01:27:05",Completed,"2026-08-08 01:27:07",Completed,"2026-08-08 01:27:09",Completed,"2026-08-08 01:27:19",Completed,"2026-08-08 01:27:20",Completed,"2026-08-08 01:27:22",Completed,"2026-08-11 04:11:01",Completed,"2026-08-08 04:12:18",Completed,"2026-08-11 04:19:38",Completed,"2026-08-11 04:17:30",Completed,"2026-08-11 06:15:09","Completed (achieved pass grade)","2026-08-11 03:13:40",Completed,"2026-08-11 03:01:17",Completed,"2026-08-08 00:56:41",Completed,"2026-08-08 01:00:58",Completed,"2026-08-08 01:21:05",Completed,"2026-08-08 01:34:14",Completed,"2026-08-08 02:34:11",Completed,"2026-08-13 19:24:21",Completed,"2026-08-08 02:48:08",Completed,"2026-08-11 03:59:09",Completed,"2026-08-08 02:51:36",Completed,"2026-08-08 04:02:53",Completed,"2026-08-08 04:16:26",Completed,"2026-08-11 02:45:15",Completed,"2026-08-11 04:16:33",Completed,"2026-08-13 18:51:04",Completed,"2026-08-13 19:06:46",Completed,"2026-08-13 19:21:11"
"JOSHUA ADELEKE",joshuadamilare34@gmail.com,Completed,"2026-09-14 12:41:19",Completed,"2026-09-14 12:41:47",Completed,"2026-09-14 13:08:52",Completed,"2026-09-14 13:40:53",Completed,"2026-09-14 13:48:26",Completed,"2026-09-14 13:48:57",Completed,"2026-09-14 13:56:46",Completed,"2026-09-14 14:06:23",Completed,"2026-09-14 14:42:39",Completed,"2026-09-14 14:52:01",Completed,"2026-09-16 13:57:22",Completed,"2026-09-16 16:18:12","Not completed",,"Not completed",,"Not completed",,"Not completed",,"Not completed",,Completed,"2026-09-14 14:56:16",Completed,"2026-09-14 15:01:40",Completed,"2026-09-14 15:18:41",Completed,"2026-09-14 15:59:35",Completed,"2026-09-14 16:23:36","Not completed",,Completed,"2026-09-16 13:54:47",Completed,"2026-09-16 13:39:08",Completed,"2026-09-16 14:29:22",Completed,"2026-09-16 15:03:07",Completed,"2026-09-16 16:29:23",Completed,"2026-09-16 16:43:53","Not completed",,"Not completed",,"Not completed",,"Not completed",
"JOSHUA ADELEYE",adeleyejoshua93@gmail.com,"Not completed",,"Not completed",,"Not completed",,"Not completed",,"Not completed",,"Not completed",,"Not completed",,"Not completed",,"Not completed",,"Not completed",,"Not completed",,"Not completed",,"Not completed",,"Not completed",,"Not completed",,"Not completed",,"Not completed",,"Not completed",,"Not completed",,"Not completed",,"Not completed",,"Not completed",,"Not completed",,"Not completed",,"Not completed",,"Not completed",,"Not completed",,"Not completed",,"Not completed",,"Not completed",,"Not completed",,"Not completed",,"Not completed",
"MUHAMMEDJAMIU ADENOLA",mjadenola2@gmail.com,Completed,"2026-09-01 10:02:46",Completed,"2026-09-01 10:05:48",Completed,"2026-09-01 10:07:49",Completed,"2026-09-01 10:11:41",Completed,"2026-09-01 10:11:48",Completed,"2026-09-01 10:17:44",Completed,"2026-09-01 11:39:06",Completed,"2026-09-01 11:47:47",Completed,"2026-09-01 12:09:25",Completed,"2026-09-04 12:06:48",Completed,"2026-09-07 12:00:23",Completed,"2026-09-04 12:18:17",Completed,"2026-09-07 12:52:44",Completed,"2026-09-07 11:57:55",Completed,"2026-09-07 16:04:21","Completed (achieved pass grade)","2026-09-07 12:51:34",Completed,"2026-09-07 11:58:48",Completed,"2026-09-04 18:20:13",Completed,"2026-09-06 13:54:02",Completed,"2026-09-07 12:05:57",Completed,"2026-09-07 12:08:02",Completed,"2026-09-07 12:55:56",Completed,"2026-09-07 11:59:53",Completed,"2026-09-07 12:32:34",Completed,"2026-09-07 14:07:09",Completed,"2026-09-07 12:35:43",Completed,"2026-09-07 13:55:44",Completed,"2026-09-07 12:38:17",Completed,"2026-09-07 13:29:41",Completed,"2026-09-07 12:40:48",Completed,"2026-09-07 15:56:06",Completed,"2026-09-07 12:45:04",Completed,"2026-09-07 13:46:41"
"BABAJIDE ADEOSUN",adeosungbolagade@gmail.com,Completed,"2026-09-10 13:59:14",Completed,"2026-09-11 13:08:16",Completed,"2026-09-10 17:08:52",Completed,"2026-09-10 17:14:05",Completed,"2026-09-11 13:38:13",Completed,"2026-09-11 13:45:25",Completed,"2026-09-11 14:03:20",Completed,"2026-09-11 14:08:44",Completed,"2026-09-11 14:53:10",Completed,"2026-09-11 15:06:31",Completed,"2026-09-18 20:14:22","Not completed",,Completed,"2026-09-23 16:06:24","Not completed",,"Not completed",,"Not completed","1970-01-01 01:00:00","Not completed",,Completed,"2026-09-11 15:14:03",Completed,"2026-09-11 15:12:07","Not completed","1970-01-01 01:00:00",Completed,"2026-09-14 20:11:03","Not completed",,"Not completed",,Completed,"2026-09-18 20:12:38","Not completed",,Completed,"2026-09-21 13:32:35","Not completed",,Completed,"2026-09-22 14:58:15","Not completed","1970-01-01 01:00:00",Completed,"2026-09-23 14:44:41","Not completed",,Completed,"2026-09-23 16:00:39","Not completed","1970-01-01 01:00:00"
"WASIU ADERIBIGBE",aderibigbeola01@gmail.com,Completed,"2026-08-22 14:25:38",Completed,"2026-08-22 14:23:49",Completed,"2026-08-22 15:12:19",Completed,"2026-08-22 14:23:55",Completed,"2026-08-22 14:24:01",Completed,"2026-08-22 14:24:01",Completed,"2026-08-22 14:24:02",Completed,"2026-08-22 14:24:04",Completed,"2026-08-22 14:24:04",Completed,"2026-08-22 14:24:05",Completed,"2026-08-22 19:45:38",Completed,"2026-08-22 14:24:52",Completed,"2026-08-22 19:42:08",Completed,"2026-08-22 14:25:25",Completed,"2026-08-22 19:52:50","Completed (achieved pass grade)","2026-08-22 19:40:35",Completed,"2026-08-22 14:25:33",Completed,"2026-08-22 15:15:47",Completed,"2026-08-22 15:28:06",Completed,"2026-08-22 15:17:06",Completed,"2026-08-22 15:43:01",Completed,"2026-08-22 15:48:35",Completed,"2026-08-22 19:27:55",Completed,"2026-08-22 19:26:38",Completed,"2026-08-22 19:57:59",Completed,"2026-08-22 19:47:03",Completed,"2026-08-22 20:03:55",Completed,"2026-08-22 19:48:33",Completed,"2026-08-22 20:10:59",Completed,"2026-08-22 19:43:29",Completed,"2026-08-22 20:20:18",Completed,"2026-08-22 19:50:37",Completed,"2026-08-22 20:28:20"
"HANNAH ADETUNJI",adedayoadetunji001@gmail.com,Completed,"2026-09-21 13:24:42",Completed,"2026-09-21 13:25:36",Completed,"2026-09-21 13:31:40",Completed,"2026-09-21 13:41:21",Completed,"2026-09-21 14:49:00",Completed,"2026-09-21 14:58:17",Completed,"2026-09-22 08:47:42",Completed,"2026-09-22 09:24:43",Completed,"2026-09-22 09:41:38",Completed,"2026-09-22 10:35:42","Not completed",,"Not completed",,"Not completed",,"Not completed",,"Not completed",,"Not completed",,"Not completed",,Completed,"2026-09-22 10:21:03","Not completed",,"Not completed","1970-01-01 01:00:00","Not completed",,"Not completed",,"Not completed",,"Not completed",,"Not completed",,"Not completed",,"Not completed",,"Not completed",,"Not completed",,"Not completed",,"Not completed",,"Not completed",,"Not completed",
"SHEDRACH ADIE",adieshedrach@gmail.com,Completed,"2026-06-03 10:52:55",Completed,"2026-06-03 10:55:10",Completed,"2026-06-03 10:56:44",Completed,"2026-06-03 19:44:01",Completed,"2026-06-03 20:41:10",Completed,"2026-06-03 21:02:37",Completed,"2026-06-03 21:10:06",Completed,"2026-06-03 22:45:31",Completed,"2026-06-03 22:57:53",Completed,"2026-06-03 23:07:48",Completed,"2026-06-16 11:03:25",Completed,"2026-06-04 03:14:54",Completed,"2026-06-11 23:57:58",Completed,"2026-06-12 00:00:04",Completed,"2026-06-12 22:28:59","Completed (achieved pass grade)","2026-07-05 09:40:28",Completed,"2026-06-12 00:09:25",Completed,"2026-06-03 23:14:47",Completed,"2026-06-04 00:03:39",Completed,"2026-06-06 14:36:22",Completed,"2026-06-04 00:14:26",Completed,"2026-06-06 14:37:00",Completed,"2026-06-13 09:53:53",Completed,"2026-06-04 02:22:36",Completed,"2026-06-06 14:34:55",Completed,"2026-06-04 02:59:10",Completed,"2026-06-12 22:21:24",Completed,"2026-06-04 03:34:14",Completed,"2026-06-12 22:20:47",Completed,"2026-06-04 14:29:28",Completed,"2026-06-12 22:33:47",Completed,"2026-06-11 23:56:27",Completed,"2026-06-12 22:23:40"
"USMAN ADO",usmansunusiado2@gmail.com,Completed,"2026-09-24 03:40:35",Completed,"2026-09-24 03:40:56",Completed,"2026-09-24 03:48:37",Completed,"2026-09-24 03:42:55",Completed,"2026-09-24 03:42:34",Completed,"2026-09-24 03:42:01",Completed,"2026-09-24 03:43:37",Completed,"2026-09-24 03:43:16",Completed,"2026-09-24 15:27:16",Completed,"2026-09-24 15:26:26","Not completed",,Completed,"2026-09-28 11:15:39","Not completed",,"Not completed",,"Not completed",,"Not completed",,"Not completed",,Completed,"2026-09-25 11:48:32",Completed,"2026-09-25 14:44:01","Not completed","1970-01-01 01:00:00",Completed,"2026-09-24 15:14:52","Not completed","1970-01-01 01:00:00","Not completed",,"Not completed",,"Not completed",,Completed,"2026-09-25 14:35:23","Not completed","1970-01-01 01:00:00","Not completed",,"Not completed",,"Not completed",,"Not completed",,"Not completed",,"Not completed",
"EKPE AGADA",agadapriscilla33@gmail.com,Completed,"2026-08-08 20:57:01",Completed,"2026-08-08 20:55:53",Completed,"2026-08-17 14:31:10",Completed,"2026-08-17 14:41:43",Completed,"2026-08-17 14:42:57",Completed,"2026-08-17 14:44:20",Completed,"2026-08-17 14:44:31",Completed,"2026-08-17 14:44:37",Completed,"2026-08-17 14:44:45",Completed,"2026-08-17 14:45:43",Completed,"2026-09-01 06:57:00","Not completed",,"Not completed",,"Not completed",,"Not completed",,"Not completed",,Completed,"2026-08-17 15:03:20",Completed,"2026-08-17 14:37:14",Completed,"2026-08-17 14:50:50","Not completed","1970-01-01 01:00:00",Completed,"2026-08-17 14:59:55","Not completed","1970-01-01 01:00:00",Completed,"2026-08-17 15:02:07",Completed,"2026-08-17 15:13:36","Not completed",,"Not completed",,"Not completed","1970-01-01 01:00:00","Not completed","1970-01-01 01:00:00","Not completed",,"Not completed",,"Not completed",,"Not completed",,"Not completed",
"PIUS AGADA",piusagada61@gmail.com,Completed,"2026-06-15 01:19:35",Completed,"2026-06-15 01:19:48",Completed,"2026-06-15 01:21:35",Completed,"2026-06-15 01:47:42",Completed,"2026-06-15 01:53:06",Completed,"2026-06-15 01:59:54",Completed,"2026-06-15 02:06:27",Completed,"2026-06-15 02:09:21",Completed,"2026-06-15 02:17:32",Completed,"2026-06-15 06:02:53","Not completed",,Completed,"2026-06-22 07:58:45","Not completed",,"Not completed",,"Not completed",,"Not completed",,Completed,"2026-06-15 06:07:08",Completed,"2026-06-15 01:25:26",Completed,"2026-06-15 01:28:03","Not completed","1970-01-01 01:00:00",Completed,"2026-06-15 01:36:36","Not completed","1970-01-01 01:00:00",Completed,"2026-06-15 01:43:53","Not completed",,"Not completed",,"Not completed",,"Not completed",,"Not completed",,"Not completed",,"Not completed",,"Not completed",,"Not completed",,"Not completed",
"AKINNINUOLUWA AGBETI",agbetininu@gmail.com,Completed,"2026-09-22 13:27:28",Completed,"2026-09-08 16:43:08",Completed,"2026-09-15 14:08:46",Completed,"2026-09-15 14:33:41",Completed,"2026-09-15 14:33:41",Completed,"2026-09-15 14:33:42",Completed,"2026-09-15 14:33:50",Completed,"2026-09-15 14:33:51",Completed,"2026-09-15 14:33:53",Completed,"2026-09-15 14:33:55",Completed,"2026-09-17 16:41:18","Not completed",,Completed,"2026-09-24 15:40:00",Completed,"2026-09-24 15:43:34","Not completed",,"Not completed",,Completed,"2026-09-24 15:57:37",Completed,"2026-09-15 14:37:48",Completed,"2026-09-17 13:44:59",Completed,"2026-09-17 15:19:11",Completed,"2026-09-17 15:51:59",Completed,"2026-09-17 16:20:39","Not completed",,Completed,"2026-09-17 16:39:14",Completed,"2026-09-22 14:51:09",Completed,"2026-09-17 16:42:54",Completed,"2026-09-22 15:05:40",Completed,"2026-09-17 16:47:07","Not completed","1970-01-01 01:00:00",Completed,"2026-09-24 15:28:38","Not completed",,Completed,"2026-09-24 15:33:40","Not completed",
"DANIEL AGBOGUN",dannyagbo0@gmail.com,Completed,"2026-07-17 14:45:02",Completed,"2026-06-30 09:40:09",Completed,"2026-06-30 09:43:28",Completed,"2026-07-03 08:15:10",Completed,"2026-07-03 08:15:08",Completed,"2026-07-03 08:15:11",Completed,"2026-07-03 08:15:57",Completed,"2026-07-03 08:16:04",Completed,"2026-07-03 08:16:11",Completed,"2026-07-03 08:16:16",Completed,"2026-07-17 10:30:51",Completed,"2026-07-17 12:52:25",Completed,"2026-07-17 13:52:47",Completed,"2026-07-17 13:53:01",Completed,"2026-07-17 14:33:00","Completed (achieved pass grade)","2026-07-17 14:43:19",Completed,"2026-07-17 14:44:20",Completed,"2026-07-03 08:21:30",Completed,"2026-07-06 11:44:18",Completed,"2026-07-14 09:02:42",Completed,"2026-07-14 09:22:48",Completed,"2026-07-15 08:34:41",Completed,"2026-07-15 08:36:37",Completed,"2026-07-15 09:10:38",Completed,"2026-07-16 15:05:58",Completed,"2026-07-16 15:09:10",Completed,"2026-07-16 15:23:06",Completed,"2026-07-17 12:54:51",Completed,"2026-07-17 13:07:29",Completed,"2026-07-17 13:18:54",Completed,"2026-07-17 13:35:11",Completed,"2026-07-17 13:40:07",Completed,"2026-07-17 13:50:13"
"EMMANUEL AGBOOLA",emmanuelsunday173@gmail.com,Completed,"2026-06-15 11:44:00",Completed,"2026-06-08 13:45:10",Completed,"2026-06-08 13:47:43",Completed,"2026-06-08 13:48:42",Completed,"2026-06-08 13:48:42",Completed,"2026-06-08 13:48:43",Completed,"2026-06-08 13:48:44",Completed,"2026-06-08 13:48:45",Completed,"2026-06-08 13:48:46",Completed,"2026-06-08 13:48:47",Completed,"2026-06-11 07:02:11",Completed,"2026-06-12 10:55:56",Completed,"2026-06-15 11:26:40",Completed,"2026-06-15 11:26:59",Completed,"2026-06-15 11:34:40","Completed (achieved pass grade)","2026-07-05 09:40:28",Completed,"2026-06-15 11:35:23",Completed,"2026-06-10 14:22:01",Completed,"2026-06-10 14:43:02",Completed,"2026-06-10 15:09:07",Completed,"2026-06-10 15:32:47",Completed,"2026-06-11 06:25:43",Completed,"2026-06-15 11:42:37",Completed,"2026-06-11 06:51:30",Completed,"2026-06-11 07:00:38",Completed,"2026-06-12 10:41:10",Completed,"2026-06-12 10:54:39",Completed,"2026-06-12 10:59:50",Completed,"2026-06-12 11:09:19",Completed,"2026-06-12 14:11:23",Completed,"2026-06-13 02:26:44",Completed,"2026-06-15 11:07:31",Completed,"2026-06-15 11:24:02"
"OWOLABI AGBOOLA",omaswagagboola@gmail.com,Completed,"2026-07-31 15:00:51",Completed,"2026-07-31 15:02:56",Completed,"2026-07-31 15:05:49",Completed,"2026-08-03 12:46:24",Completed,"2026-08-03 12:48:41",Completed,"2026-08-03 12:54:12",Completed,"2026-08-03 13:00:58",Completed,"2026-08-03 13:09:15",Completed,"2026-08-03 13:10:40",Completed,"2026-08-03 13:18:22",Completed,"2026-08-04 13:10:42",Completed,"2026-08-04 13:11:01",Completed,"2026-08-05 13:50:15",Completed,"2026-08-04 13:08:06",Completed,"2026-08-05 14:39:36","Completed (achieved pass grade)","2026-08-05 13:47:58",Completed,"2026-07-31 15:09:42",Completed,"2026-08-03 13:26:08",Completed,"2026-08-03 15:16:00",Completed,"2026-08-03 14:02:50",Completed,"2026-08-03 14:16:07",Completed,"2026-08-03 15:01:22",Completed,"2026-08-03 15:22:26",Completed,"2026-08-03 15:44:12",Completed,"2026-08-03 15:59:13",Completed,"2026-08-04 11:13:41",Completed,"2026-08-04 11:36:14",Completed,"2026-08-04 11:45:22",Completed,"2026-08-04 11:54:33",Completed,"2026-08-04 12:17:41",Completed,"2026-08-04 12:59:20",Completed,"2026-08-05 12:44:38",Completed,"2026-08-05 13:34:14"
"INALEGWU AGWO",jamesagwo15@gmail.com,Completed,"2026-06-05 03:31:48",Completed,"2026-06-02 15:01:35",Completed,"2026-06-02 15:05:46",Completed,"2026-06-02 15:16:54",Completed,"2026-06-02 15:29:43",Completed,"2026-06-02 15:38:20",Completed,"2026-06-02 15:44:59",Completed,"2026-06-02 15:50:33",Completed,"2026-06-02 15:58:33",Completed,"2026-06-02 16:06:26",Completed,"2026-06-04 07:12:13",Completed,"2026-06-04 04:59:27",Completed,"2026-06-05 02:39:13",Completed,"2026-06-05 02:50:47",Completed,"2026-06-13 16:05:48","Completed (achieved pass grade)","2026-07-05 09:40:27",Completed,"2026-06-02 15:12:27",Completed,"2026-06-03 11:40:01",Completed,"2026-06-03 12:42:25",Completed,"2026-06-03 13:49:25",Completed,"2026-06-03 14:29:10",Completed,"2026-06-03 15:18:42",Completed,"2026-06-05 02:46:01",Completed,"2026-06-04 02:38:39",Completed,"2026-06-04 06:06:11",Completed,"2026-06-04 05:12:54",Completed,"2026-06-04 06:33:43",Completed,"2026-06-04 05:08:53",Completed,"2026-06-04 06:58:10",Completed,"2026-06-04 08:47:38",Completed,"2026-06-05 02:17:22",Completed,"2026-06-04 09:52:36",Completed,"2026-06-05 02:35:39"
"ABDULLAHI AHMAD",abdullahiahmad5599@gmail.com,Completed,"2026-08-30 18:34:12",Completed,"2026-08-30 18:34:36",Completed,"2026-08-30 07:14:41",Completed,"2026-08-30 11:23:17",Completed,"2026-08-30 11:23:18",Completed,"2026-08-30 11:23:19",Completed,"2026-08-30 11:23:20",Completed,"2026-08-30 11:23:22",Completed,"2026-08-30 18:19:21",Completed,"2026-08-30 18:24:33",Completed,"2026-08-30 19:38:05",Completed,"2026-08-30 19:37:02",Completed,"2026-08-30 19:44:07",Completed,"2026-08-30 19:50:16",Completed,"2026-08-30 20:12:40","Completed (achieved pass grade)","2026-08-30 20:33:12",Completed,"2026-08-30 09:00:13",Completed,"2026-08-30 07:18:47",Completed,"2026-08-30 07:43:53",Completed,"2026-08-30 08:05:42",Completed,"2026-08-30 08:26:21",Completed,"2026-08-30 08:39:00",Completed,"2026-08-30 08:58:28",Completed,"2026-08-30 09:04:41",Completed,"2026-08-30 09:25:48",Completed,"2026-08-30 11:03:34",Completed,"2026-08-30 11:24:39",Completed,"2026-08-30 11:14:48",Completed,"2026-08-30 11:39:26",Completed,"2026-08-30 12:02:02",Completed,"2026-08-30 12:17:46",Completed,"2026-08-30 13:15:56",Completed,"2026-08-30 13:27:56"
"ABUBAKAR AHMAD",abubakarahmadahmadsadeq@gmail.com,Completed,"2026-08-26 09:44:23",Completed,"2026-08-26 09:44:53",Completed,"2026-08-28 12:54:26",Completed,"2026-08-26 09:48:29",Completed,"2026-08-26 09:49:59",Completed,"2026-08-26 09:50:14",Completed,"2026-08-26 09:50:27",Completed,"2026-08-26 09:52:06",Completed,"2026-08-26 09:52:37",Completed,"2026-08-26 09:52:53",Completed,"2026-08-28 14:04:04",Completed,"2026-08-26 09:57:45",Completed,"2026-08-28 14:26:32",Completed,"2026-08-26 09:58:21",Completed,"2026-08-29 09:36:31","Completed (achieved pass grade)","2026-08-28 15:00:33",Completed,"2026-08-26 09:58:31",Completed,"2026-08-28 13:02:42",Completed,"2026-08-28 13:10:12",Completed,"2026-08-28 18:36:51",Completed,"2026-08-28 13:36:56",Completed,"2026-08-28 18:51:18",Completed,"2026-08-28 14:02:05",Completed,"2026-08-28 13:55:36",Completed,"2026-08-28 21:31:33",Completed,"2026-08-28 14:09:59",Completed,"2026-08-28 22:01:22",Completed,"2026-08-28 14:15:13",Completed,"2026-08-29 06:51:44",Completed,"2026-08-28 14:19:51",Completed,"2026-08-29 08:36:55",Completed,"2026-08-28 14:23:43",Completed,"2026-08-29 08:58:11"
"ABUBAKAR AHMAD",ahmadabubakaribrahim3@gmail.com,Completed,"2026-08-30 23:42:43",Completed,"2026-08-30 23:42:13",Completed,"2026-08-30 23:47:24",Completed,"2026-08-31 12:10:16",Completed,"2026-08-31 12:10:16",Completed,"2026-08-31 12:10:17",Completed,"2026-08-31 12:10:18",Completed,"2026-08-31 12:10:19",Completed,"2026-08-31 12:10:19",Completed,"2026-08-31 12:10:23","Not completed",,Completed,"2026-09-13 15:37:54","Not completed",,Completed,"2026-09-01 19:26:11","Not completed",,"Not completed",,Completed,"2026-08-31 12:13:27",Completed,"2026-08-31 12:20:56",Completed,"2026-09-12 14:41:17",Completed,"2026-09-12 23:05:19",Completed,"2026-09-12 14:48:55",Completed,"2026-09-12 14:51:34","Not completed",,Completed,"2026-09-12 23:21:48","Not completed","1970-01-01 01:00:00",Completed,"2026-09-13 15:32:25",Completed,"2026-09-13 15:33:55",Completed,"2026-09-13 15:42:47",Completed,"2026-09-13 15:44:14","Not completed","1970-01-01 01:00:00","Not completed",,"Not completed",,"Not completed",
"AMINU AHMAD",aminumusaahmad@gmail.com,Completed,"2026-08-27 18:45:38",Completed,"2026-08-27 15:32:28",Completed,"2026-08-27 15:35:09",Completed,"2026-08-27 15:35:48",Completed,"2026-08-27 15:35:52",Completed,"2026-08-27 15:35:58",Completed,"2026-08-27 15:36:04",Completed,"2026-08-27 15:36:09",Completed,"2026-08-27 15:36:13",Completed,"2026-08-27 15:36:17",Completed,"2026-08-27 17:32:17",Completed,"2026-08-27 17:44:26",Completed,"2026-08-27 18:25:48",Completed,"2026-08-27 18:26:08",Completed,"2026-08-27 18:27:51","Completed (achieved pass grade)","2026-08-27 18:44:57",Completed,"2026-08-27 18:35:45",Completed,"2026-08-27 15:39:56",Completed,"2026-08-27 15:44:22",Completed,"2026-08-27 16:00:10",Completed,"2026-08-27 16:16:01",Completed,"2026-08-27 16:21:44",Completed,"2026-08-27 18:48:30",Completed,"2026-08-27 16:59:21",Completed,"2026-08-27 17:00:38",Completed,"2026-08-27 17:37:42",Completed,"2026-08-27 17:38:41",Completed,"2026-08-27 17:48:33",Completed,"2026-08-27 17:49:20",Completed,"2026-08-27 17:59:20",Completed,"2026-08-27 18:02:31",Completed,"2026-08-27 18:12:34",Completed,"2026-08-27 18:14:53"
"ISMAIL AHMAD",ismailgarbaahmadsanka@gmail.com,Completed,"2026-09-07 11:32:48",Completed,"2026-09-07 11:33:22",Completed,"2026-09-07 11:38:13",Completed,"2026-09-07 12:37:31",Completed,"2026-09-07 12:47:06",Completed,"2026-09-07 15:01:03",Completed,"2026-09-07 15:01:17",Completed,"2026-09-07 15:01:33",Completed,"2026-09-07 15:02:15",Completed,"2026-09-07 15:02:47",Completed,"2026-09-07 19:37:03",Completed,"2026-09-07 19:44:12",Completed,"2026-09-07 19:55:13",Completed,"2026-09-07 19:42:40",Completed,"2026-09-07 20:02:53","Completed (achieved pass grade)","2026-09-07 20:01:28",Completed,"2026-09-07 20:01:39",Completed,"2026-09-07 15:07:50",Completed,"2026-09-07 15:15:47",Completed,"2026-09-08 20:42:17",Completed,"2026-09-07 17:53:12",Completed,"2026-09-07 15:23:15",Completed,"2026-09-07 18:07:03",Completed,"2026-09-07 19:28:42",Completed,"2026-09-08 11:47:07",Completed,"2026-09-07 19:32:46",Completed,"2026-09-08 20:52:42",Completed,"2026-09-08 19:55:14",Completed,"2026-09-08 21:01:45",Completed,"2026-09-08 19:41:04",Completed,"2026-09-08 21:08:17",Completed,"2026-09-08 19:37:49",Completed,"2026-09-07 20:12:41"
"JABIR AHMAD",jabirahmad921@gmail.com,Completed,"2026-09-14 13:33:44",Completed,"2026-09-14 13:48:15",Completed,"2026-09-14 13:51:28",Completed,"2026-09-14 14:03:40",Completed,"2026-09-14 14:05:40",Completed,"2026-09-14 14:14:31",Completed,"2026-09-14 14:22:46",Completed,"2026-09-14 14:23:13",Completed,"2026-09-14 14:37:17",Completed,"2026-09-14 14:44:34",Completed,"2026-09-14 17:09:02",Completed,"2026-09-16 13:52:03",Completed,"2026-09-16 15:26:40",Completed,"2026-09-16 15:26:54",Completed,"2026-09-16 15:33:25","Completed (achieved pass grade)","2026-09-16 15:50:15",Completed,"2026-09-16 15:50:48",Completed,"2026-09-14 13:59:54",Completed,"2026-09-14 15:12:45",Completed,"2026-09-14 15:27:14",Completed,"2026-09-14 15:51:58",Completed,"2026-09-14 15:56:08",Completed,"2026-09-16 15:52:44",Completed,"2026-09-14 16:54:47",Completed,"2026-09-14 17:02:35",Completed,"2026-09-16 13:25:02",Completed,"2026-09-16 13:36:47",Completed,"2026-09-16 14:08:00",Completed,"2026-09-16 14:11:50",Completed,"2026-09-16 14:48:16",Completed,"2026-09-16 14:57:57",Completed,"2026-09-16 15:14:36",Completed,"2026-09-16 15:18:16"
"MARYAM AHMAD",kajzalimsfamily@gmail.com,Completed,"2026-08-29 14:48:03",Completed,"2026-08-28 22:57:57",Completed,"2026-08-29 10:59:11",Completed,"2026-08-28 22:58:05",Completed,"2026-08-28 22:58:06",Completed,"2026-08-28 22:58:08",Completed,"2026-08-28 22:58:09",Completed,"2026-08-28 22:58:10",Completed,"2026-08-28 22:58:14",Completed,"2026-08-28 22:58:12",Completed,"2026-08-29 12:17:47",Completed,"2026-08-28 22:58:39",Completed,"2026-08-29 13:19:53",Completed,"2026-08-28 22:59:01",Completed,"2026-08-29 13:25:52","Completed (achieved pass grade)","2026-08-29 13:42:20",Completed,"2026-08-28 22:59:04",Completed,"2026-08-29 11:03:59",Completed,"2026-08-29 11:10:16",Completed,"2026-08-29 13:07:35",Completed,"2026-08-29 11:32:30",Completed,"2026-08-29 13:59:37",Completed,"2026-08-29 13:58:17",Completed,"2026-08-29 12:02:13",Completed,"2026-08-29 14:39:23",Completed,"2026-08-29 12:23:32",Completed,"2026-08-29 12:24:59",Completed,"2026-08-29 12:34:41",Completed,"2026-08-29 12:35:29",Completed,"2026-08-29 12:45:52",Completed,"2026-08-29 12:48:21",Completed,"2026-08-29 12:58:12",Completed,"2026-08-29 13:00:20"
"MUKHTAR AHMAD",bashkaldatasub@gmail.com,Completed,"2026-09-10 10:40:57",Completed,"2026-09-10 10:40:36",Completed,"2026-09-10 10:43:21",Completed,"2026-09-10 10:44:02",Completed,"2026-09-10 10:44:35",Completed,"2026-09-10 10:45:58",Completed,"2026-09-11 11:16:23",Completed,"2026-09-11 11:17:20",Completed,"2026-09-11 11:17:31",Completed,"2026-09-11 11:19:52",Completed,"2026-09-16 11:35:29",Completed,"2026-09-16 11:56:54",Completed,"2026-09-16 11:59:53",Completed,"2026-09-12 13:03:53",Completed,"2026-09-18 11:49:53","Completed (achieved pass grade)","2026-09-16 12:05:33",Completed,"2026-09-12 13:04:24",Completed,"2026-09-11 11:25:25",Completed,"2026-09-11 11:30:30",Completed,"2026-09-11 11:49:29",Completed,"2026-09-11 11:59:13",Completed,"2026-09-12 13:35:37",Completed,"2026-09-18 11:43:39",Completed,"2026-09-12 13:23:57",Completed,"2026-09-16 11:39:06",Completed,"2026-09-12 13:29:56",Completed,"2026-09-16 12:08:09",Completed,"2026-09-16 11:16:01",Completed,"2026-09-16 12:20:41",Completed,"2026-09-16 11:25:06",Completed,"2026-09-18 11:17:59",Completed,"2026-09-16 11:38:08","Not completed","1970-01-01 01:00:00"
"TAJUDDEEN AHMAD",tajuddinma468@gmail.com,Completed,"2026-08-28 11:48:28",Completed,"2026-08-28 11:47:44",Completed,"2026-08-28 11:51:54",Completed,"2026-08-28 11:47:50",Completed,"2026-08-28 11:47:51",Completed,"2026-08-28 11:47:52",Completed,"2026-08-28 11:47:52",Completed,"2026-08-28 11:47:53",Completed,"2026-08-28 11:47:55",Completed,"2026-08-28 11:47:58",Completed,"2026-08-28 13:51:13",Completed,"2026-08-28 13:51:31",Completed,"2026-08-28 13:11:17",Completed,"2026-08-28 11:48:22",Completed,"2026-08-28 14:15:32","Completed (achieved pass grade)","2026-08-28 13:21:54",Completed,"2026-08-28 11:48:25",Completed,"2026-08-28 11:58:09",Completed,"2026-08-28 12:02:46",Completed,"2026-08-28 12:05:24",Completed,"2026-08-28 12:17:07",Completed,"2026-08-28 12:24:47",Completed,"2026-08-28 13:31:41",Completed,"2026-08-28 12:45:30",Completed,"2026-08-28 13:32:43",Completed,"2026-08-28 12:50:16",Completed,"2026-08-28 13:38:35",Completed,"2026-08-28 12:54:06",Completed,"2026-08-28 13:44:25",Completed,"2026-08-28 12:57:42",Completed,"2026-08-28 14:02:19",Completed,"2026-08-28 13:01:58",Completed,"2026-08-28 14:08:44"
"USMAN AHMAD",usmanusman07089@gmail.com,Completed,"2026-09-21 12:14:48",Completed,"2026-09-22 11:56:51","Not completed","1970-01-01 01:00:00",Completed,"2026-09-22 12:10:15",Completed,"2026-09-27 23:25:31",Completed,"2026-09-27 23:29:49",Completed,"2026-09-28 11:33:02",Completed,"2026-09-28 11:52:48",Completed,"2026-09-28 12:01:21","Not completed",,"Not completed",,"Not completed",,"Not completed",,"Not completed",,"Not completed",,"Not completed",,"Not completed",,"Not completed",,"Not completed",,"Not completed",,"Not completed",,"Not completed",,"Not completed",,"Not completed",,"Not completed",,"Not completed",,"Not completed",,"Not completed",,"Not completed",,"Not completed",,"Not completed",,"Not completed",,"Not completed",
"ABDULFATAH AHMED",abdulfatahahmed594@gmail.com,Completed,"2026-09-06 14:56:36",Completed,"2026-09-06 14:57:11",Completed,"2026-09-10 09:40:42",Completed,"2026-09-17 10:47:37",Completed,"2026-09-17 10:48:12",Completed,"2026-09-17 10:48:25",Completed,"2026-09-17 10:48:33",Completed,"2026-09-17 10:48:47",Completed,"2026-09-17 10:48:59",Completed,"2026-09-17 10:49:08",Completed,"2026-09-11 16:17:02",Completed,"2026-09-11 21:09:17",Completed,"2026-09-12 12:16:48",Completed,"2026-09-11 21:28:16",Completed,"2026-09-12 12:34:18","Completed (achieved pass grade)","2026-09-12 12:49:26",Completed,"2026-09-11 21:28:10",Completed,"2026-09-10 09:51:41",Completed,"2026-09-10 10:51:06",Completed,"2026-09-11 14:44:56",Completed,"2026-09-11 13:59:46",Completed,"2026-09-11 15:22:54",Completed,"2026-09-14 13:57:45",Completed,"2026-09-11 14:18:41",Completed,"2026-09-11 15:57:33",Completed,"2026-09-11 16:21:31",Completed,"2026-09-11 16:34:59",Completed,"2026-09-11 21:12:00",Completed,"2026-09-11 21:25:17",Completed,"2026-09-12 11:57:03",Completed,"2026-09-12 13:38:13",Completed,"2026-09-12 12:10:13",Completed,"2026-09-12 13:12:55"
"ADAMU AHMED",ahmed07025@gmail.com,Completed,"2026-08-15 14:12:02",Completed,"2026-07-30 21:02:43",Completed,"2026-07-30 23:34:30",Completed,"2026-08-03 20:03:15",Completed,"2026-08-10 13:59:34",Completed,"2026-08-10 13:59:44",Completed,"2026-08-10 13:59:50",Completed,"2026-08-10 13:59:56",Completed,"2026-08-10 14:03:19",Completed,"2026-08-12 11:09:10",Completed,"2026-08-15 14:36:50",Completed,"2026-08-12 11:08:36",Completed,"2026-08-15 14:54:21",Completed,"2026-08-12 11:10:12",Completed,"2026-08-14 10:34:52","Completed (achieved pass grade)","2026-08-14 10:56:33",Completed,"2026-07-30 23:46:35",Completed,"2026-07-30 23:44:48",Completed,"2026-07-31 10:30:48",Completed,"2026-08-05 14:43:13",Completed,"2026-07-31 10:37:09",Completed,"2026-08-05 19:35:25",Completed,"2026-07-31 11:04:07",Completed,"2026-07-31 11:17:22",Completed,"2026-08-10 14:21:39",Completed,"2026-08-10 14:35:14",Completed,"2026-08-10 19:16:36",Completed,"2026-08-10 21:17:50",Completed,"2026-08-11 19:57:30",Completed,"2026-08-11 20:27:31",Completed,"2026-08-11 23:59:43",Completed,"2026-08-12 09:40:03",Completed,"2026-08-12 11:00:25"
"SANI AHMED",saninamo10@gmail.com,Completed,"2026-08-29 12:51:35",Completed,"2026-08-28 22:31:39",Completed,"2026-08-29 09:43:33",Completed,"2026-08-28 22:31:43",Completed,"2026-08-28 22:31:44",Completed,"2026-08-28 22:31:46",Completed,"2026-08-28 22:31:47",Completed,"2026-08-28 22:31:48",Completed,"2026-08-28 22:31:49",Completed,"2026-08-28 22:31:50",Completed,"2026-08-29 11:11:20",Completed,"2026-08-29 09:55:33",Completed,"2026-08-29 12:35:08",Completed,"2026-08-29 12:35:30",Completed,"2026-08-29 12:36:19","Completed (achieved pass grade)","2026-08-29 05:51:01",Completed,"2026-08-28 22:32:36",Completed,"2026-08-29 09:47:36",Completed,"2026-08-29 09:59:34",Completed,"2026-08-29 10:07:41",Completed,"2026-08-29 10:18:18",Completed,"2026-08-29 10:52:50",Completed,"2026-08-29 12:43:53",Completed,"2026-08-29 10:50:49",Completed,"2026-08-29 11:05:11",Completed,"2026-08-29 11:15:40",Completed,"2026-08-29 11:23:33",Completed,"2026-08-29 12:17:02",Completed,"2026-08-29 11:30:04",Completed,"2026-08-29 12:27:55",Completed,"2026-08-29 11:39:37",Completed,"2026-08-29 12:31:47",Completed,"2026-08-29 11:47:51"
"JOHN AISIEN",johnaisien458@gmail.com,"Not completed",,"Not completed",,"Not completed",,"Not completed",,"Not completed",,"Not completed",,"Not completed",,"Not completed",,"Not completed",,"Not completed",,"Not completed",,"Not completed",,"Not completed",,"Not completed",,"Not completed",,"Not completed",,"Not completed",,"Not completed",,"Not completed",,"Not completed",,"Not completed",,"Not completed",,"Not completed",,"Not completed",,"Not completed",,"Not completed",,"Not completed",,"Not completed",,"Not completed",,"Not completed",,"Not completed",,"Not completed",,"Not completed",
"OFURE AJAYI",peaceajayi2001@gmail.com,Completed,"2026-07-15 19:03:54",Completed,"2026-07-15 19:04:42",Completed,"2026-07-15 19:06:23",Completed,"2026-07-15 19:08:41",Completed,"2026-07-15 19:08:22",Completed,"2026-07-15 19:08:26",Completed,"2026-07-15 19:08:27",Completed,"2026-07-15 19:08:29",Completed,"2026-07-15 19:08:30",Completed,"2026-07-15 19:08:32",Completed,"2026-07-15 19:50:18",Completed,"2026-07-15 19:50:50",Completed,"2026-07-15 19:53:32",Completed,"2026-07-15 19:51:11",Completed,"2026-07-15 19:54:25","Completed (achieved pass grade)","2026-07-15 20:12:05",Completed,"2026-07-15 20:05:01",Completed,"2026-07-15 19:13:05",Completed,"2026-07-15 19:16:45",Completed,"2026-07-15 19:18:29",Completed,"2026-07-15 19:23:11",Completed,"2026-07-15 19:24:45",Completed,"2026-07-15 19:25:25",Completed,"2026-07-15 19:30:46",Completed,"2026-07-15 19:32:39",Completed,"2026-07-15 19:34:49",Completed,"2026-07-15 19:36:46",Completed,"2026-07-15 19:38:44",Completed,"2026-07-15 19:40:41",Completed,"2026-07-15 19:43:14",Completed,"2026-07-15 19:45:07",Completed,"2026-07-15 19:47:14",Completed,"2026-07-15 19:48:57"
"EMMANUEL AJEJOHNSON",eajejohnson@gmail.com,Completed,"2026-09-08 13:56:43",Completed,"2026-09-08 13:58:00",Completed,"2026-09-08 14:03:34",Completed,"2026-09-08 14:25:29",Completed,"2026-09-08 14:35:15",Completed,"2026-09-08 14:43:43",Completed,"2026-09-08 14:58:02",Completed,"2026-09-08 15:05:31",Completed,"2026-09-09 13:14:54",Completed,"2026-09-09 13:18:47","Not completed",,"Not completed",,"Not completed",,"Not completed",,"Not completed",,"Not completed",,"Not completed",,Completed,"2026-09-09 13:22:20",Completed,"2026-09-09 15:43:23",Completed,"2026-09-15 13:17:17",Completed,"2026-09-15 13:26:54",Completed,"2026-09-15 13:46:51","Not completed",,Completed,"2026-09-28 11:44:18","Not completed","1970-01-01 01:00:00","Not completed",,"Not completed",,"Not completed",,"Not completed",,"Not completed",,"Not completed",,"Not completed",,"Not completed",
"AYOMIDE AJIMOTOKAN",ayomidedan80@gmail.com,Completed,"2026-07-25 10:14:46",Completed,"2026-07-25 10:17:47",Completed,"2026-07-25 10:19:50",Completed,"2026-07-25 12:06:48",Completed,"2026-07-25 12:11:14",Completed,"2026-07-25 12:18:13",Completed,"2026-07-25 12:19:06",Completed,"2026-07-25 12:21:33",Completed,"2026-07-25 12:21:39",Completed,"2026-07-25 12:21:46",Completed,"2026-07-27 08:41:37",Completed,"2026-07-25 20:35:55",Completed,"2026-07-27 16:38:11",Completed,"2026-07-25 12:37:16",Completed,"2026-07-27 08:21:26","Completed (achieved pass grade)","2026-07-27 17:06:15",Completed,"2026-07-25 12:38:49",Completed,"2026-07-25 12:24:44",Completed,"2026-07-25 12:44:30",Completed,"2026-07-25 17:20:22",Completed,"2026-07-27 08:47:58",Completed,"2026-07-25 20:37:31",Completed,"2026-07-27 16:27:40",Completed,"2026-07-27 16:21:43",Completed,"2026-07-27 08:40:56",Completed,"2026-07-27 16:52:48",Completed,"2026-07-25 20:39:27",Completed,"2026-07-27 16:56:40",Completed,"2026-07-25 20:45:08",Completed,"2026-07-27 17:00:18",Completed,"2026-07-25 20:34:26",Completed,"2026-07-27 16:41:16",Completed,"2026-07-25 20:46:29"
"LOOKMAN AJISEBUTU",ajisebutulookman@gmail.com,Completed,"2026-09-17 16:11:32",Completed,"2026-09-17 16:11:16",Completed,"2026-09-17 16:13:58",Completed,"2026-09-17 16:26:18",Completed,"2026-09-17 16:25:36",Completed,"2026-09-17 16:25:37",Completed,"2026-09-17 16:25:38",Completed,"2026-09-17 16:25:39",Completed,"2026-09-17 16:25:40",Completed,"2026-09-17 16:25:41","Not completed",,"Not completed",,"Not completed",,"Not completed",,"Not completed",,"Not completed",,"Not completed",,Completed,"2026-09-17 16:31:12","Not completed",,"Not completed",,"Not completed",,"Not completed",,"Not completed",,"Not completed","1970-01-01 01:00:00","Not completed",,"Not completed",,"Not completed",,"Not completed",,"Not completed",,"Not completed",,"Not completed",,"Not completed",,"Not completed",
"PETER AKINOLA",alagbeodunola38@gmail.com,Completed,"2026-08-11 11:18:10",Completed,"2026-08-11 10:14:23",Completed,"2026-08-11 10:19:30",Completed,"2026-08-11 10:24:23",Completed,"2026-08-11 10:24:24",Completed,"2026-08-11 10:24:26",Completed,"2026-08-11 10:24:27",Completed,"2026-08-11 10:24:29",Completed,"2026-08-11 10:24:37",Completed,"2026-08-11 10:24:38",Completed,"2026-08-11 12:32:13",Completed,"2026-08-11 12:18:35",Completed,"2026-08-11 13:47:09",Completed,"2026-08-11 11:18:02",Completed,"2026-08-11 13:52:16","Completed (achieved pass grade)","2026-08-11 14:01:54",Completed,"2026-08-11 11:18:05",Completed,"2026-08-11 10:30:24",Completed,"2026-08-11 10:35:25",Completed,"2026-08-11 11:03:23",Completed,"2026-08-11 11:15:30",Completed,"2026-08-11 11:26:30",Completed,"2026-08-11 14:05:42",Completed,"2026-08-11 11:44:40",Completed,"2026-08-11 11:58:44",Completed,"2026-08-11 12:15:30",Completed,"2026-08-11 12:52:10",Completed,"2026-08-11 12:27:56",Completed,"2026-08-11 13:04:05",Completed,"2026-08-11 13:11:54",Completed,"2026-08-11 13:19:37",Completed,"2026-08-11 13:35:54",Completed,"2026-08-11 13:37:23"
"MOSES AKINTUBUWA",akintubuwaibimisanmoses@gmail.com,Completed,"2026-08-19 09:48:24",Completed,"2026-08-19 09:48:54",Completed,"2026-08-19 09:51:34",Completed,"2026-08-19 09:56:18",Completed,"2026-08-19 09:59:41",Completed,"2026-08-19 10:39:53",Completed,"2026-08-19 10:46:37",Completed,"2026-08-19 10:48:16",Completed,"2026-08-19 10:53:58",Completed,"2026-08-19 11:07:56",Completed,"2026-08-20 12:35:25",Completed,"2026-08-24 10:37:28",Completed,"2026-08-24 13:17:57",Completed,"2026-08-24 13:20:11",Completed,"2026-08-24 13:30:55","Completed (achieved pass grade)","2026-08-24 14:06:38",Completed,"2026-08-24 13:56:42",Completed,"2026-08-19 11:11:29",Completed,"2026-08-19 11:31:47",Completed,"2026-08-19 11:51:38",Completed,"2026-08-19 12:15:11",Completed,"2026-08-19 12:58:15",Completed,"2026-08-24 13:58:46",Completed,"2026-08-20 12:32:23",Completed,"2026-08-20 12:43:35",Completed,"2026-08-20 14:07:45",Completed,"2026-08-20 14:18:15",Completed,"2026-08-24 11:03:32",Completed,"2026-08-24 11:37:11",Completed,"2026-08-24 12:17:44",Completed,"2026-08-24 12:31:15",Completed,"2026-08-24 12:57:45",Completed,"2026-08-24 13:05:36"
"KEHINDE AKINTUNDE",adufekent713@gmail.com,Completed,"2026-08-04 19:43:12",Completed,"2026-07-03 06:31:52",Completed,"2026-07-03 06:34:13",Completed,"2026-07-03 07:37:07",Completed,"2026-07-03 07:37:10",Completed,"2026-07-03 07:37:12",Completed,"2026-07-03 07:37:14",Completed,"2026-07-03 07:37:16",Completed,"2026-07-03 07:37:18",Completed,"2026-07-03 07:37:20",Completed,"2026-07-21 05:43:00",Completed,"2026-07-21 05:43:43",Completed,"2026-07-21 06:02:46",Completed,"2026-07-21 05:44:52",Completed,"2026-07-21 10:44:31","Completed (achieved pass grade)","2026-08-04 19:42:17",Completed,"2026-07-21 15:39:15",Completed,"2026-07-03 06:40:15",Completed,"2026-07-03 07:35:40",Completed,"2026-07-20 19:52:52",Completed,"2026-07-03 07:49:04",Completed,"2026-07-20 20:07:45",Completed,"2026-07-20 20:11:21",Completed,"2026-07-20 20:21:08",Completed,"2026-07-21 04:09:34",Completed,"2026-07-21 04:12:59",Completed,"2026-07-21 04:30:04",Completed,"2026-07-21 04:36:20",Completed,"2026-07-21 04:51:36",Completed,"2026-07-21 04:57:10",Completed,"2026-07-21 05:20:36",Completed,"2026-07-21 05:24:38",Completed,"2026-07-21 05:37:59"
"NURUDEEN AKOSILE",nuruakosile@gmail.com,Completed,"2026-08-04 12:33:45",Completed,"2026-08-04 13:15:11",Completed,"2026-08-04 13:18:18",Completed,"2026-08-05 11:03:02",Completed,"2026-08-05 11:11:44",Completed,"2026-08-05 11:18:04",Completed,"2026-08-05 11:25:10",Completed,"2026-08-05 11:31:59",Completed,"2026-08-05 11:40:37",Completed,"2026-08-05 11:49:32",Completed,"2026-09-28 09:46:20",Completed,"2026-09-01 15:51:42","Not completed","1970-01-01 01:00:00",Completed,"2026-09-08 15:31:46","Not completed",,"Not completed",,"Not completed",,Completed,"2026-08-05 11:54:45",Completed,"2026-09-01 13:31:45",Completed,"2026-09-21 16:54:54",Completed,"2026-09-01 13:54:14",Completed,"2026-09-21 16:01:37","Not completed",,Completed,"2026-09-01 15:01:26",Completed,"2026-09-22 15:26:45",Completed,"2026-09-01 15:35:01",Completed,"2026-09-22 16:56:18",Completed,"2026-09-01 16:01:05",Completed,"2026-09-26 21:28:33",Completed,"2026-09-08 13:40:06","Not completed","1970-01-01 01:00:00",Completed,"2026-09-08 14:57:19","Not completed",
"FUAD ALABI",fuadalabi2019@gmail.com,Completed,"2026-08-06 15:14:10",Completed,"2026-08-06 14:49:02",Completed,"2026-08-06 15:01:46",Completed,"2026-08-06 14:49:10",Completed,"2026-08-06 14:49:12",Completed,"2026-08-06 14:49:12",Completed,"2026-08-06 14:49:13",Completed,"2026-08-06 14:49:14",Completed,"2026-08-06 14:49:16",Completed,"2026-08-06 14:49:16",Completed,"2026-08-14 20:50:54",Completed,"2026-08-06 14:50:04",Completed,"2026-08-17 11:37:07",Completed,"2026-08-06 14:50:30",Completed,"2026-08-17 12:52:54","Completed (achieved pass grade)","2026-08-19 13:16:27",Completed,"2026-08-06 14:50:33",Completed,"2026-08-17 13:09:09",Completed,"2026-08-11 11:53:15",Completed,"2026-08-13 13:52:19",Completed,"2026-08-13 12:43:57",Completed,"2026-08-13 12:58:23",Completed,"2026-08-14 20:53:44",Completed,"2026-08-17 13:41:52",Completed,"2026-08-13 13:59:33",Completed,"2026-08-17 14:05:16",Completed,"2026-08-17 11:51:36",Completed,"2026-08-18 11:33:12",Completed,"2026-08-17 13:10:25",Completed,"2026-08-18 11:46:11",Completed,"2026-08-17 13:43:33",Completed,"2026-08-17 13:53:13",Completed,"2026-08-17 13:03:06"
"MICHAEL ALABI",michaelalabi926@gmail.com,Completed,"2026-08-12 15:02:21",Completed,"2026-08-12 12:20:55",Completed,"2026-08-12 12:24:04",Completed,"2026-08-12 12:21:05",Completed,"2026-08-12 12:21:14",Completed,"2026-08-12 12:21:08",Completed,"2026-08-12 12:21:10",Completed,"2026-08-12 12:21:12",Completed,"2026-08-12 12:21:15",Completed,"2026-08-12 12:21:16",Completed,"2026-08-12 14:17:18",Completed,"2026-08-12 14:23:29",Completed,"2026-08-12 14:32:01",Completed,"2026-08-12 14:23:40",Completed,"2026-08-12 14:25:34","Completed (achieved pass grade)","2026-08-12 15:00:50",Completed,"2026-08-12 14:23:42",Completed,"2026-08-12 12:28:21",Completed,"2026-08-12 12:35:55",Completed,"2026-08-12 12:38:13",Completed,"2026-08-12 14:04:53",Completed,"2026-08-12 13:58:41",Completed,"2026-08-12 14:06:13",Completed,"2026-08-12 14:11:13",Completed,"2026-08-12 14:12:55",Completed,"2026-08-12 14:29:27",Completed,"2026-08-12 14:21:03",Completed,"2026-08-12 14:44:45",Completed,"2026-08-12 14:33:07",Completed,"2026-08-12 14:47:33",Completed,"2026-08-12 14:51:30",Completed,"2026-08-12 14:36:52",Completed,"2026-08-12 14:39:27"
"FARUQ ALAO",walealao29@gmail.com,"Not completed",,Completed,"2026-06-03 07:55:49",Completed,"2026-06-03 13:36:07",Completed,"2026-06-03 13:41:03",Completed,"2026-06-03 13:48:22",Completed,"2026-06-03 13:58:59",Completed,"2026-06-03 14:06:02",Completed,"2026-06-03 14:14:26",Completed,"2026-06-03 14:26:42",Completed,"2026-06-03 14:40:27","Not completed",,"Not completed",,"Not completed",,"Not completed",,"Not completed",,"Not completed",,"Not completed",,Completed,"2026-06-03 14:45:27",Completed,"2026-06-05 16:03:00",Completed,"2026-06-05 16:18:13",Completed,"2026-06-05 16:45:03",Completed,"2026-06-05 16:58:13",Completed,"2026-06-05 17:00:14","Not completed",,"Not completed","1970-01-01 01:00:00","Not completed",,"Not completed",,"Not completed",,"Not completed",,"Not completed",,"Not completed",,"Not completed",,"Not completed",
"ABUBUKAR ALASAN",kingalaji130@gmail.com,Completed,"2026-09-18 17:40:41",Completed,"2026-09-11 14:55:41",Completed,"2026-09-11 13:49:44",Completed,"2026-09-11 14:06:47",Completed,"2026-09-11 14:06:53",Completed,"2026-09-11 14:06:57",Completed,"2026-09-11 14:07:03",Completed,"2026-09-11 14:07:08",Completed,"2026-09-11 14:07:15",Completed,"2026-09-11 14:07:21",Completed,"2026-09-11 14:56:46",Completed,"2026-09-11 14:31:03",Completed,"2026-09-11 14:47:12",Completed,"2026-09-11 14:47:29",Completed,"2026-09-15 22:11:36","Completed (achieved pass grade)","2026-09-11 14:54:02",Completed,"2026-09-11 14:54:17",Completed,"2026-09-11 14:03:44",Completed,"2026-09-11 14:13:59",Completed,"2026-09-12 17:02:37",Completed,"2026-09-11 14:20:59",Completed,"2026-09-12 19:09:18",Completed,"2026-09-16 14:15:56",Completed,"2026-09-11 14:26:36",Completed,"2026-09-14 18:23:10",Completed,"2026-09-11 14:30:13",Completed,"2026-09-13 22:00:45",Completed,"2026-09-11 14:35:18",Completed,"2026-09-15 22:05:43",Completed,"2026-09-11 14:40:33",Completed,"2026-09-14 19:06:57",Completed,"2026-09-11 14:44:05",Completed,"2026-09-17 14:14:19"
"FRANKLIN ALEGU",mrfranklinalegu@gmail.com,Completed,"2026-06-06 09:43:54",Completed,"2026-06-06 09:46:57",Completed,"2026-06-06 10:19:47",Completed,"2026-06-06 10:22:26",Completed,"2026-06-06 10:28:53",Completed,"2026-06-06 10:36:29",Completed,"2026-06-06 10:36:46",Completed,"2026-06-06 10:43:42",Completed,"2026-06-06 10:48:43",Completed,"2026-06-06 10:48:57",Completed,"2026-06-13 07:53:39",Completed,"2026-06-13 07:36:50",Completed,"2026-06-13 07:56:02",Completed,"2026-06-13 07:48:16",Completed,"2026-06-13 08:23:47","Completed (achieved pass grade)","2026-07-05 09:40:28",Completed,"2026-06-13 08:24:00",Completed,"2026-06-06 10:53:02",Completed,"2026-06-06 10:56:21",Completed,"2026-06-06 11:20:30",Completed,"2026-06-06 11:25:55",Completed,"2026-06-13 07:52:43",Completed,"2026-06-13 08:25:17",Completed,"2026-06-13 00:47:11",Completed,"2026-06-13 01:01:10",Completed,"2026-06-13 00:51:01",Completed,"2026-06-13 01:07:42",Completed,"2026-06-13 01:10:39",Completed,"2026-06-13 01:19:02",Completed,"2026-06-13 01:17:01",Completed,"2026-06-13 01:27:58",Completed,"2026-06-13 01:25:38",Completed,"2026-06-13 07:33:55"
"FATIMA ALHASSAN",ibraheemfateema14@gmail.com,Completed,"2026-09-12 09:08:54",Completed,"2026-09-12 09:09:29",Completed,"2026-09-14 10:17:31",Completed,"2026-09-12 09:11:06",Completed,"2026-09-12 09:11:19",Completed,"2026-09-12 09:11:30",Completed,"2026-09-12 09:11:54",Completed,"2026-09-12 09:12:24",Completed,"2026-09-12 09:12:37",Completed,"2026-09-12 09:12:45",Completed,"2026-09-14 10:41:46",Completed,"2026-09-12 09:14:44",Completed,"2026-09-14 10:53:59",Completed,"2026-09-12 09:16:31",Completed,"2026-09-15 10:14:34","Completed (achieved pass grade)","2026-09-14 11:00:00",Completed,"2026-09-14 11:00:26",Completed,"2026-09-14 10:21:13",Completed,"2026-09-14 10:24:41",Completed,"2026-09-14 11:15:46",Completed,"2026-09-14 10:30:51",Completed,"2026-09-14 11:26:51",Completed,"2026-09-14 11:08:10",Completed,"2026-09-14 10:39:49",Completed,"2026-09-14 11:36:31",Completed,"2026-09-14 11:03:30",Completed,"2026-09-14 11:48:13",Completed,"2026-09-14 10:45:01",Completed,"2026-09-14 13:03:18",Completed,"2026-09-14 10:48:32",Completed,"2026-09-14 15:22:26",Completed,"2026-09-14 10:51:45",Completed,"2026-09-14 15:38:58"
"ABDULHAKEEM ALIYU",ahak33m@gmail.com,"Not completed",,"Not completed",,Completed,"2026-09-24 17:36:14","Not completed",,"Not completed",,"Not completed",,"Not completed",,"Not completed",,"Not completed",,"Not completed",,"Not completed",,"Not completed",,"Not completed",,"Not completed",,"Not completed",,"Not completed",,"Not completed",,Completed,"2026-09-26 08:08:13","Not completed",,"Not completed",,"Not completed",,"Not completed",,"Not completed",,"Not completed",,"Not completed",,"Not completed",,"Not completed",,"Not completed",,"Not completed",,"Not completed",,"Not completed",,"Not completed",,"Not completed",
"ABUBAKAR ALIYU",abubakaraliyuamg@gmail.com,Completed,"2026-07-30 17:32:11",Completed,"2026-07-30 17:31:44",Completed,"2026-07-30 17:40:06",Completed,"2026-07-30 17:33:09",Completed,"2026-07-30 17:33:10",Completed,"2026-07-30 17:33:11",Completed,"2026-07-30 17:33:12",Completed,"2026-07-30 17:33:13",Completed,"2026-07-30 17:33:14",Completed,"2026-07-30 17:33:19",Completed,"2026-07-30 17:34:17",Completed,"2026-07-31 10:08:12",Completed,"2026-08-01 14:20:50",Completed,"2026-07-30 17:34:58",Completed,"2026-08-01 13:40:35","Completed (achieved pass grade)","2026-08-01 14:30:43",Completed,"2026-07-30 17:35:27",Completed,"2026-07-30 17:45:06",Completed,"2026-07-30 17:50:29",Completed,"2026-07-30 17:52:09",Completed,"2026-07-30 17:59:41",Completed,"2026-07-31 06:30:51",Completed,"2026-08-01 13:51:52",Completed,"2026-07-31 11:36:36",Completed,"2026-08-01 12:51:59",Completed,"2026-08-01 13:57:38",Completed,"2026-08-01 13:10:44",Completed,"2026-08-01 14:02:44",Completed,"2026-08-01 13:19:06",Completed,"2026-08-01 14:11:10",Completed,"2026-08-01 13:25:41",Completed,"2026-08-01 14:17:12",Completed,"2026-08-01 13:33:19"
"AISHATU ALIYU",aachibiyayi@gmail.com,Completed,"2026-09-23 14:46:18",Completed,"2026-09-23 14:47:10",Completed,"2026-09-23 15:16:24",Completed,"2026-09-23 14:48:01",Completed,"2026-09-23 14:48:59",Completed,"2026-09-23 14:51:24",Completed,"2026-09-23 14:49:43",Completed,"2026-09-23 14:50:34",Completed,"2026-09-23 14:52:15",Completed,"2026-09-23 14:52:57",Completed,"2026-09-27 13:06:38",Completed,"2026-09-27 13:03:06",Completed,"2026-09-24 14:18:30",Completed,"2026-09-27 13:02:14",Completed,"2026-09-27 12:55:13","Completed (achieved pass grade)","2026-09-24 14:09:30",Completed,"2026-09-27 13:01:47",Completed,"2026-09-23 15:22:19",Completed,"2026-09-24 13:28:12",Completed,"2026-09-26 13:20:06",Completed,"2026-09-24 13:37:04",Completed,"2026-09-26 13:29:09",Completed,"2026-09-24 14:14:27",Completed,"2026-09-24 13:42:29",Completed,"2026-09-26 13:52:29",Completed,"2026-09-24 13:47:24",Completed,"2026-09-26 14:06:39",Completed,"2026-09-24 13:51:47",Completed,"2026-09-26 14:21:31",Completed,"2026-09-24 13:55:20",Completed,"2026-09-26 14:35:23",Completed,"2026-09-24 13:59:10",Completed,"2026-09-26 14:45:13"
"ALIYU ALIYU",aliyuahmedaliyufat@gmail.com,Completed,"2026-09-23 10:54:46",Completed,"2026-09-22 11:44:03",Completed,"2026-09-23 10:59:50",Completed,"2026-09-23 11:39:41",Completed,"2026-09-28 11:25:53",Completed,"2026-09-28 11:28:40",Completed,"2026-09-28 11:29:42",Completed,"2026-09-28 11:33:16",Completed,"2026-09-28 11:36:00",Completed,"2026-09-28 11:39:30","Not completed",,"Not completed",,"Not completed",,"Not completed",,"Not completed",,"Not completed",,"Not completed",,"Not completed","1970-01-01 01:00:00","Not completed",,"Not completed",,"Not completed",,"Not completed",,"Not completed",,"Not completed",,"Not completed",,"Not completed",,"Not completed",,"Not completed",,"Not completed",,"Not completed",,"Not completed",,"Not completed",,"Not completed",
"FARUK ALIYU",farukmuktaraliyu@gmail.com,Completed,"2026-06-02 14:23:48",Completed,"2026-06-02 14:24:23",Completed,"2026-06-02 14:27:44",Completed,"2026-06-03 17:04:36",Completed,"2026-06-03 17:04:38",Completed,"2026-06-03 17:04:39",Completed,"2026-06-03 17:04:40",Completed,"2026-06-03 17:04:41",Completed,"2026-06-03 17:04:43",Completed,"2026-06-03 17:04:45",Completed,"2026-06-03 17:05:59",Completed,"2026-06-03 17:06:19",Completed,"2026-06-03 17:07:35",Completed,"2026-06-03 17:06:29",Completed,"2026-06-03 18:27:19","Completed (achieved pass grade)","2026-07-05 09:40:27",Completed,"2026-06-03 18:34:15",Completed,"2026-06-02 14:35:58",Completed,"2026-06-02 14:43:58",Completed,"2026-06-02 22:36:30",Completed,"2026-06-02 22:41:51",Completed,"2026-06-02 23:13:38",Completed,"2026-06-02 23:14:55",Completed,"2026-06-02 23:25:45",Completed,"2026-06-03 06:01:03",Completed,"2026-06-03 06:07:20",Completed,"2026-06-03 10:27:12",Completed,"2026-06-03 10:32:00",Completed,"2026-06-03 10:52:18",Completed,"2026-06-03 10:56:54",Completed,"2026-06-03 11:25:07",Completed,"2026-06-03 16:41:33",Completed,"2026-06-03 17:04:09"
"HALIFA ALIYU",halifaaliyuabdulkadir@gmail.com,Completed,"2026-09-15 14:03:28",Completed,"2026-08-26 13:07:17",Completed,"2026-08-26 13:44:11",Completed,"2026-08-26 13:09:21",Completed,"2026-08-26 13:09:23",Completed,"2026-08-26 13:09:24",Completed,"2026-08-26 13:09:25",Completed,"2026-08-26 13:09:27",Completed,"2026-08-26 13:09:28",Completed,"2026-08-26 13:09:30",Completed,"2026-09-02 11:58:39",Completed,"2026-08-26 13:09:54",Completed,"2026-09-02 11:09:26",Completed,"2026-09-17 14:06:51",Completed,"2026-09-02 11:51:12","Not completed","1970-01-01 01:00:00",Completed,"2026-09-14 07:56:58",Completed,"2026-08-26 13:47:10",Completed,"2026-08-26 13:49:01",Completed,"2026-08-26 13:51:51",Completed,"2026-08-26 13:59:49",Completed,"2026-08-26 14:55:19",Completed,"2026-08-26 13:42:29",Completed,"2026-08-26 15:12:13",Completed,"2026-08-26 15:14:21",Completed,"2026-09-02 10:49:07",Completed,"2026-08-26 15:20:07",Completed,"2026-09-02 10:51:05",Completed,"2026-08-26 15:25:52",Completed,"2026-09-02 10:55:04",Completed,"2026-08-26 15:31:29",Completed,"2026-09-02 11:01:55",Completed,"2026-08-26 15:40:32"
"USAINI ALIYU",hussainialiyuadam781@gmail.com,Completed,"2026-09-07 12:38:12",Completed,"2026-09-07 09:30:32",Completed,"2026-09-07 09:32:23",Completed,"2026-09-07 09:33:44",Completed,"2026-09-07 09:33:46",Completed,"2026-09-07 09:33:49",Completed,"2026-09-07 09:33:51",Completed,"2026-09-07 09:33:56",Completed,"2026-09-07 09:33:58",Completed,"2026-09-07 09:32:58",Completed,"2026-09-07 11:13:49",Completed,"2026-09-07 11:17:26",Completed,"2026-09-07 12:18:42",Completed,"2026-09-07 12:19:15",Completed,"2026-09-07 12:25:04","Completed (achieved pass grade)","2026-09-07 12:34:35",Completed,"2026-09-07 12:34:55",Completed,"2026-09-07 09:36:40",Completed,"2026-09-07 09:39:46",Completed,"2026-09-07 09:53:03",Completed,"2026-09-07 10:03:46",Completed,"2026-09-07 10:25:27",Completed,"2026-09-07 12:37:36",Completed,"2026-09-07 10:41:57",Completed,"2026-09-07 11:02:37",Completed,"2026-09-07 11:16:53",Completed,"2026-09-07 11:24:44",Completed,"2026-09-07 11:32:34",Completed,"2026-09-07 11:43:09",Completed,"2026-09-07 11:56:42",Completed,"2026-09-07 12:02:18",Completed,"2026-09-07 12:09:52",Completed,"2026-09-07 12:13:08"
"LUKMAN ALKASIM",zikirullahlukman775@gmail.com,Completed,"2026-08-17 10:59:32",Completed,"2026-08-17 11:06:48",Completed,"2026-08-17 11:14:08",Completed,"2026-08-17 11:07:19",Completed,"2026-08-17 11:07:20",Completed,"2026-08-17 11:07:20",Completed,"2026-08-17 11:07:21",Completed,"2026-08-17 11:07:26",Completed,"2026-08-17 12:07:45",Completed,"2026-08-17 11:07:28",Completed,"2026-08-19 13:33:40",Completed,"2026-08-17 11:08:03",Completed,"2026-08-20 16:57:51",Completed,"2026-08-17 11:08:22",Completed,"2026-08-19 13:01:49","Completed (achieved pass grade)","2026-08-17 12:23:28",Completed,"2026-08-17 11:08:37",Completed,"2026-08-17 11:20:05",Completed,"2026-08-19 13:23:19",Completed,"2026-08-17 11:41:20",Completed,"2026-08-17 11:54:12",Completed,"2026-08-17 11:57:13",Completed,"2026-08-17 12:14:17",Completed,"2026-08-19 13:16:40",Completed,"2026-08-19 13:25:58",Completed,"2026-08-19 13:39:23",Completed,"2026-08-19 13:52:15",Completed,"2026-08-19 13:43:02",Completed,"2026-08-19 14:27:06",Completed,"2026-08-19 13:48:00",Completed,"2026-08-19 14:19:45",Completed,"2026-08-19 14:04:38",Completed,"2026-08-19 14:08:45"
"OKECHUKWU ALOZIE",claudalozie@gmail.com,"Not completed",,"Not completed",,"Not completed",,"Not completed",,"Not completed",,"Not completed",,"Not completed",,"Not completed",,"Not completed",,"Not completed",,"Not completed",,"Not completed",,"Not completed",,"Not completed",,"Not completed",,"Not completed",,"Not completed",,"Not completed",,"Not completed",,"Not completed",,"Not completed",,"Not completed",,"Not completed",,"Not completed",,"Not completed",,"Not completed",,"Not completed",,"Not completed",,"Not completed",,"Not completed",,"Not completed",,"Not completed",,"Not completed",
"STEPHEN AMATEBE",wrkwithstephen@gmail.com,"Not completed",,"Not completed",,"Not completed",,"Not completed",,"Not completed",,"Not completed",,"Not completed",,"Not completed",,"Not completed",,"Not completed",,"Not completed",,"Not completed",,"Not completed",,"Not completed",,"Not completed",,"Not completed",,"Not completed",,"Not completed",,"Not completed",,"Not completed",,"Not completed",,"Not completed",,"Not completed",,"Not completed",,"Not completed",,"Not completed",,"Not completed",,"Not completed",,"Not completed",,"Not completed",,"Not completed",,"Not completed",,"Not completed",
"EMMANUEL AMEDU",talk2emmaamedu@gmail.com,Completed,"2026-06-11 10:49:14",Completed,"2026-06-02 13:43:15",Completed,"2026-06-02 13:46:25",Completed,"2026-06-02 13:49:29",Completed,"2026-06-02 13:52:16",Completed,"2026-06-02 13:57:35",Completed,"2026-06-02 14:15:33",Completed,"2026-06-02 14:27:56",Completed,"2026-06-02 14:32:26",Completed,"2026-06-02 14:39:50",Completed,"2026-06-10 11:21:00",Completed,"2026-06-09 15:48:03",Completed,"2026-06-10 11:01:15",Completed,"2026-06-09 15:38:25",Completed,"2026-06-09 15:46:58","Completed (achieved pass grade)","2026-07-05 09:40:28",Completed,"2026-06-09 15:37:21",Completed,"2026-06-04 10:15:01",Completed,"2026-06-04 10:58:03",Completed,"2026-06-04 11:50:32",Completed,"2026-06-08 12:10:00",Completed,"2026-06-08 12:25:15",Completed,"2026-06-08 12:27:27",Completed,"2026-06-09 13:25:11",Completed,"2026-06-09 13:40:23",Completed,"2026-06-09 15:15:03",Completed,"2026-06-09 15:33:40",Completed,"2026-06-09 16:02:13",Completed,"2026-06-09 16:10:11",Completed,"2026-06-10 10:31:19",Completed,"2026-06-10 10:58:06",Completed,"2026-06-10 11:06:06",Completed,"2026-06-10 11:19:24"
"SHAGBAOR AMIH",shagbaordonald@gmail.com,Completed,"2026-09-18 12:18:09",Completed,"2026-09-18 12:19:38",Completed,"2026-09-18 12:22:54",Completed,"2026-09-18 13:40:33",Completed,"2026-09-18 13:46:21",Completed,"2026-09-18 13:56:15",Completed,"2026-09-18 14:04:16",Completed,"2026-09-18 14:09:04",Completed,"2026-09-18 14:18:57",Completed,"2026-09-18 14:19:26",Completed,"2026-09-23 10:26:52",Completed,"2026-09-23 15:06:58",Completed,"2026-09-24 14:14:03",Completed,"2026-09-24 15:47:28",Completed,"2026-09-24 15:39:07","Not completed","1970-01-01 01:00:00","Not completed",,Completed,"2026-09-18 12:33:43",Completed,"2026-09-18 12:38:25",Completed,"2026-09-18 14:47:23",Completed,"2026-09-18 15:48:06",Completed,"2026-09-18 16:42:38",Completed,"2026-09-18 15:41:36",Completed,"2026-09-22 13:56:23",Completed,"2026-09-22 16:06:13",Completed,"2026-09-23 11:23:30",Completed,"2026-09-23 12:35:45",Completed,"2026-09-23 13:49:59",Completed,"2026-09-23 14:43:35",Completed,"2026-09-23 16:39:02",Completed,"2026-09-23 17:48:19",Completed,"2026-09-24 12:59:24",Completed,"2026-09-24 13:52:21"
"KHADIJA AMINU",khadijaaminusani1530@gmail.com,Completed,"2026-08-24 03:55:56",Completed,"2026-08-24 03:55:51",Completed,"2026-08-24 09:53:42",Completed,"2026-08-24 03:56:16",Completed,"2026-08-24 03:56:17",Completed,"2026-08-24 03:56:18",Completed,"2026-08-24 03:56:19",Completed,"2026-08-24 03:56:21",Completed,"2026-08-24 03:56:21",Completed,"2026-08-24 03:56:23",Completed,"2026-08-24 09:47:42",Completed,"2026-08-24 09:55:13",Completed,"2026-08-24 23:48:40",Completed,"2026-08-24 03:57:14",Completed,"2026-08-24 23:57:37","Completed (achieved pass grade)","2026-08-24 23:43:43",Completed,"2026-08-24 03:57:07",Completed,"2026-08-24 04:01:44",Completed,"2026-08-24 09:50:46",Completed,"2026-08-24 22:02:08",Completed,"2026-08-24 09:36:51",Completed,"2026-08-24 22:18:19",Completed,"2026-08-24 23:38:17",Completed,"2026-08-24 04:08:28",Completed,"2026-08-24 22:34:55",Completed,"2026-08-24 04:12:00",Completed,"2026-08-24 22:43:50",Completed,"2026-08-24 04:15:57",Completed,"2026-08-24 23:07:20",Completed,"2026-08-24 09:59:04",Completed,"2026-08-24 23:20:23",Completed,"2026-08-24 10:02:55",Completed,"2026-08-24 23:31:40"
"MUHAMMAD AMINU",muhammadaminugaya2005@gmail.com,Completed,"2026-08-22 10:58:37",Completed,"2026-08-22 11:12:12",Completed,"2026-08-22 11:11:25",Completed,"2026-08-22 11:12:49",Completed,"2026-08-22 11:13:03",Completed,"2026-08-22 11:13:45",Completed,"2026-08-22 11:13:56",Completed,"2026-08-22 11:14:14",Completed,"2026-08-22 11:23:06",Completed,"2026-08-22 11:25:17",Completed,"2026-08-24 10:06:00",Completed,"2026-08-24 10:16:30",Completed,"2026-08-24 10:30:52",Completed,"2026-08-22 12:26:35",Completed,"2026-08-24 10:35:44","Completed (achieved pass grade)","2026-08-24 10:46:29",Completed,"2026-08-22 12:29:36",Completed,"2026-08-22 11:30:54",Completed,"2026-08-22 11:42:22",Completed,"2026-08-22 11:44:35",Completed,"2026-08-22 11:59:11",Completed,"2026-08-24 09:56:02",Completed,"2026-08-24 10:52:15",Completed,"2026-08-24 10:01:32",Completed,"2026-08-24 10:02:35",Completed,"2026-08-24 10:09:28",Completed,"2026-08-24 10:18:30",Completed,"2026-08-24 10:15:55",Completed,"2026-08-24 10:19:45",Completed,"2026-08-24 10:23:12",Completed,"2026-08-24 10:34:19",Completed,"2026-08-24 10:26:47",Completed,"2026-08-24 10:27:34"
"MUHAMMAD AMINU",bushbindigan@gmail.com,Completed,"2026-09-13 22:00:04",Completed,"2026-09-13 21:59:26",Completed,"2026-09-13 22:05:01",Completed,"2026-09-13 22:06:29",Completed,"2026-09-13 22:07:13",Completed,"2026-09-13 22:07:24",Completed,"2026-09-13 22:08:23",Completed,"2026-09-13 22:09:16",Completed,"2026-09-13 22:09:40",Completed,"2026-09-13 22:10:41",Completed,"2026-09-19 21:06:14",Completed,"2026-09-19 21:08:17",Completed,"2026-09-19 21:15:18",Completed,"2026-09-13 22:24:13",Completed,"2026-09-19 21:17:48","Not completed","1970-01-01 01:00:00",Completed,"2026-09-19 21:30:03",Completed,"2026-09-13 22:20:08",Completed,"2026-09-19 20:56:36",Completed,"2026-09-27 12:00:43",Completed,"2026-09-19 20:59:30","Not completed",,"Not completed","1970-01-01 01:00:00",Completed,"2026-09-19 21:02:53","Not completed",,Completed,"2026-09-19 21:07:37","Not completed",,Completed,"2026-09-19 21:09:47","Not completed",,Completed,"2026-09-19 21:11:17","Not completed",,Completed,"2026-09-19 21:13:11","Not completed",
"MUSA AMINU",musaaminusani339@gmail.com,Completed,"2026-09-03 17:15:01",Completed,"2026-09-03 17:17:17",Completed,"2026-09-04 11:21:39",Completed,"2026-09-04 09:59:26",Completed,"2026-09-04 10:00:02",Completed,"2026-09-04 10:00:15",Completed,"2026-09-04 10:00:39",Completed,"2026-09-04 10:00:48",Completed,"2026-09-04 10:01:10",Completed,"2026-09-04 10:01:19",Completed,"2026-09-09 11:51:02",Completed,"2026-09-04 10:09:07","Not completed","1970-01-01 01:00:00",Completed,"2026-09-04 10:09:51","Not completed",,"Not completed","1970-01-01 01:00:00",Completed,"2026-09-10 14:12:35",Completed,"2026-09-07 10:53:36",Completed,"2026-09-04 11:30:24",Completed,"2026-09-08 15:26:50",Completed,"2026-09-04 14:05:49",Completed,"2026-09-08 14:56:47",Completed,"2026-09-10 14:09:56",Completed,"2026-09-08 15:56:27","Not completed","1970-01-01 01:00:00",Completed,"2026-09-11 14:14:48",Completed,"2026-09-11 16:23:04","Not completed",,"Not completed",,"Not completed",,"Not completed",,"Not completed",,"Not completed",
"SANI AMINU",saniaminunalado666@gmail.com,Completed,"2026-09-04 10:18:52",Completed,"2026-09-04 10:19:18",Completed,"2026-09-04 10:22:59",Completed,"2026-09-04 10:28:19",Completed,"2026-09-04 10:28:39",Completed,"2026-09-04 10:28:47",Completed,"2026-09-04 10:28:53",Completed,"2026-09-04 10:29:00",Completed,"2026-09-04 10:29:07",Completed,"2026-09-04 10:29:14",Completed,"2026-09-04 11:13:43",Completed,"2026-09-04 10:51:51",Completed,"2026-09-04 11:32:24",Completed,"2026-09-04 11:33:38",Completed,"2026-09-06 10:50:27","Completed (achieved pass grade)","2026-09-04 11:45:46",Completed,"2026-09-04 11:53:07",Completed,"2026-09-04 10:34:07",Completed,"2026-09-04 10:38:22",Completed,"2026-09-04 12:06:16",Completed,"2026-09-04 10:45:33",Completed,"2026-09-05 12:44:27",Completed,"2026-09-04 23:23:12",Completed,"2026-09-04 11:01:14",Completed,"2026-09-05 12:22:34",Completed,"2026-09-04 11:20:28",Completed,"2026-09-05 13:16:56",Completed,"2026-09-04 11:57:54",Completed,"2026-09-04 23:27:26",Completed,"2026-09-04 11:24:46",Completed,"2026-09-06 10:11:27",Completed,"2026-09-04 11:29:12",Completed,"2026-09-06 10:45:44"
"FATIMO AMISU",amisufolashade@gmail.com,Completed,"2026-08-12 15:56:56",Completed,"2026-08-12 15:57:07",Completed,"2026-08-12 15:59:26",Completed,"2026-08-12 16:01:35",Completed,"2026-08-12 16:02:19",Completed,"2026-09-08 20:12:14","Not completed",,"Not completed",,"Not completed",,"Not completed",,"Not completed",,"Not completed",,"Not completed",,"Not completed",,"Not completed",,"Not completed",,"Not completed",,"Not completed",,"Not completed",,"Not completed",,"Not completed",,"Not completed",,"Not completed",,"Not completed",,"Not completed",,"Not completed",,"Not completed",,"Not completed",,"Not completed",,"Not completed",,"Not completed",,"Not completed",,"Not completed",
"KEHINDE AMOO",kleshlolz1@gmail.com,"Not completed",,Completed,"2026-08-16 15:46:28",Completed,"2026-08-16 15:48:14","Not completed",,"Not completed",,"Not completed",,"Not completed",,"Not completed",,"Not completed",,"Not completed",,"Not completed",,"Not completed",,"Not completed",,"Not completed",,"Not completed",,"Not completed",,"Not completed",,"Not completed",,"Not completed",,"Not completed",,"Not completed",,"Not completed",,"Not completed",,"Not completed",,"Not completed",,"Not completed",,"Not completed",,"Not completed",,"Not completed",,"Not completed",,"Not completed",,"Not completed",,"Not completed",
"THANKGOD ANAH",anahthankgod@gmail.com,Completed,"2026-08-19 13:45:58","Not completed",,"Not completed",,Completed,"2026-08-14 02:33:31",Completed,"2026-08-19 13:46:16",Completed,"2026-08-19 13:46:18",Completed,"2026-08-19 13:46:20",Completed,"2026-08-19 13:46:21",Completed,"2026-08-19 13:46:22",Completed,"2026-08-19 13:46:23","Not completed",,Completed,"2026-08-19 15:15:57","Not completed",,"Not completed",,"Not completed",,"Not completed",,"Not completed",,Completed,"2026-08-19 15:02:26",Completed,"2026-08-19 14:57:26","Not completed",,"Not completed",,"Not completed","1970-01-01 01:00:00","Not completed",,"Not completed","1970-01-01 01:00:00","Not completed","1970-01-01 01:00:00",Completed,"2026-08-19 13:44:19","Not completed","1970-01-01 01:00:00","Not completed",,"Not completed",,"Not completed",,"Not completed",,"Not completed",,"Not completed",
"EPHRAIM ANGYU",ephraimangyu@gmail.com,Completed,"2026-09-03 17:46:19",Completed,"2026-09-01 11:59:23",Completed,"2026-09-01 13:50:18",Completed,"2026-09-01 12:02:51",Completed,"2026-09-01 12:02:52",Completed,"2026-09-01 12:02:53",Completed,"2026-09-01 12:02:53",Completed,"2026-09-01 12:02:54",Completed,"2026-09-01 12:02:55",Completed,"2026-09-01 12:02:55",Completed,"2026-09-03 11:55:29",Completed,"2026-09-03 12:15:41",Completed,"2026-09-03 15:49:23",Completed,"2026-09-03 15:43:58",Completed,"2026-09-03 17:40:48","Completed (achieved pass grade)","2026-09-03 16:04:59",Completed,"2026-09-01 12:02:29",Completed,"2026-09-01 15:29:16",Completed,"2026-09-02 16:49:46",Completed,"2026-09-02 17:22:07",Completed,"2026-09-03 11:11:55",Completed,"2026-09-04 11:36:57",Completed,"2026-09-03 16:11:20",Completed,"2026-09-03 11:53:33",Completed,"2026-09-04 12:10:10",Completed,"2026-09-03 11:57:36",Completed,"2026-09-04 14:00:14",Completed,"2026-09-03 12:29:21",Completed,"2026-09-04 14:59:31",Completed,"2026-09-03 14:45:41",Completed,"2026-09-03 14:30:05",Completed,"2026-09-03 15:46:49",Completed,"2026-09-03 15:33:39"
"REBECCA ANIOBODO",aroneccax@gmail.com,Completed,"2026-06-27 16:47:43",Completed,"2026-06-27 16:47:51",Completed,"2026-06-27 16:49:04",Completed,"2026-07-22 18:59:33",Completed,"2026-07-22 19:03:08",Completed,"2026-07-22 19:30:36",Completed,"2026-07-22 19:30:37",Completed,"2026-07-22 19:30:38",Completed,"2026-07-22 19:30:39",Completed,"2026-07-22 19:30:41","Not completed",,"Not completed",,"Not completed",,"Not completed",,"Not completed",,"Not completed",,"Not completed",,Completed,"2026-07-22 19:29:42","Not completed","1970-01-01 01:00:00",Completed,"2026-07-24 22:24:38","Not completed",,"Not completed",,"Not completed",,"Not completed",,"Not completed",,"Not completed",,"Not completed",,"Not completed",,"Not completed",,"Not completed",,"Not completed",,"Not completed",,"Not completed",
"NNEKA ANYABUWA",annneka967@gmail.com,Completed,"2026-07-14 16:54:01",Completed,"2026-07-14 16:49:03",Completed,"2026-07-14 16:56:49",Completed,"2026-07-14 17:48:21",Completed,"2026-07-14 17:53:36",Completed,"2026-07-14 18:00:32",Completed,"2026-07-20 11:44:18",Completed,"2026-07-20 11:48:25",Completed,"2026-07-20 14:59:48",Completed,"2026-07-20 15:17:59",Completed,"2026-07-21 14:05:50",Completed,"2026-08-04 19:37:40",Completed,"2026-08-13 19:52:51",Completed,"2026-08-07 16:00:32",Completed,"2026-08-13 20:00:47","Completed (achieved pass grade)","2026-08-13 20:16:12",Completed,"2026-08-07 16:05:13",Completed,"2026-07-14 17:37:21",Completed,"2026-07-14 17:43:24",Completed,"2026-07-22 15:58:06",Completed,"2026-07-21 12:23:57",Completed,"2026-07-27 07:55:53",Completed,"2026-07-26 23:04:16",Completed,"2026-07-21 14:02:35",Completed,"2026-07-27 07:55:15",Completed,"2026-08-04 14:15:27",Completed,"2026-08-07 07:33:07",Completed,"2026-08-04 19:50:03",Completed,"2026-08-07 10:30:51",Completed,"2026-08-07 14:25:23",Completed,"2026-08-13 19:38:13",Completed,"2026-08-07 15:50:57",Completed,"2026-08-13 19:45:53"
"GANIYAT ASHIMI",ghaniyyah1119@gmail.com,Completed,"2026-09-24 15:00:12",Completed,"2026-09-12 23:04:27",Completed,"2026-09-12 23:06:51",Completed,"2026-09-16 15:50:56",Completed,"2026-09-19 10:35:34",Completed,"2026-09-19 10:40:18",Completed,"2026-09-19 10:46:51",Completed,"2026-09-19 10:49:40",Completed,"2026-09-19 10:56:11",Completed,"2026-09-19 10:56:37",Completed,"2026-09-24 14:27:45",Completed,"2026-09-24 14:57:17","Not completed",,"Not completed",,"Not completed",,"Not completed",,"Not completed",,Completed,"2026-09-19 11:02:19",Completed,"2026-09-19 23:22:48",Completed,"2026-09-20 00:39:03",Completed,"2026-09-20 09:47:38",Completed,"2026-09-20 20:45:06","Not completed",,Completed,"2026-09-20 10:24:05",Completed,"2026-09-25 09:58:18",Completed,"2026-09-20 17:22:41",Completed,"2026-09-25 09:14:32",Completed,"2026-09-24 15:03:17",Completed,"2026-09-25 12:08:50",Completed,"2026-09-25 12:38:35","Not completed","1970-01-01 01:00:00","Not completed",,"Not completed",
"KOLADE ASIRU",Chrizkay30@gmail.com,Completed,"2026-08-17 15:03:21",Completed,"2026-08-14 12:31:03",Completed,"2026-08-14 12:33:37",Completed,"2026-08-14 12:36:10",Completed,"2026-08-14 12:41:09",Completed,"2026-08-14 12:47:37",Completed,"2026-08-14 12:53:31",Completed,"2026-08-14 12:54:14",Completed,"2026-08-14 12:54:33",Completed,"2026-08-14 12:54:37",Completed,"2026-08-17 10:59:23",Completed,"2026-08-17 14:25:44",Completed,"2026-08-17 14:28:15",Completed,"2026-08-17 14:28:41",Completed,"2026-08-17 15:02:02","Completed (achieved pass grade)","2026-08-17 14:59:31",Completed,"2026-08-17 11:57:48",Completed,"2026-08-14 12:58:21",Completed,"2026-08-14 13:01:11",Completed,"2026-08-14 15:28:52",Completed,"2026-08-14 13:07:50",Completed,"2026-08-14 15:44:31",Completed,"2026-08-14 13:13:38",Completed,"2026-08-14 16:16:58",Completed,"2026-08-17 10:54:37",Completed,"2026-08-17 11:06:34",Completed,"2026-08-17 11:50:11",Completed,"2026-08-17 14:13:41",Completed,"2026-08-17 14:23:49",Completed,"2026-08-17 12:42:41",Completed,"2026-08-17 14:43:48",Completed,"2026-08-17 12:01:26",Completed,"2026-08-17 12:26:10"
"OSAJIMERE ATALOR",osasatalor@gmail.com,Completed,"2026-06-16 13:44:43",Completed,"2026-06-16 13:45:19",Completed,"2026-06-16 13:47:13",Completed,"2026-06-27 16:24:39",Completed,"2026-06-27 16:27:54",Completed,"2026-06-27 16:32:00",Completed,"2026-06-27 16:42:19",Completed,"2026-06-27 16:50:45",Completed,"2026-06-27 16:55:35",Completed,"2026-06-27 16:59:52","Not completed",,"Not completed",,"Not completed",,"Not completed",,"Not completed",,"Not completed",,Completed,"2026-06-16 13:49:30",Completed,"2026-06-16 13:56:56",Completed,"2026-06-30 11:27:22",Completed,"2026-08-15 16:32:55",Completed,"2026-08-15 17:05:36",Completed,"2026-09-04 17:05:37","Not completed",,"Not completed",,"Not completed",,"Not completed",,"Not completed",,"Not completed",,"Not completed",,"Not completed",,"Not completed",,"Not completed",,"Not completed",
"ABDULHAKEEM AUDU",auduabdulhakeem@gmail.com,"Not completed",,Completed,"2026-06-15 11:42:57",Completed,"2026-06-15 11:45:01",Completed,"2026-06-15 11:49:00",Completed,"2026-06-15 12:01:36",Completed,"2026-06-15 12:15:03",Completed,"2026-06-15 12:21:37",Completed,"2026-06-15 12:24:23",Completed,"2026-06-15 12:32:20",Completed,"2026-06-15 12:40:15",Completed,"2026-06-15 15:02:25",Completed,"2026-06-15 16:23:56",Completed,"2026-06-15 14:53:22",Completed,"2026-06-15 14:38:53",Completed,"2026-06-16 10:05:40","Completed (achieved pass grade)","2026-07-05 09:40:28",Completed,"2026-06-15 14:48:06",Completed,"2026-06-15 12:44:05",Completed,"2026-06-15 12:46:55","Not completed","1970-01-01 01:00:00",Completed,"2026-06-15 13:45:45",Completed,"2026-06-16 14:18:07",Completed,"2026-06-15 14:27:50",Completed,"2026-06-15 15:00:23",Completed,"2026-06-16 14:03:57",Completed,"2026-06-15 15:05:20",Completed,"2026-06-16 13:48:37",Completed,"2026-06-15 15:07:59",Completed,"2026-06-16 13:30:32",Completed,"2026-06-15 15:10:12",Completed,"2026-06-16 12:47:09",Completed,"2026-06-15 15:12:13",Completed,"2026-06-16 11:55:19"
"MARANATHA AUDU",onizemaranathaaudu@gmail.com,Completed,"2026-07-29 13:13:07",Completed,"2026-07-29 13:14:34",Completed,"2026-07-29 13:16:03",Completed,"2026-07-31 10:03:54",Completed,"2026-07-31 10:15:19",Completed,"2026-07-31 10:24:50",Completed,"2026-07-31 10:31:39",Completed,"2026-07-31 10:32:14",Completed,"2026-07-31 10:41:11",Completed,"2026-07-31 10:43:47",Completed,"2026-08-04 10:26:19",Completed,"2026-07-31 12:40:27",Completed,"2026-08-04 13:02:05",Completed,"2026-08-04 13:02:20",Completed,"2026-08-04 14:43:24","Completed (achieved pass grade)","2026-08-04 14:49:10",Completed,"2026-08-04 13:07:04",Completed,"2026-07-31 12:24:10",Completed,"2026-07-31 10:46:32",Completed,"2026-07-31 11:00:34",Completed,"2026-07-31 13:27:46",Completed,"2026-07-31 13:47:16",Completed,"2026-07-31 13:48:46",Completed,"2026-07-31 13:52:57",Completed,"2026-07-31 14:13:18",Completed,"2026-07-31 14:15:34",Completed,"2026-07-31 14:28:13",Completed,"2026-08-04 10:31:13",Completed,"2026-08-04 10:56:28",Completed,"2026-08-04 10:58:57",Completed,"2026-08-04 11:55:45",Completed,"2026-08-04 11:58:28",Completed,"2026-08-04 13:00:22"
"ABDULLAHI AUWAL",abdulinuwa9192@gmail.com,Completed,"2026-09-21 15:13:11",Completed,"2026-09-21 15:14:32","Not completed","1970-01-01 01:00:00",Completed,"2026-09-21 15:23:13",Completed,"2026-09-21 15:24:01",Completed,"2026-09-21 15:24:51",Completed,"2026-09-21 15:25:42",Completed,"2026-09-21 15:26:33",Completed,"2026-09-21 15:28:14",Completed,"2026-09-21 15:29:39","Not completed",,"Not completed",,"Not completed",,"Not completed",,"Not completed",,"Not completed",,"Not completed",,"Not completed","1970-01-01 01:00:00","Not completed",,"Not completed",,"Not completed",,"Not completed",,"Not completed",,"Not completed",,"Not completed",,"Not completed",,"Not completed",,"Not completed",,"Not completed",,"Not completed",,"Not completed",,"Not completed",,"Not completed",
"MUHAMMAD AUWAL",muhd0175@gmail.com,Completed,"2026-09-11 12:38:33",Completed,"2026-09-01 21:54:58",Completed,"2026-09-01 21:57:02",Completed,"2026-09-01 21:57:33",Completed,"2026-09-01 21:57:35",Completed,"2026-09-01 21:57:36",Completed,"2026-09-01 21:57:37",Completed,"2026-09-01 21:57:38",Completed,"2026-09-01 21:57:42",Completed,"2026-09-01 21:57:43","Not completed",,Completed,"2026-09-01 22:11:12","Not completed",,Completed,"2026-09-01 22:11:29","Not completed",,"Not completed",,Completed,"2026-09-01 22:11:32",Completed,"2026-09-01 22:01:04",Completed,"2026-09-01 22:04:31",Completed,"2026-09-24 13:56:46",Completed,"2026-09-24 14:09:14",Completed,"2026-09-24 14:14:31","Not completed",,"Not completed",,"Not completed",,"Not completed",,"Not completed",,"Not completed",,"Not completed",,"Not completed",,"Not completed",,"Not completed",,"Not completed",
"MUKHTAR AUWAL",mukhtardarma3@gmail.com,Completed,"2026-09-18 17:29:48",Completed,"2026-09-18 17:29:59","Not completed",,Completed,"2026-09-18 17:30:13",Completed,"2026-09-18 17:30:15",Completed,"2026-09-18 17:30:17",Completed,"2026-09-18 17:30:17",Completed,"2026-09-18 17:30:19",Completed,"2026-09-18 17:30:20",Completed,"2026-09-18 17:30:26","Not completed",,"Not completed",,"Not completed",,"Not completed",,"Not completed",,"Not completed",,"Not completed",,"Not completed",,"Not completed",,"Not completed",,"Not completed",,"Not completed",,"Not completed",,"Not completed",,"Not completed",,"Not completed",,"Not completed",,"Not completed",,"Not completed",,"Not completed",,"Not completed",,"Not completed",,"Not completed",
"RABIU AUWAL",auwalrabiumuhammad77@gmail.com,Completed,"2026-09-08 14:10:08",Completed,"2026-09-08 14:23:27",Completed,"2026-09-08 14:28:46",Completed,"2026-09-08 16:28:47",Completed,"2026-09-08 16:28:44",Completed,"2026-09-08 16:28:40",Completed,"2026-09-08 16:28:39",Completed,"2026-09-08 16:28:38",Completed,"2026-09-08 16:28:37",Completed,"2026-09-08 16:28:37",Completed,"2026-09-09 13:58:16",Completed,"2026-09-09 14:28:04",Completed,"2026-09-09 16:08:33",Completed,"2026-09-09 16:05:14",Completed,"2026-09-09 16:41:23","Completed (achieved pass grade)","2026-09-09 17:01:15",Completed,"2026-09-09 16:17:53",Completed,"2026-09-08 14:35:36",Completed,"2026-09-08 14:46:33",Completed,"2026-09-08 15:06:47",Completed,"2026-09-08 15:31:06",Completed,"2026-09-08 15:41:54",Completed,"2026-09-08 15:54:16",Completed,"2026-09-08 16:04:48",Completed,"2026-09-08 16:11:27",Completed,"2026-09-08 16:21:50",Completed,"2026-09-08 16:31:09",Completed,"2026-09-08 16:39:09",Completed,"2026-09-09 14:33:59",Completed,"2026-09-09 14:48:02",Completed,"2026-09-09 15:16:47",Completed,"2026-09-09 15:39:05",Completed,"2026-09-09 15:45:57"
"SALIHU AUWAL",salihuauwal2003@gmail.com,Completed,"2026-09-17 12:07:23",Completed,"2026-09-17 12:05:51",Completed,"2026-09-17 12:12:03",Completed,"2026-09-17 12:06:30",Completed,"2026-09-17 12:06:31",Completed,"2026-09-17 12:06:31",Completed,"2026-09-17 12:49:34",Completed,"2026-09-17 12:06:34",Completed,"2026-09-17 12:06:36",Completed,"2026-09-17 12:06:37",Completed,"2026-09-17 13:36:40",Completed,"2026-09-17 13:23:06",Completed,"2026-09-17 14:15:16",Completed,"2026-09-17 14:15:46",Completed,"2026-09-17 14:45:59","Completed (achieved pass grade)","2026-09-17 14:33:02",Completed,"2026-09-17 14:34:39",Completed,"2026-09-17 12:18:06",Completed,"2026-09-17 12:24:13",Completed,"2026-09-17 12:33:48",Completed,"2026-09-17 12:39:16",Completed,"2026-09-17 12:49:01",Completed,"2026-09-17 14:38:21",Completed,"2026-09-17 12:59:28",Completed,"2026-09-17 13:08:03",Completed,"2026-09-17 13:16:13",Completed,"2026-09-17 13:22:32",Completed,"2026-09-17 13:31:39",Completed,"2026-09-17 13:42:29",Completed,"2026-09-17 13:48:42",Completed,"2026-09-17 13:54:35",Completed,"2026-09-17 14:01:42",Completed,"2026-09-17 14:18:04"
"PETER AWE",awepeter52@gmail.com,Completed,"2026-09-02 11:21:51",Completed,"2026-09-02 11:13:07",Completed,"2026-09-02 11:18:07",Completed,"2026-09-02 11:21:10",Completed,"2026-09-02 11:22:11",Completed,"2026-09-02 11:22:24",Completed,"2026-09-02 11:22:32",Completed,"2026-09-02 11:22:40",Completed,"2026-09-02 11:22:47",Completed,"2026-09-02 11:23:01",Completed,"2026-09-08 11:06:58",Completed,"2026-09-07 12:49:14",Completed,"2026-09-08 11:23:37",Completed,"2026-09-07 13:30:36",Completed,"2026-09-07 13:41:08","Completed (achieved pass grade)","2026-09-07 13:56:29",Completed,"2026-09-07 13:45:45",Completed,"2026-09-07 14:01:02",Completed,"2026-09-07 14:05:02",Completed,"2026-09-07 08:46:19",Completed,"2026-09-08 10:57:40",Completed,"2026-09-07 12:11:30",Completed,"2026-09-08 11:27:10",Completed,"2026-09-08 11:04:01",Completed,"2026-09-07 12:31:20",Completed,"2026-09-08 11:10:06",Completed,"2026-09-07 12:43:46",Completed,"2026-09-08 11:13:41",Completed,"2026-09-07 12:56:22",Completed,"2026-09-08 11:17:07",Completed,"2026-09-07 13:14:48",Completed,"2026-09-08 11:21:04",Completed,"2026-09-07 13:26:14"
"STEPHEN AWOTUNDUN",awotundunstephen2000@gmail.com,Completed,"2026-07-28 07:08:01",Completed,"2026-07-28 07:10:41",Completed,"2026-07-28 07:10:14",Completed,"2026-08-05 07:49:45",Completed,"2026-08-05 07:55:07",Completed,"2026-08-05 08:03:14",Completed,"2026-08-05 08:11:10",Completed,"2026-08-05 08:17:24",Completed,"2026-08-05 08:25:10",Completed,"2026-08-05 08:31:14",Completed,"2026-08-06 05:36:59",Completed,"2026-08-11 04:08:27",Completed,"2026-08-14 09:16:25",Completed,"2026-08-19 17:40:11",Completed,"2026-08-19 17:58:56","Completed (achieved pass grade)","2026-08-14 09:26:05",Completed,"2026-08-14 09:28:32",Completed,"2026-08-05 08:35:04",Completed,"2026-08-06 04:40:08",Completed,"2026-08-14 23:02:47",Completed,"2026-08-06 04:59:04",Completed,"2026-08-19 15:41:42",Completed,"2026-08-14 09:29:00",Completed,"2026-08-06 05:35:49",Completed,"2026-08-19 16:11:22",Completed,"2026-08-11 03:53:37",Completed,"2026-08-19 16:18:55",Completed,"2026-08-11 04:17:23",Completed,"2026-08-19 16:47:01",Completed,"2026-08-14 08:58:09",Completed,"2026-08-19 16:54:49",Completed,"2026-08-14 09:14:44",Completed,"2026-08-19 17:42:25"
"ATARASE AWURE",abrahamawure16@gmail.com,Completed,"2026-09-21 09:04:36",Completed,"2026-09-21 09:21:36",Completed,"2026-09-21 09:39:32",Completed,"2026-09-21 09:56:46",Completed,"2026-09-21 10:03:42",Completed,"2026-09-21 10:15:43",Completed,"2026-09-21 10:16:15",Completed,"2026-09-21 10:35:32",Completed,"2026-09-21 10:56:19",Completed,"2026-09-21 11:34:22",Completed,"2026-09-22 13:06:11",Completed,"2026-09-28 10:25:44",Completed,"2026-09-28 09:31:17",Completed,"2026-09-28 09:34:58",Completed,"2026-09-28 09:57:14","Completed (achieved pass grade)","2026-09-28 10:16:08",Completed,"2026-09-28 10:22:08",Completed,"2026-09-21 12:04:38",Completed,"2026-09-21 14:21:52",Completed,"2026-09-21 15:08:09",Completed,"2026-09-21 16:28:23",Completed,"2026-09-22 10:21:53",Completed,"2026-09-28 10:20:39",Completed,"2026-09-22 12:35:19",Completed,"2026-09-22 12:54:45",Completed,"2026-09-24 11:23:17",Completed,"2026-09-24 12:44:09",Completed,"2026-09-25 08:41:17",Completed,"2026-09-25 10:06:37",Completed,"2026-09-25 12:54:03",Completed,"2026-09-25 15:33:00",Completed,"2026-09-25 17:03:02",Completed,"2026-09-28 09:23:28"
"AYOMIDE AYODELE",aayodele585@gmail.com,Completed,"2026-08-26 14:31:53",Completed,"2026-08-26 14:36:08",Completed,"2026-08-26 14:40:21",Completed,"2026-08-26 14:42:32",Completed,"2026-08-26 14:43:30",Completed,"2026-08-26 14:44:58",Completed,"2026-08-26 14:48:53",Completed,"2026-08-26 14:50:14",Completed,"2026-08-26 15:07:24",Completed,"2026-08-26 15:10:28",Completed,"2026-09-03 14:04:08",Completed,"2026-08-31 14:59:00",Completed,"2026-09-08 15:16:46",Completed,"2026-09-08 15:20:09",Completed,"2026-09-08 15:43:55","Completed (achieved pass grade)","2026-09-08 16:09:48",Completed,"2026-09-08 15:21:57",Completed,"2026-08-26 15:41:16",Completed,"2026-08-26 15:19:03",Completed,"2026-08-26 15:24:09",Completed,"2026-08-31 14:12:24",Completed,"2026-09-03 13:10:36",Completed,"2026-08-31 14:18:05",Completed,"2026-08-31 14:49:04",Completed,"2026-09-03 13:41:01",Completed,"2026-08-31 14:52:15",Completed,"2026-09-03 14:07:09",Completed,"2026-08-31 14:57:33",Completed,"2026-09-03 14:24:25",Completed,"2026-08-31 15:02:58",Completed,"2026-09-08 14:30:27",Completed,"2026-08-31 15:41:05",Completed,"2026-09-08 14:56:06"
"OLAOLUWA AYOOLA",ayoolaolaoluwa8@gmail.com,Completed,"2026-06-08 07:53:00","Not completed",,Completed,"2026-06-08 07:56:19",Completed,"2026-06-08 08:22:51",Completed,"2026-06-08 08:28:31",Completed,"2026-06-09 09:03:20",Completed,"2026-06-09 09:10:02",Completed,"2026-06-09 09:17:09",Completed,"2026-06-09 09:31:14",Completed,"2026-06-09 09:39:53","Not completed",,"Not completed",,"Not completed",,"Not completed",,"Not completed",,"Not completed",,"Not completed",,Completed,"2026-06-09 09:51:45",Completed,"2026-06-09 10:01:26",Completed,"2026-06-10 08:19:29",Completed,"2026-06-13 09:26:42","Not completed",,"Not completed",,"Not completed",,"Not completed",,"Not completed",,"Not completed",,"Not completed",,"Not completed",,"Not completed",,"Not completed",,"Not completed",,"Not completed",
"GABRIEL AYUK",ayukgraphics@gmail.com,Completed,"2026-09-16 17:33:18",Completed,"2026-09-11 15:32:01",Completed,"2026-09-11 15:35:22",Completed,"2026-09-11 15:38:41",Completed,"2026-09-11 15:43:53",Completed,"2026-09-11 15:50:32",Completed,"2026-09-11 15:56:46",Completed,"2026-09-11 16:03:36",Completed,"2026-09-11 16:11:29",Completed,"2026-09-11 16:34:17",Completed,"2026-09-16 16:24:13",Completed,"2026-09-16 16:14:26",Completed,"2026-09-16 16:53:38",Completed,"2026-09-16 16:56:01",Completed,"2026-09-16 17:12:41","Completed (achieved pass grade)","2026-09-16 17:27:19",Completed,"2026-09-16 17:28:05",Completed,"2026-09-15 17:10:04",Completed,"2026-09-11 16:40:29",Completed,"2026-09-11 16:51:39",Completed,"2026-09-15 16:57:32",Completed,"2026-09-15 17:38:36",Completed,"2026-09-16 17:30:47",Completed,"2026-09-16 10:04:42",Completed,"2026-09-16 12:30:07",Completed,"2026-09-16 12:39:53",Completed,"2026-09-16 13:11:57",Completed,"2026-09-16 14:08:48",Completed,"2026-09-16 14:21:06",Completed,"2026-09-16 14:48:03",Completed,"2026-09-16 15:04:38",Completed,"2026-09-16 15:25:49",Completed,"2026-09-16 15:47:51"
"JOY AZUBUIKE",azubuikejoy654@gmail.com,Completed,"2026-07-14 21:34:16",Completed,"2026-06-26 12:17:42",Completed,"2026-06-26 12:07:19",Completed,"2026-06-26 12:23:08",Completed,"2026-06-26 12:23:34",Completed,"2026-06-26 12:23:32",Completed,"2026-06-26 12:23:30",Completed,"2026-06-26 12:23:29",Completed,"2026-06-26 12:23:28",Completed,"2026-06-26 12:23:28",Completed,"2026-06-27 01:24:06",Completed,"2026-06-27 01:09:35",Completed,"2026-06-27 01:16:19",Completed,"2026-06-27 00:57:28",Completed,"2026-07-14 21:25:56","Completed (achieved pass grade)","2026-07-05 09:40:28",Completed,"2026-06-27 00:57:14",Completed,"2026-06-26 12:28:58",Completed,"2026-06-26 12:54:24",Completed,"2026-07-13 23:38:14",Completed,"2026-06-26 13:32:05",Completed,"2026-07-13 23:55:02",Completed,"2026-06-27 01:13:39",Completed,"2026-06-27 00:41:46",Completed,"2026-07-14 00:11:33",Completed,"2026-06-27 00:44:53",Completed,"2026-07-14 00:20:23",Completed,"2026-06-27 00:47:47",Completed,"2026-07-14 00:32:43",Completed,"2026-06-27 00:52:43",Completed,"2026-07-14 20:53:39",Completed,"2026-06-27 00:56:12",Completed,"2026-07-14 21:00:13"
"MUSTAPHA BABALLE",mustaphababallembu@gmail.com,Completed,"2026-09-16 15:21:02",Completed,"2026-09-16 15:21:32",Completed,"2026-09-16 15:26:59",Completed,"2026-09-16 15:30:21",Completed,"2026-09-16 15:32:42",Completed,"2026-09-16 15:33:50",Completed,"2026-09-16 15:34:16",Completed,"2026-09-16 15:34:46",Completed,"2026-09-16 15:36:14",Completed,"2026-09-16 15:36:27",Completed,"2026-09-22 14:41:16",Completed,"2026-09-26 21:57:52",Completed,"2026-09-25 14:26:30",Completed,"2026-09-26 21:58:15",Completed,"2026-09-25 17:25:05","Completed (achieved pass grade)","2026-09-25 17:45:10",Completed,"2026-09-26 21:59:22",Completed,"2026-09-16 15:41:53",Completed,"2026-09-17 02:43:24",Completed,"2026-09-17 03:13:36",Completed,"2026-09-17 03:22:17",Completed,"2026-09-21 15:51:36",Completed,"2026-09-25 17:50:27",Completed,"2026-09-21 19:23:25",Completed,"2026-09-21 19:45:27",Completed,"2026-09-22 16:41:54",Completed,"2026-09-22 16:45:02",Completed,"2026-09-23 17:33:31",Completed,"2026-09-24 13:30:35",Completed,"2026-09-24 16:01:30",Completed,"2026-09-24 16:47:33",Completed,"2026-09-24 17:02:18",Completed,"2026-09-24 17:11:34"
"TAIWO BABALOLA",johnbabalola626@gmail.com,Completed,"2026-07-30 16:20:20",Completed,"2026-07-23 12:11:56",Completed,"2026-07-23 12:16:31",Completed,"2026-07-23 12:34:40",Completed,"2026-07-23 12:34:41",Completed,"2026-07-23 12:34:42",Completed,"2026-07-23 12:34:49",Completed,"2026-07-23 12:34:53",Completed,"2026-07-23 12:34:57",Completed,"2026-07-23 12:35:07",Completed,"2026-07-28 14:35:05",Completed,"2026-07-28 14:35:59",Completed,"2026-07-30 15:09:03",Completed,"2026-07-30 10:03:29",Completed,"2026-07-30 15:32:08","Completed (achieved pass grade)","2026-07-30 16:15:22",Completed,"2026-07-30 10:03:35",Completed,"2026-07-23 12:39:38",Completed,"2026-07-23 12:44:12",Completed,"2026-07-23 13:17:08",Completed,"2026-07-23 13:48:13",Completed,"2026-07-23 14:27:16",Completed,"2026-07-30 16:17:40",Completed,"2026-07-23 14:53:32",Completed,"2026-07-23 14:56:50",Completed,"2026-07-23 14:59:36",Completed,"2026-07-23 15:17:02",Completed,"2026-07-23 15:27:25",Completed,"2026-07-23 16:00:26",Completed,"2026-07-28 15:01:20",Completed,"2026-07-30 14:08:53",Completed,"2026-07-30 14:21:56",Completed,"2026-07-30 14:34:28"
"TOHEEB BABALOLA",babsakinade@gmail.com,Completed,"2026-07-09 15:01:00",Completed,"2026-07-09 15:03:43",Completed,"2026-07-09 15:06:49",Completed,"2026-07-09 15:07:57",Completed,"2026-07-09 15:08:05",Completed,"2026-07-09 15:08:10",Completed,"2026-07-09 15:08:26",Completed,"2026-07-09 15:08:49",Completed,"2026-07-09 15:08:45",Completed,"2026-07-09 15:08:53","Not completed",,"Not completed",,"Not completed",,"Not completed",,"Not completed",,"Not completed",,"Not completed",,Completed,"2026-07-09 15:12:26",Completed,"2026-07-09 15:16:11","Not completed","1970-01-01 01:00:00","Not completed",,"Not completed",,"Not completed",,"Not completed",,"Not completed",,"Not completed",,"Not completed",,"Not completed",,"Not completed",,"Not completed",,"Not completed",,"Not completed",,"Not completed",
"AMIR BAITA",baitaamir04@gmail.com,Completed,"2026-09-03 05:42:01",Completed,"2026-09-03 05:42:07",Completed,"2026-09-03 20:26:32",Completed,"2026-09-03 05:42:22",Completed,"2026-09-03 05:42:23",Completed,"2026-09-03 05:42:24",Completed,"2026-09-03 05:42:26",Completed,"2026-09-03 05:42:27",Completed,"2026-09-03 05:42:28",Completed,"2026-09-03 05:42:29","Not completed",,Completed,"2026-09-03 05:42:54","Not completed",,"Not completed",,"Not completed",,"Not completed",,"Not completed",,Completed,"2026-09-08 22:35:03","Not completed",,"Not completed",,"Not completed",,"Not completed",,"Not completed",,"Not completed",,"Not completed",,"Not completed",,"Not completed",,"Not completed",,"Not completed",,"Not completed",,"Not completed",,"Not completed",,"Not completed",
"INUWA BALARABE",shehisule@gmail.com,Completed,"2026-09-12 15:07:32",Completed,"2026-09-12 15:08:28",Completed,"2026-09-12 15:12:00",Completed,"2026-09-12 15:21:02",Completed,"2026-09-12 15:21:08",Completed,"2026-09-12 15:21:13",Completed,"2026-09-12 15:21:20",Completed,"2026-09-12 15:21:24",Completed,"2026-09-12 15:21:29",Completed,"2026-09-12 15:21:34",Completed,"2026-09-13 09:39:33",Completed,"2026-09-13 12:01:10",Completed,"2026-09-13 12:04:08",Completed,"2026-09-13 12:05:14",Completed,"2026-09-13 12:08:12","Completed (achieved pass grade)","2026-09-13 12:21:39",Completed,"2026-09-13 12:22:07",Completed,"2026-09-12 15:25:53",Completed,"2026-09-12 15:31:15",Completed,"2026-09-12 16:07:11",Completed,"2026-09-12 15:19:11",Completed,"2026-09-12 16:18:47",Completed,"2026-09-12 16:04:28",Completed,"2026-09-12 18:07:31",Completed,"2026-09-12 18:30:33",Completed,"2026-09-12 18:50:48",Completed,"2026-09-13 11:16:00",Completed,"2026-09-12 23:09:18",Completed,"2026-09-13 11:27:20",Completed,"2026-09-12 23:14:32",Completed,"2026-09-13 11:37:42",Completed,"2026-09-12 23:19:07",Completed,"2026-09-13 10:40:01"
"MUHAMMAD BALARABE",mambibi56@gmail.com,Completed,"2026-09-23 06:08:14",Completed,"2026-09-23 06:08:35",Completed,"2026-09-24 13:44:55",Completed,"2026-09-24 14:36:49",Completed,"2026-09-24 14:39:47",Completed,"2026-09-24 14:42:07",Completed,"2026-09-24 14:46:16",Completed,"2026-09-24 14:50:44",Completed,"2026-09-24 14:52:23",Completed,"2026-09-24 14:57:59","Not completed",,"Not completed",,"Not completed",,"Not completed",,"Not completed",,"Not completed",,"Not completed",,Completed,"2026-09-24 17:50:58","Not completed","1970-01-01 01:00:00","Not completed",,"Not completed",,"Not completed",,"Not completed",,"Not completed",,"Not completed",,"Not completed",,"Not completed",,"Not completed",,"Not completed",,"Not completed",,"Not completed",,"Not completed",,"Not completed",
"TARIQ BALOGUN",tarrybalogun01@gmail.com,Completed,"2026-09-16 16:01:13",Completed,"2026-09-16 16:01:21",Completed,"2026-09-16 16:02:54",Completed,"2026-09-16 16:08:34",Completed,"2026-09-16 16:25:39",Completed,"2026-09-16 16:42:02",Completed,"2026-09-16 17:29:51",Completed,"2026-09-16 17:31:48",Completed,"2026-09-16 17:46:54","Not completed",,"Not completed",,"Not completed",,"Not completed",,"Not completed",,"Not completed",,"Not completed",,"Not completed",,"Not completed",,"Not completed",,"Not completed",,"Not completed",,"Not completed",,"Not completed",,"Not completed",,"Not completed",,"Not completed",,"Not completed",,"Not completed",,"Not completed",,"Not completed",,"Not completed",,"Not completed",,"Not completed",
"PAUL BARIDO",paulbarido515@gmail.com,Completed,"2026-08-22 06:14:12",Completed,"2026-06-30 20:56:56",Completed,"2026-06-30 21:00:35",Completed,"2026-08-22 06:05:25",Completed,"2026-08-05 23:44:05",Completed,"2026-08-05 23:57:21",Completed,"2026-08-06 00:41:04",Completed,"2026-08-06 00:43:41",Completed,"2026-08-06 00:53:05",Completed,"2026-08-06 01:01:27",Completed,"2026-08-22 01:22:41",Completed,"2026-08-14 13:49:59",Completed,"2026-08-20 20:41:15",Completed,"2026-08-16 22:48:57",Completed,"2026-08-22 01:15:00","Not completed","1970-01-01 01:00:00",Completed,"2026-08-16 22:48:32",Completed,"2026-08-06 01:07:40",Completed,"2026-08-06 02:01:18",Completed,"2026-08-06 03:17:12",Completed,"2026-08-07 03:00:56",Completed,"2026-08-07 19:56:21",Completed,"2026-08-07 20:35:54",Completed,"2026-08-07 20:47:56",Completed,"2026-08-13 11:51:03",Completed,"2026-08-14 08:18:15",Completed,"2026-08-14 09:02:24",Completed,"2026-08-14 13:53:04",Completed,"2026-08-15 10:25:57",Completed,"2026-08-15 10:33:14",Completed,"2026-08-16 23:05:05",Completed,"2026-08-16 23:14:29",Completed,"2026-08-20 23:54:28"
"MUHAMMAD BARMA",muhammadbarma2020@gmail.com,Completed,"2026-08-27 22:04:58",Completed,"2026-08-27 22:03:55",Completed,"2026-08-28 12:07:19",Completed,"2026-08-27 22:03:58",Completed,"2026-08-27 22:03:59",Completed,"2026-08-27 22:04:00",Completed,"2026-08-27 22:04:00",Completed,"2026-08-27 22:04:02",Completed,"2026-08-27 22:04:02",Completed,"2026-08-27 22:04:03",Completed,"2026-08-28 13:43:37",Completed,"2026-08-27 22:04:25",Completed,"2026-08-28 13:52:19",Completed,"2026-08-27 22:04:49",Completed,"2026-08-28 14:14:28","Completed (achieved pass grade)","2026-08-28 14:27:34",Completed,"2026-08-27 22:04:54",Completed,"2026-08-28 12:09:53",Completed,"2026-08-28 12:12:55",Completed,"2026-08-28 12:14:22",Completed,"2026-08-28 12:30:35",Completed,"2026-08-28 12:31:13",Completed,"2026-08-28 14:02:16",Completed,"2026-08-28 12:47:23",Completed,"2026-08-28 12:48:11",Completed,"2026-08-28 12:55:34",Completed,"2026-08-28 12:58:00",Completed,"2026-08-28 13:34:09",Completed,"2026-08-28 13:34:53",Completed,"2026-08-28 13:46:16",Completed,"2026-08-28 14:02:44",Completed,"2026-08-28 13:50:08",Completed,"2026-08-28 14:08:17"
"ABUBAKAR BASHIR",abubakarbash33r@gmail.com,Completed,"2026-08-11 00:49:19",Completed,"2026-07-30 12:43:36",Completed,"2026-08-05 12:41:23",Completed,"2026-07-30 12:47:21",Completed,"2026-07-30 12:52:35",Completed,"2026-07-30 16:45:10",Completed,"2026-07-30 17:01:20",Completed,"2026-07-30 17:06:22",Completed,"2026-07-30 17:07:34",Completed,"2026-08-05 12:35:40",Completed,"2026-08-09 17:59:22",Completed,"2026-08-09 18:22:35",Completed,"2026-08-11 00:02:46",Completed,"2026-08-10 23:59:21",Completed,"2026-08-11 00:32:45","Completed (achieved pass grade)","2026-08-11 00:48:01",Completed,"2026-08-11 00:12:26",Completed,"2026-08-05 15:48:10",Completed,"2026-08-05 15:53:13",Completed,"2026-08-07 15:13:59",Completed,"2026-08-08 13:53:12",Completed,"2026-08-07 11:37:37",Completed,"2026-08-08 13:57:59",Completed,"2026-08-08 14:07:37",Completed,"2026-08-08 11:56:43",Completed,"2026-08-08 14:12:19",Completed,"2026-08-08 22:12:47",Completed,"2026-08-09 23:14:42",Completed,"2026-08-09 23:35:50",Completed,"2026-08-10 00:06:02",Completed,"2026-08-10 23:19:42",Completed,"2026-08-10 10:36:20",Completed,"2026-08-10 23:51:39"
"NAJEEB BASHIR",unknownperson20217080@gmail.com,"Not completed",,"Not completed",,"Not completed",,"Not completed",,"Not completed",,"Not completed",,"Not completed",,"Not completed",,"Not completed",,"Not completed",,"Not completed",,"Not completed",,"Not completed",,"Not completed",,"Not completed",,"Not completed",,"Not completed",,"Not completed",,"Not completed",,"Not completed",,"Not completed",,"Not completed",,"Not completed",,"Not completed",,"Not completed",,"Not completed",,"Not completed",,"Not completed",,"Not completed",,"Not completed",,"Not completed",,"Not completed",,"Not completed",
"GLORY BASSEY",gloryjosephbassey19@gmail.com,Completed,"2026-06-03 22:25:30",Completed,"2026-06-03 22:27:54",Completed,"2026-06-03 22:29:38",Completed,"2026-06-08 09:24:38",Completed,"2026-06-08 09:29:49",Completed,"2026-06-08 09:36:34",Completed,"2026-06-08 09:45:47",Completed,"2026-06-08 09:47:50",Completed,"2026-06-08 10:01:52",Completed,"2026-06-08 10:09:26","Not completed",,"Not completed",,"Not completed",,"Not completed",,"Not completed",,"Not completed",,"Not completed",,Completed,"2026-06-09 09:30:59",Completed,"2026-06-08 10:16:20","Not completed","1970-01-01 01:00:00",Completed,"2026-06-11 21:02:43","Not completed","1970-01-01 01:00:00","Not completed",,"Not completed",,"Not completed",,"Not completed",,"Not completed",,"Not completed",,"Not completed",,"Not completed",,"Not completed",,"Not completed",,"Not completed",
"UMAR BATURE",umarauwalbature1@gmail.com,Completed,"2026-09-05 08:29:03",Completed,"2026-09-05 07:59:54",Completed,"2026-09-09 01:21:56",Completed,"2026-09-05 08:00:08",Completed,"2026-09-05 08:01:26",Completed,"2026-09-05 08:01:58",Completed,"2026-09-05 08:02:36",Completed,"2026-09-05 08:03:13",Completed,"2026-09-05 08:03:28",Completed,"2026-09-05 08:03:34",Completed,"2026-09-15 16:04:16",Completed,"2026-09-15 16:04:49",Completed,"2026-09-16 13:13:47",Completed,"2026-09-05 08:29:04",Completed,"2026-09-16 11:44:51","Completed (achieved pass grade)","2026-09-16 13:20:37",Completed,"2026-09-05 08:29:04",Completed,"2026-09-05 08:09:27",Completed,"2026-09-09 01:28:47",Completed,"2026-09-15 13:57:20",Completed,"2026-09-10 05:48:46",Completed,"2026-09-15 15:19:19",Completed,"2026-09-05 08:26:48",Completed,"2026-09-10 06:15:05",Completed,"2026-09-15 13:31:47",Completed,"2026-09-10 06:31:02",Completed,"2026-09-15 13:43:57",Completed,"2026-09-14 15:11:38",Completed,"2026-09-15 16:11:47",Completed,"2026-09-16 12:52:42",Completed,"2026-09-15 16:39:05",Completed,"2026-09-16 13:03:41",Completed,"2026-09-16 11:27:21"
"BALARABE BAYERO",balarabebayero4@gmail.com,Completed,"2026-09-16 15:06:55",Completed,"2026-09-16 15:05:41","Not completed","1970-01-01 01:00:00",Completed,"2026-09-16 15:05:50",Completed,"2026-09-16 15:05:51",Completed,"2026-09-16 15:05:53",Completed,"2026-09-16 15:05:54",Completed,"2026-09-16 15:05:55",Completed,"2026-09-16 15:05:56",Completed,"2026-09-16 15:05:58",Completed,"2026-09-27 09:16:45",Completed,"2026-09-16 15:06:24","Not completed","1970-01-01 01:00:00",Completed,"2026-09-16 15:06:46","Not completed",,"Not completed","1970-01-01 01:00:00",Completed,"2026-09-16 15:06:49",Completed,"2026-09-18 11:12:14",Completed,"2026-09-18 11:19:37",Completed,"2026-09-17 11:48:05",Completed,"2026-09-18 11:25:25",Completed,"2026-09-17 12:12:53",Completed,"2026-09-27 09:22:30",Completed,"2026-09-18 11:39:18",Completed,"2026-09-17 13:12:00",Completed,"2026-09-18 11:48:32",Completed,"2026-09-17 14:58:27",Completed,"2026-09-28 11:22:05",Completed,"2026-09-17 16:06:57","Not completed",,Completed,"2026-09-17 17:13:41","Not completed",,Completed,"2026-09-17 17:42:17"
"ABDULHAKEEM BELLO",belloabdulhakeem999@gmail.com,Completed,"2026-09-26 15:23:16",Completed,"2026-09-26 15:23:53","Not completed","1970-01-01 01:00:00",Completed,"2026-09-26 15:24:15",Completed,"2026-09-26 15:24:36",Completed,"2026-09-26 15:24:57",Completed,"2026-09-26 15:25:19",Completed,"2026-09-26 15:26:10",Completed,"2026-09-26 15:27:01",Completed,"2026-09-26 15:27:42","Not completed",,Completed,"2026-09-26 15:28:33","Not completed",,"Not completed",,"Not completed",,"Not completed",,"Not completed",,"Not completed",,"Not completed",,"Not completed",,"Not completed",,"Not completed",,"Not completed",,"Not completed",,"Not completed",,"Not completed",,"Not completed",,"Not completed",,"Not completed",,"Not completed",,"Not completed",,"Not completed",,"Not completed",
"BELLO BELLO",bbello5050@gmail.com,Completed,"2026-09-08 10:22:32",Completed,"2026-09-08 10:23:20",Completed,"2026-09-08 10:27:16",Completed,"2026-09-08 10:35:49",Completed,"2026-09-08 10:50:26",Completed,"2026-09-08 10:57:03",Completed,"2026-09-08 11:06:17",Completed,"2026-09-08 11:07:30",Completed,"2026-09-08 11:15:54",Completed,"2026-09-08 11:19:01",Completed,"2026-09-10 10:18:52",Completed,"2026-09-10 11:09:48",Completed,"2026-09-14 10:32:57",Completed,"2026-09-14 10:37:16",Completed,"2026-09-14 10:39:41","Not completed","1970-01-01 01:00:00",Completed,"2026-09-14 11:01:52",Completed,"2026-09-08 11:28:21",Completed,"2026-09-08 11:46:41",Completed,"2026-09-08 11:50:21",Completed,"2026-09-08 12:16:11",Completed,"2026-09-08 12:37:53",Completed,"2026-09-14 11:08:41",Completed,"2026-09-10 10:03:40",Completed,"2026-09-10 10:06:35",Completed,"2026-09-10 10:47:50",Completed,"2026-09-10 10:50:29",Completed,"2026-09-10 11:26:41",Completed,"2026-09-10 11:28:35",Completed,"2026-09-10 11:54:45",Completed,"2026-09-10 11:56:52",Completed,"2026-09-14 10:00:18",Completed,"2026-09-14 10:24:31"
"MUHAMMED BELLO",bellomuhammedkolade@gmail.com,Completed,"2026-08-24 13:37:57",Completed,"2026-08-24 13:39:33",Completed,"2026-08-24 13:46:55",Completed,"2026-08-24 13:54:37",Completed,"2026-08-25 14:30:21",Completed,"2026-08-25 14:42:18",Completed,"2026-08-25 14:49:35",Completed,"2026-08-25 14:52:10",Completed,"2026-08-25 14:55:58",Completed,"2026-08-25 14:57:39",Completed,"2026-08-25 17:46:40",Completed,"2026-08-31 12:26:46",Completed,"2026-08-26 15:34:13",Completed,"2026-08-26 15:35:52",Completed,"2026-08-26 16:58:49","Completed (achieved pass grade)","2026-08-26 15:49:41",Completed,"2026-08-27 11:56:16",Completed,"2026-08-25 15:02:58",Completed,"2026-08-25 15:17:07",Completed,"2026-08-25 16:10:47",Completed,"2026-08-25 16:10:15",Completed,"2026-08-25 16:44:43",Completed,"2026-08-27 12:00:38",Completed,"2026-08-25 17:23:45",Completed,"2026-08-25 17:40:34",Completed,"2026-08-26 17:24:44",Completed,"2026-08-26 13:25:26",Completed,"2026-08-26 17:27:29",Completed,"2026-08-26 13:59:46",Completed,"2026-08-26 17:32:45",Completed,"2026-08-26 14:39:25",Completed,"2026-08-27 11:50:46",Completed,"2026-08-26 14:59:28"
"NAIM BELLO",naeembello@gmail.com,Completed,"2026-09-13 21:27:58",Completed,"2026-07-01 12:52:58",Completed,"2026-07-01 13:32:53",Completed,"2026-07-01 13:47:44",Completed,"2026-07-01 13:47:48",Completed,"2026-07-01 13:47:52",Completed,"2026-07-01 13:47:56",Completed,"2026-07-01 13:48:00",Completed,"2026-07-01 13:48:05",Completed,"2026-07-01 13:48:09",Completed,"2026-07-01 14:11:33",Completed,"2026-09-13 21:31:51",Completed,"2026-08-29 21:51:27",Completed,"2026-08-29 21:48:02",Completed,"2026-09-13 21:18:49","Completed (achieved pass grade)","2026-08-29 22:06:25",Completed,"2026-08-29 21:52:01",Completed,"2026-07-01 13:51:48",Completed,"2026-07-01 13:55:56",Completed,"2026-09-13 19:48:45",Completed,"2026-07-01 14:03:10",Completed,"2026-09-13 19:56:07",Completed,"2026-08-29 21:56:14",Completed,"2026-07-01 14:09:24",Completed,"2026-09-13 20:31:36",Completed,"2026-07-01 14:14:35",Completed,"2026-09-13 20:15:44",Completed,"2026-08-29 21:38:09",Completed,"2026-09-13 20:23:51",Completed,"2026-08-29 21:42:38",Completed,"2026-09-13 21:03:25",Completed,"2026-08-29 21:46:54",Completed,"2026-09-13 21:10:23"
"UMAR BELLO",umartambai24@gmail.com,Completed,"2026-08-30 11:30:16",Completed,"2026-08-31 08:46:30",Completed,"2026-08-31 15:24:09",Completed,"2026-08-31 15:25:51",Completed,"2026-08-31 15:26:57",Completed,"2026-08-31 15:27:05",Completed,"2026-08-31 15:27:09",Completed,"2026-08-31 15:27:10",Completed,"2026-08-31 15:27:24",Completed,"2026-08-31 15:27:52",Completed,"2026-08-31 20:27:19",Completed,"2026-09-01 15:18:39",Completed,"2026-09-02 06:25:39",Completed,"2026-09-02 06:23:43",Completed,"2026-09-02 08:22:08","Completed (achieved pass grade)","2026-09-02 06:33:19",Completed,"2026-09-02 06:35:40",Completed,"2026-08-31 15:32:42",Completed,"2026-08-31 15:37:32",Completed,"2026-08-31 16:02:50",Completed,"2026-08-31 16:21:31",Completed,"2026-08-31 23:18:09",Completed,"2026-09-02 06:38:06",Completed,"2026-08-31 16:45:13",Completed,"2026-09-01 09:26:16",Completed,"2026-09-01 15:17:38",Completed,"2026-09-01 19:32:52",Completed,"2026-09-01 20:56:58",Completed,"2026-09-02 08:50:31",Completed,"2026-09-02 06:17:58",Completed,"2026-09-02 06:39:47",Completed,"2026-09-02 06:22:28",Completed,"2026-09-02 06:54:57"
"WARIS BELLO",warisbello58@gmail.com,Completed,"2026-09-09 11:03:40",Completed,"2026-09-09 11:04:30",Completed,"2026-09-09 11:07:17",Completed,"2026-09-09 11:10:34",Completed,"2026-09-09 11:17:29",Completed,"2026-09-09 11:24:37",Completed,"2026-09-09 11:32:23",Completed,"2026-09-09 11:33:06",Completed,"2026-09-09 11:40:51",Completed,"2026-09-09 11:44:09",Completed,"2026-09-17 09:55:57",Completed,"2026-09-21 11:08:58","Not completed",,"Not completed",,"Not completed",,"Not completed",,"Not completed",,Completed,"2026-09-09 11:49:41",Completed,"2026-09-09 12:35:19",Completed,"2026-09-25 13:10:03",Completed,"2026-09-11 13:18:51",Completed,"2026-09-25 13:32:34","Not completed",,Completed,"2026-09-14 10:29:56",Completed,"2026-09-25 13:45:37",Completed,"2026-09-17 10:13:19",Completed,"2026-09-25 14:02:21",Completed,"2026-09-17 10:17:27",Completed,"2026-09-25 14:13:20",Completed,"2026-09-21 11:14:06",Completed,"2026-09-25 14:21:42",Completed,"2026-09-26 11:44:34",Completed,"2026-09-26 11:30:13"
"UGOCHUKWU BEN",benfavour46@gmail.com,Completed,"2026-08-28 09:20:36",Completed,"2026-08-22 17:58:46",Completed,"2026-08-22 18:00:10",Completed,"2026-08-22 18:10:13",Completed,"2026-08-22 19:01:35",Completed,"2026-08-22 19:03:55",Completed,"2026-08-22 19:04:05",Completed,"2026-08-22 19:04:11",Completed,"2026-08-22 19:04:18",Completed,"2026-08-22 19:04:27",Completed,"2026-08-24 12:18:00",Completed,"2026-08-27 22:56:59",Completed,"2026-08-28 08:38:45",Completed,"2026-08-28 08:39:38",Completed,"2026-08-28 09:09:40","Not completed","1970-01-01 01:00:00",Completed,"2026-08-28 09:18:42",Completed,"2026-08-22 18:06:31",Completed,"2026-08-22 19:12:58",Completed,"2026-08-22 19:27:17",Completed,"2026-08-22 19:38:41",Completed,"2026-08-22 19:52:05",Completed,"2026-08-28 09:20:06",Completed,"2026-08-22 20:05:37",Completed,"2026-08-22 20:14:09",Completed,"2026-08-24 12:58:41",Completed,"2026-08-27 22:33:53",Completed,"2026-08-27 23:00:20",Completed,"2026-08-27 23:10:06",Completed,"2026-08-28 07:01:35",Completed,"2026-08-28 08:12:02",Completed,"2026-08-28 08:21:30",Completed,"2026-08-28 08:36:08"
"OLAYINKA BLESSING",blessingyinka20@gmail.com,Completed,"2026-08-25 15:25:43",Completed,"2026-08-25 15:25:58",Completed,"2026-08-25 15:31:03",Completed,"2026-08-25 16:07:33",Completed,"2026-08-25 16:07:34",Completed,"2026-08-25 16:07:35",Completed,"2026-08-25 16:07:36",Completed,"2026-08-25 16:07:37",Completed,"2026-08-25 16:07:38",Completed,"2026-08-25 16:07:38",Completed,"2026-08-25 16:51:07",Completed,"2026-08-25 16:08:08",Completed,"2026-08-25 16:55:46",Completed,"2026-08-25 16:56:30",Completed,"2026-09-02 11:54:16","Completed (achieved pass grade)","2026-09-02 12:29:52",Completed,"2026-09-02 12:31:51",Completed,"2026-08-25 15:39:31",Completed,"2026-08-25 16:24:18",Completed,"2026-08-25 15:44:28",Completed,"2026-08-25 15:54:55",Completed,"2026-08-25 15:57:10",Completed,"2026-08-25 16:26:15",Completed,"2026-08-25 16:32:49",Completed,"2026-09-02 11:00:17",Completed,"2026-08-25 16:35:57",Completed,"2026-09-02 11:08:47",Completed,"2026-08-25 16:39:43",Completed,"2026-09-02 11:25:06",Completed,"2026-08-25 16:43:39",Completed,"2026-09-02 11:32:54",Completed,"2026-08-25 16:48:07",Completed,"2026-09-02 11:37:52"
"SUNDAY BURAIMOH",sambrymoh@gmail.com,Completed,"2026-07-15 12:28:18",Completed,"2026-06-03 15:59:06",Completed,"2026-06-03 16:01:05",Completed,"2026-06-03 17:51:10",Completed,"2026-06-03 17:51:33",Completed,"2026-06-03 17:51:38",Completed,"2026-06-03 17:51:43",Completed,"2026-06-03 17:51:48",Completed,"2026-06-03 17:51:53",Completed,"2026-06-03 17:51:58",Completed,"2026-09-08 17:39:22",Completed,"2026-07-15 12:28:07",Completed,"2026-09-08 17:25:14",Completed,"2026-09-08 17:33:21",Completed,"2026-09-08 18:26:00","Not completed","1970-01-01 01:00:00",Completed,"2026-09-08 17:33:16",Completed,"2026-07-05 18:39:57",Completed,"2026-09-08 17:31:31",Completed,"2026-09-08 18:46:22",Completed,"2026-07-05 18:49:17",Completed,"2026-09-08 18:56:32",Completed,"2026-07-05 18:50:53",Completed,"2026-08-16 15:23:14",Completed,"2026-09-08 17:44:24",Completed,"2026-07-05 19:13:08",Completed,"2026-09-09 08:33:23",Completed,"2026-07-05 19:15:21",Completed,"2026-09-08 19:26:17",Completed,"2026-07-05 19:17:46",Completed,"2026-09-08 21:44:13",Completed,"2026-07-05 19:20:42",Completed,"2026-09-08 21:54:25"
"CHINEDUM CHIBUEZE",deziechibueze45@gmail.com,Completed,"2026-09-23 14:57:47",Completed,"2026-09-23 14:58:38","Not completed",,Completed,"2026-09-23 14:59:33",Completed,"2026-09-23 15:00:25",Completed,"2026-09-23 15:01:16",Completed,"2026-09-23 15:02:07",Completed,"2026-09-23 15:02:47",Completed,"2026-09-23 15:03:38",Completed,"2026-09-23 15:04:29",Completed,"2026-09-26 08:46:44",Completed,"2026-09-26 17:17:48",Completed,"2026-09-26 17:32:11",Completed,"2026-09-26 17:24:41","Not completed",,"Not completed","1970-01-01 01:00:00",Completed,"2026-09-26 17:33:06",Completed,"2026-09-24 09:13:08",Completed,"2026-09-24 09:39:35",Completed,"2026-09-24 09:26:19",Completed,"2026-09-24 09:45:58",Completed,"2026-09-24 09:54:35",Completed,"2026-09-26 17:44:23",Completed,"2026-09-24 10:15:35",Completed,"2026-09-24 10:47:15",Completed,"2026-09-26 09:04:21",Completed,"2026-09-26 08:53:29",Completed,"2026-09-26 09:08:06",Completed,"2026-09-26 09:15:16",Completed,"2026-09-26 16:53:41",Completed,"2026-09-26 16:58:40",Completed,"2026-09-26 17:26:47",Completed,"2026-09-26 17:15:32"
"ABUBAKAR CHIGARI",abubakarchigarialiyu@gmail.com,Completed,"2026-09-23 09:46:19",Completed,"2026-09-23 09:45:49",Completed,"2026-09-23 09:51:16",Completed,"2026-09-23 09:56:44",Completed,"2026-09-23 09:58:21",Completed,"2026-09-23 09:59:31",Completed,"2026-09-23 10:00:45",Completed,"2026-09-23 10:01:54",Completed,"2026-09-23 21:39:09",Completed,"2026-09-23 21:39:44",Completed,"2026-09-26 20:24:18",Completed,"2026-09-27 22:48:42","Not completed",,"Not completed",,"Not completed",,"Not completed",,"Not completed",,Completed,"2026-09-23 21:45:34",Completed,"2026-09-24 23:13:32",Completed,"2026-09-25 00:40:25",Completed,"2026-09-25 10:49:20",Completed,"2026-09-25 22:01:19","Not completed",,Completed,"2026-09-26 20:10:13",Completed,"2026-09-26 20:19:00",Completed,"2026-09-27 09:13:01",Completed,"2026-09-27 08:48:17",Completed,"2026-09-27 23:24:01",Completed,"2026-09-27 23:16:19",Completed,"2026-09-27 23:54:02","Not completed","1970-01-01 01:00:00","Not completed",,"Not completed",
"UZOMA CHIGBO",uzomafranklin02@gmail.com,Completed,"2026-07-08 16:17:11",Completed,"2026-07-08 16:20:39",Completed,"2026-07-08 16:19:14",Completed,"2026-07-13 22:17:55",Completed,"2026-07-13 22:26:01",Completed,"2026-07-13 22:30:37",Completed,"2026-07-13 22:35:05",Completed,"2026-07-13 22:36:08",Completed,"2026-07-13 22:41:31",Completed,"2026-07-13 22:43:42",Completed,"2026-07-14 13:41:03",Completed,"2026-07-29 14:31:20",Completed,"2026-08-10 15:37:16",Completed,"2026-08-10 15:40:25",Completed,"2026-08-10 16:01:19","Completed (achieved pass grade)","2026-08-10 16:22:24",Completed,"2026-08-10 16:23:41",Completed,"2026-07-13 22:50:00",Completed,"2026-07-13 23:13:23",Completed,"2026-07-14 12:12:24",Completed,"2026-07-14 12:30:28",Completed,"2026-07-14 12:55:05",Completed,"2026-08-10 16:26:02",Completed,"2026-07-14 13:21:48",Completed,"2026-07-14 13:39:35",Completed,"2026-07-29 13:17:41",Completed,"2026-07-29 13:38:04",Completed,"2026-07-29 14:38:52",Completed,"2026-07-29 15:01:10",Completed,"2026-08-10 12:49:17",Completed,"2026-08-10 14:03:38",Completed,"2026-08-10 15:08:45",Completed,"2026-08-10 15:17:58"
"PHILLIP CHIKEZIE",aldimoni.gex4ril@gmail.com,Completed,"2026-06-18 13:18:58",Completed,"2026-06-18 13:22:51",Completed,"2026-06-18 13:27:44",Completed,"2026-06-19 10:14:47",Completed,"2026-06-19 10:14:50",Completed,"2026-06-19 10:14:54",Completed,"2026-06-19 10:14:57",Completed,"2026-06-19 10:14:59",Completed,"2026-06-19 10:15:09",Completed,"2026-06-19 10:15:12",Completed,"2026-08-19 14:41:28",Completed,"2026-08-19 14:41:57",Completed,"2026-08-29 13:55:24",Completed,"2026-08-29 13:55:56",Completed,"2026-08-30 06:40:27","Completed (achieved pass grade)","2026-08-30 06:54:19",Completed,"2026-08-30 06:55:13",Completed,"2026-06-27 22:55:27",Completed,"2026-06-29 14:44:56",Completed,"2026-08-19 11:02:14",Completed,"2026-07-13 16:13:45",Completed,"2026-08-19 11:21:45",Completed,"2026-08-19 11:33:39",Completed,"2026-07-19 12:16:36",Completed,"2026-08-19 11:41:54",Completed,"2026-08-19 11:51:46",Completed,"2026-08-19 11:59:58",Completed,"2026-08-19 12:13:23",Completed,"2026-08-19 12:21:48",Completed,"2026-08-19 12:50:43",Completed,"2026-08-19 14:50:27",Completed,"2026-08-24 12:20:40",Completed,"2026-08-29 13:27:36"
"ABIGAIL CHRISTOPHER",christopherabigail91@gmail.com,Completed,"2026-08-06 19:01:35",Completed,"2026-08-06 19:00:52",Completed,"2026-08-06 19:28:50",Completed,"2026-08-06 19:06:37",Completed,"2026-08-06 19:06:45",Completed,"2026-08-06 19:06:54",Completed,"2026-08-06 19:07:04",Completed,"2026-08-06 19:07:18",Completed,"2026-08-06 19:07:31",Completed,"2026-08-06 19:07:42",Completed,"2026-08-06 19:06:04",Completed,"2026-08-06 19:05:13",Completed,"2026-08-12 11:10:08",Completed,"2026-08-06 19:08:35",Completed,"2026-08-11 01:50:55","Completed (achieved pass grade)","2026-08-12 11:19:11",Completed,"2026-08-06 19:08:55",Completed,"2026-08-06 19:34:23",Completed,"2026-08-06 19:39:06",Completed,"2026-08-08 21:50:10",Completed,"2026-08-12 10:28:28",Completed,"2026-08-08 22:36:53",Completed,"2026-08-06 19:23:21",Completed,"2026-08-12 10:45:42",Completed,"2026-08-08 23:27:42",Completed,"2026-08-12 10:51:00",Completed,"2026-08-09 00:57:07",Completed,"2026-08-12 10:56:47",Completed,"2026-08-09 01:12:56",Completed,"2026-08-12 11:02:04",Completed,"2026-08-09 01:27:37",Completed,"2026-08-12 11:06:28",Completed,"2026-08-11 01:49:26"
"JOY CHRISTOPHER",cjoy52443@gmail.com,Completed,"2026-07-24 01:09:17",Completed,"2026-07-24 01:08:52",Completed,"2026-07-24 01:12:55",Completed,"2026-07-24 01:48:42",Completed,"2026-07-24 01:48:44",Completed,"2026-07-24 01:48:45",Completed,"2026-07-24 01:48:47",Completed,"2026-07-24 01:48:51",Completed,"2026-07-24 01:48:52",Completed,"2026-07-24 01:48:54",Completed,"2026-07-24 13:08:51",Completed,"2026-07-24 15:34:29",Completed,"2026-07-24 15:09:07",Completed,"2026-07-24 15:10:09",Completed,"2026-07-24 15:20:38","Completed (achieved pass grade)","2026-07-24 15:30:15",Completed,"2026-07-24 15:31:07",Completed,"2026-07-24 01:19:56",Completed,"2026-07-24 01:23:52",Completed,"2026-07-24 01:51:52",Completed,"2026-07-24 01:47:06",Completed,"2026-07-24 12:47:09",Completed,"2026-07-24 02:06:01",Completed,"2026-07-24 12:57:02",Completed,"2026-07-24 13:07:28",Completed,"2026-07-24 13:14:00",Completed,"2026-07-24 14:27:14",Completed,"2026-07-24 14:32:08",Completed,"2026-07-24 14:37:54",Completed,"2026-07-24 14:43:21",Completed,"2026-07-24 14:51:30",Completed,"2026-07-24 14:57:11",Completed,"2026-07-24 15:05:16"
"VICTOR CHRISTOPHER",chrispatokaka@gmail.com,Completed,"2026-06-04 00:25:26",Completed,"2026-06-04 00:25:43",Completed,"2026-06-04 00:27:42",Completed,"2026-06-04 00:57:05",Completed,"2026-06-04 00:57:07",Completed,"2026-06-04 00:57:08",Completed,"2026-06-04 00:57:09",Completed,"2026-06-04 00:57:10",Completed,"2026-06-04 00:57:11",Completed,"2026-06-04 00:57:11",Completed,"2026-06-04 00:58:05",Completed,"2026-07-06 10:35:53",Completed,"2026-06-10 16:45:41",Completed,"2026-06-10 16:44:16",Completed,"2026-06-10 16:49:38","Completed (achieved pass grade)","2026-07-06 10:34:39",Completed,"2026-06-05 16:03:22",Completed,"2026-06-04 00:33:52",Completed,"2026-06-04 00:38:08",Completed,"2026-06-04 00:42:31",Completed,"2026-06-04 00:47:51",Completed,"2026-06-04 00:54:48",Completed,"2026-06-04 00:56:51",Completed,"2026-06-05 16:11:53",Completed,"2026-06-04 01:02:43",Completed,"2026-06-05 16:17:34",Completed,"2026-06-05 16:26:08",Completed,"2026-06-05 16:28:17",Completed,"2026-06-05 16:31:28",Completed,"2026-06-05 16:34:06",Completed,"2026-06-13 22:51:19",Completed,"2026-06-14 15:48:58",Completed,"2026-06-14 15:40:51"
"CEPHAS CHUKWUWIKE",chukwuwikecephas683@gmail.com,Completed,"2026-07-13 16:50:30",Completed,"2026-06-05 05:48:26",Completed,"2026-06-05 05:51:08",Completed,"2026-06-05 04:28:48",Completed,"2026-06-05 04:34:18",Completed,"2026-06-05 04:41:10",Completed,"2026-06-05 04:47:44",Completed,"2026-06-05 04:57:20",Completed,"2026-06-05 05:06:00",Completed,"2026-06-05 05:13:44",Completed,"2026-06-10 09:40:54",Completed,"2026-06-11 06:31:09",Completed,"2026-06-17 05:40:52",Completed,"2026-06-17 05:43:16",Completed,"2026-06-19 05:52:19","Completed (achieved pass grade)","2026-08-12 16:07:00",Completed,"2026-06-19 05:56:54",Completed,"2026-06-05 05:19:59",Completed,"2026-06-05 05:46:48",Completed,"2026-06-09 07:39:54",Completed,"2026-06-06 05:55:05",Completed,"2026-06-09 07:36:14",Completed,"2026-06-17 06:43:23",Completed,"2026-06-09 14:46:58",Completed,"2026-06-10 09:39:08",Completed,"2026-06-10 15:43:44",Completed,"2026-06-11 05:58:31",Completed,"2026-06-11 20:58:03",Completed,"2026-06-13 05:19:32",Completed,"2026-06-17 05:14:09",Completed,"2026-06-18 13:35:20",Completed,"2026-06-17 05:37:10",Completed,"2026-06-18 13:40:06"
"MUHAMMAD DABO",daboymuhammad@gmail.com,Completed,"2026-08-31 10:40:05",Completed,"2026-08-20 14:28:21",Completed,"2026-08-28 11:31:20",Completed,"2026-08-28 11:45:28",Completed,"2026-08-28 11:45:30",Completed,"2026-08-28 11:45:31",Completed,"2026-08-28 11:45:32",Completed,"2026-08-28 11:45:33",Completed,"2026-08-28 11:45:35",Completed,"2026-08-28 11:45:36",Completed,"2026-09-03 11:04:46",Completed,"2026-08-31 10:39:28",Completed,"2026-09-10 16:19:03",Completed,"2026-09-10 16:30:19","Not completed",,"Not completed","1970-01-01 01:00:00",Completed,"2026-09-10 16:30:05",Completed,"2026-08-28 11:49:35",Completed,"2026-08-31 10:37:07",Completed,"2026-08-28 13:03:15",Completed,"2026-09-01 12:20:03",Completed,"2026-09-01 13:53:16",Completed,"2026-09-16 11:43:08",Completed,"2026-09-02 13:25:32",Completed,"2026-09-02 12:45:16",Completed,"2026-09-03 11:33:32",Completed,"2026-09-03 12:00:53",Completed,"2026-09-07 11:55:33",Completed,"2026-09-07 12:36:36",Completed,"2026-09-08 13:42:29",Completed,"2026-09-09 12:04:35",Completed,"2026-09-10 14:12:45",Completed,"2026-09-10 15:12:44"
"DAVIS DAEREGO-OPARA",davisen99@gmail.com,Completed,"2026-08-15 10:43:41",Completed,"2026-08-15 10:44:02",Completed,"2026-08-15 10:46:21",Completed,"2026-08-15 10:54:02",Completed,"2026-08-15 10:57:59",Completed,"2026-08-15 12:27:22",Completed,"2026-08-15 12:32:06",Completed,"2026-08-15 12:33:03",Completed,"2026-08-15 15:01:50",Completed,"2026-08-15 15:08:03",Completed,"2026-08-17 17:26:35",Completed,"2026-08-18 19:24:20",Completed,"2026-08-18 14:03:23",Completed,"2026-08-18 14:06:15",Completed,"2026-08-18 19:06:31","Completed (achieved pass grade)","2026-08-18 14:19:51",Completed,"2026-08-18 14:28:58",Completed,"2026-08-15 15:13:33",Completed,"2026-08-15 15:38:42",Completed,"2026-08-15 17:24:58",Completed,"2026-08-15 22:54:19",Completed,"2026-08-16 00:00:37",Completed,"2026-08-18 14:08:29",Completed,"2026-08-17 16:52:09",Completed,"2026-08-17 17:20:45",Completed,"2026-08-17 17:43:14",Completed,"2026-08-17 18:12:13",Completed,"2026-08-17 18:35:40",Completed,"2026-08-17 18:51:38",Completed,"2026-08-18 00:08:51",Completed,"2026-08-18 18:35:12",Completed,"2026-08-18 14:00:14",Completed,"2026-08-18 19:12:54"
"MUSA DAHIRU",musadahirumodibbo1@gmail.com,Completed,"2026-09-04 14:55:17",Completed,"2026-09-03 12:21:18",Completed,"2026-09-03 12:26:52",Completed,"2026-09-03 12:21:29",Completed,"2026-09-03 12:21:30",Completed,"2026-09-03 12:21:31",Completed,"2026-09-03 12:21:35",Completed,"2026-09-03 12:21:38",Completed,"2026-09-03 12:21:37",Completed,"2026-09-03 12:21:39",Completed,"2026-09-04 12:36:37",Completed,"2026-09-03 12:21:53",Completed,"2026-09-04 12:40:27",Completed,"2026-09-03 12:22:06",Completed,"2026-09-04 14:28:17","Completed (achieved pass grade)","2026-09-04 14:49:06",Completed,"2026-09-03 12:22:09",Completed,"2026-09-03 12:35:01",Completed,"2026-09-03 12:42:48",Completed,"2026-09-03 12:54:59",Completed,"2026-09-03 13:00:33",Completed,"2026-09-03 13:09:17",Completed,"2026-09-03 13:14:28",Completed,"2026-09-03 13:23:31",Completed,"2026-09-03 13:56:04",Completed,"2026-09-03 14:01:41",Completed,"2026-09-03 14:16:26",Completed,"2026-09-03 14:20:53",Completed,"2026-09-04 12:06:22",Completed,"2026-09-03 14:27:08",Completed,"2026-09-04 12:17:30",Completed,"2026-09-03 14:38:17",Completed,"2026-09-04 12:31:37"
"UMAYMAH DAHIRU",maymah.h0@gmail.com,Completed,"2026-07-29 20:33:27",Completed,"2026-07-29 20:32:19",Completed,"2026-07-29 20:37:09",Completed,"2026-07-29 20:32:05",Completed,"2026-07-29 20:31:46",Completed,"2026-07-29 20:31:47",Completed,"2026-07-29 20:31:48",Completed,"2026-07-29 20:31:49",Completed,"2026-07-29 20:31:57",Completed,"2026-07-29 20:31:58","Not completed",,Completed,"2026-07-29 20:33:04","Not completed",,Completed,"2026-07-29 20:33:19","Not completed",,"Not completed",,Completed,"2026-07-29 20:33:24",Completed,"2026-07-29 20:40:01",Completed,"2026-07-29 20:42:30",Completed,"2026-07-30 11:30:36",Completed,"2026-08-01 11:25:36",Completed,"2026-08-03 20:12:08","Not completed",,"Not completed","1970-01-01 01:00:00","Not completed",,"Not completed",,"Not completed",,"Not completed",,"Not completed",,"Not completed",,"Not completed",,"Not completed",,"Not completed",
"ALIYU DALHA",hydharaleey@gmail.com,Completed,"2026-07-25 02:32:26",Completed,"2026-06-05 01:43:23",Completed,"2026-06-05 01:46:25",Completed,"2026-06-05 01:47:12",Completed,"2026-06-05 01:47:13",Completed,"2026-06-05 01:47:14",Completed,"2026-06-05 01:47:15",Completed,"2026-06-05 01:47:20",Completed,"2026-06-05 01:47:19",Completed,"2026-06-05 01:47:18",Completed,"2026-06-08 04:11:19",Completed,"2026-06-05 02:27:49",Completed,"2026-06-08 03:59:02",Completed,"2026-06-08 04:10:23",Completed,"2026-06-08 04:02:11","Not completed",,Completed,"2026-06-05 02:25:54",Completed,"2026-06-05 01:51:24",Completed,"2026-06-05 01:54:45",Completed,"2026-06-05 02:19:25",Completed,"2026-06-05 02:24:39",Completed,"2026-06-06 02:42:36",Completed,"2026-06-05 02:29:45",Completed,"2026-06-08 03:00:46",Completed,"2026-06-08 03:04:35",Completed,"2026-06-08 03:06:29",Completed,"2026-06-08 03:26:08",Completed,"2026-06-08 03:28:09",Completed,"2026-06-08 03:41:57",Completed,"2026-06-08 03:44:02",Completed,"2026-06-08 03:48:39",Completed,"2026-06-08 03:50:20",Completed,"2026-06-08 03:57:10"
"MUAZU DANGANA",muazumuhd05@gmail.com,Completed,"2026-07-11 13:40:19",Completed,"2026-07-11 12:02:16",Completed,"2026-07-11 12:05:34",Completed,"2026-07-11 12:06:57",Completed,"2026-07-11 12:06:58",Completed,"2026-07-11 12:07:00",Completed,"2026-07-11 12:07:01",Completed,"2026-07-11 12:07:05",Completed,"2026-07-11 12:07:06",Completed,"2026-07-11 12:07:07",Completed,"2026-07-11 12:35:11",Completed,"2026-07-11 12:18:39",Completed,"2026-07-11 13:28:18",Completed,"2026-07-11 13:26:42",Completed,"2026-07-17 11:28:35","Completed (achieved pass grade)","2026-07-11 13:37:53",Completed,"2026-07-11 13:40:11",Completed,"2026-07-11 12:11:51",Completed,"2026-07-11 12:15:41",Completed,"2026-07-17 06:50:49",Completed,"2026-07-11 12:26:39",Completed,"2026-07-17 07:05:48",Completed,"2026-07-17 11:29:58",Completed,"2026-07-11 12:32:33",Completed,"2026-07-17 08:27:15",Completed,"2026-07-11 12:38:25",Completed,"2026-07-17 08:43:34",Completed,"2026-07-11 13:17:59",Completed,"2026-07-17 09:31:01",Completed,"2026-07-11 13:22:58",Completed,"2026-07-17 10:31:55",Completed,"2026-07-11 13:25:29",Completed,"2026-07-17 10:53:43"
"ADAMILO DANIEL",adamiloaarondaniel@gmail.com,Completed,"2026-09-16 06:16:27",Completed,"2026-09-16 02:28:43",Completed,"2026-09-16 02:30:56",Completed,"2026-09-16 02:28:54",Completed,"2026-09-16 02:28:56",Completed,"2026-09-16 02:28:57",Completed,"2026-09-16 02:28:58",Completed,"2026-09-16 02:29:00",Completed,"2026-09-16 02:29:04",Completed,"2026-09-16 02:29:03",Completed,"2026-09-16 03:08:30",Completed,"2026-09-16 02:45:13",Completed,"2026-09-16 02:56:09",Completed,"2026-09-16 02:45:25",Completed,"2026-09-16 03:28:13","Not completed","1970-01-01 01:00:00",Completed,"2026-09-16 02:45:33",Completed,"2026-09-16 02:33:56",Completed,"2026-09-16 02:37:12",Completed,"2026-09-16 02:38:39",Completed,"2026-09-16 02:44:43",Completed,"2026-09-16 03:16:11",Completed,"2026-09-16 03:21:30",Completed,"2026-09-16 03:14:06",Completed,"2026-09-16 03:50:24",Completed,"2026-09-16 03:08:06",Completed,"2026-09-16 03:22:53",Completed,"2026-09-16 03:05:40",Completed,"2026-09-16 03:31:10",Completed,"2026-09-16 03:02:07",Completed,"2026-09-16 03:36:54",Completed,"2026-09-16 02:59:07",Completed,"2026-09-16 03:43:34"
"MUBARAK DANIYA",Mubarakadaniya22@gmail.com,Completed,"2026-09-22 08:45:03",Completed,"2026-09-22 08:45:53","Not completed","1970-01-01 01:00:00",Completed,"2026-09-22 08:48:05",Completed,"2026-09-22 08:47:35",Completed,"2026-09-22 08:48:26",Completed,"2026-09-22 08:48:49",Completed,"2026-09-22 08:49:13",Completed,"2026-09-22 08:50:04",Completed,"2026-09-22 08:51:14","Not completed",,"Not completed",,"Not completed",,"Not completed",,"Not completed",,"Not completed",,"Not completed",,"Not completed","1970-01-01 01:00:00","Not completed",,"Not completed",,"Not completed",,"Not completed",,"Not completed",,"Not completed",,"Not completed",,"Not completed",,"Not completed",,"Not completed",,"Not completed",,"Not completed",,"Not completed",,"Not completed",,"Not completed",
"IBRAHIM DANJUMA",matanfada001@gmail.com,Completed,"2026-06-21 02:12:19",Completed,"2026-06-13 22:15:42",Completed,"2026-06-13 22:18:57",Completed,"2026-06-14 21:01:05",Completed,"2026-06-14 21:16:59",Completed,"2026-06-22 00:50:54",Completed,"2026-06-14 21:27:16",Completed,"2026-06-14 21:45:04",Completed,"2026-06-14 21:46:08",Completed,"2026-06-14 23:02:18",Completed,"2026-06-21 00:28:17",Completed,"2026-06-21 01:01:38",Completed,"2026-06-21 02:08:09",Completed,"2026-06-21 02:09:17",Completed,"2026-06-22 23:41:22","Completed (achieved pass grade)","2026-07-05 09:40:28",Completed,"2026-06-21 02:30:49",Completed,"2026-06-14 23:13:13",Completed,"2026-06-16 00:09:52",Completed,"2026-06-16 00:25:39",Completed,"2026-06-20 23:35:40",Completed,"2026-06-16 00:34:55",Completed,"2026-06-20 23:42:15",Completed,"2026-06-21 00:20:31",Completed,"2026-06-20 00:00:19",Completed,"2026-06-21 00:45:27",Completed,"2026-06-21 20:07:51",Completed,"2026-06-21 01:15:28",Completed,"2026-06-21 20:25:27",Completed,"2026-06-21 01:42:04",Completed,"2026-06-21 20:57:02",Completed,"2026-06-21 02:01:42",Completed,"2026-06-21 21:00:08"
"NAZIFI DANLADI",nazifidanladi@gmail.com,Completed,"2026-08-31 12:44:35",Completed,"2026-08-31 12:44:30",Completed,"2026-08-31 12:50:04",Completed,"2026-08-31 15:08:52",Completed,"2026-08-31 15:08:50",Completed,"2026-08-31 15:08:49",Completed,"2026-08-31 15:08:48",Completed,"2026-08-31 15:08:54",Completed,"2026-08-31 15:08:55",Completed,"2026-08-31 15:08:56",Completed,"2026-09-01 00:41:14",Completed,"2026-08-31 15:09:29",Completed,"2026-09-01 22:42:36",Completed,"2026-08-31 15:09:55","Not completed",,"Completed (achieved pass grade)","2026-09-02 10:16:57",Completed,"2026-08-31 15:21:44",Completed,"2026-08-31 15:25:02",Completed,"2026-08-31 16:34:29",Completed,"2026-08-31 16:54:32",Completed,"2026-08-31 17:12:59",Completed,"2026-09-01 00:22:00",Completed,"2026-09-01 14:05:41",Completed,"2026-08-31 17:51:23",Completed,"2026-08-31 17:52:31",Completed,"2026-09-01 14:13:29",Completed,"2026-09-01 14:22:47",Completed,"2026-09-01 14:09:18",Completed,"2026-09-02 10:19:32",Completed,"2026-08-31 17:27:50",Completed,"2026-09-02 13:47:35",Completed,"2026-08-31 15:13:00",Completed,"2026-08-31 17:35:00"
"MUHAMMAD DANLAMI",Dee56520@gmail.com,Completed,"2026-09-11 14:06:07",Completed,"2026-09-11 14:06:49",Completed,"2026-09-11 14:10:35",Completed,"2026-09-11 14:11:30",Completed,"2026-09-11 14:11:56",Completed,"2026-09-11 14:12:02",Completed,"2026-09-11 14:12:23",Completed,"2026-09-11 14:12:39",Completed,"2026-09-11 14:12:44",Completed,"2026-09-11 14:12:49",Completed,"2026-09-11 15:08:09",Completed,"2026-09-11 15:15:23",Completed,"2026-09-11 15:57:10",Completed,"2026-09-11 15:26:40",Completed,"2026-09-11 15:19:21","Completed (achieved pass grade)","2026-09-11 15:54:50",Completed,"2026-09-11 15:17:39",Completed,"2026-09-11 14:16:41",Completed,"2026-09-11 14:20:55",Completed,"2026-09-11 14:22:27",Completed,"2026-09-11 14:34:21",Completed,"2026-09-11 14:35:45",Completed,"2026-09-11 15:45:41",Completed,"2026-09-11 14:59:24",Completed,"2026-09-11 15:01:16",Completed,"2026-09-11 15:12:59",Completed,"2026-09-11 15:13:39",Completed,"2026-09-11 16:09:18",Completed,"2026-09-11 15:34:16",Completed,"2026-09-11 16:05:04",Completed,"2026-09-11 15:40:17",Completed,"2026-09-11 16:00:50",Completed,"2026-09-11 15:28:23"
"ADAM DANTANKO",adamdeetanko@gmail.com,"Not completed",,"Not completed",,"Not completed",,"Not completed",,"Not completed",,"Not completed",,"Not completed",,"Not completed",,"Not completed",,"Not completed",,"Not completed",,"Not completed",,"Not completed",,"Not completed",,"Not completed",,"Not completed",,"Not completed",,"Not completed",,"Not completed",,"Not completed",,"Not completed",,"Not completed",,"Not completed",,"Not completed",,"Not completed",,"Not completed",,"Not completed",,"Not completed",,"Not completed",,"Not completed",,"Not completed",,"Not completed",,"Not completed",
"HARIS DANYAYA",harisdanyaya@gmail.com,Completed,"2026-09-15 12:33:51",Completed,"2026-09-15 12:34:55",Completed,"2026-09-15 12:42:05",Completed,"2026-09-15 12:53:09",Completed,"2026-09-15 12:53:32",Completed,"2026-09-15 12:59:46",Completed,"2026-09-17 10:25:35",Completed,"2026-09-17 10:26:53",Completed,"2026-09-17 10:28:23",Completed,"2026-09-17 10:32:45",Completed,"2026-09-17 11:32:49",Completed,"2026-09-21 11:30:42",Completed,"2026-09-21 12:06:06",Completed,"2026-09-17 11:59:38",Completed,"2026-09-23 02:48:12","Completed (achieved pass grade)","2026-09-24 11:45:51",Completed,"2026-09-17 12:02:06",Completed,"2026-09-17 10:41:05",Completed,"2026-09-17 10:53:41",Completed,"2026-09-20 22:17:46",Completed,"2026-09-17 11:09:00",Completed,"2026-09-20 22:29:44",Completed,"2026-09-17 12:08:03",Completed,"2026-09-17 11:27:29",Completed,"2026-09-20 22:52:45",Completed,"2026-09-17 11:38:25",Completed,"2026-09-20 23:07:06",Completed,"2026-09-17 11:46:41",Completed,"2026-09-21 17:42:29",Completed,"2026-09-17 11:58:19",Completed,"2026-09-23 02:02:11",Completed,"2026-09-21 11:39:02",Completed,"2026-09-23 02:20:15"
"KAZEEM DISU",kazeemsukanmi@gmail.com,Completed,"2026-09-13 18:28:40",Completed,"2026-09-13 18:29:37",Completed,"2026-09-14 12:03:50",Completed,"2026-09-14 16:04:27",Completed,"2026-09-14 16:10:14",Completed,"2026-09-14 16:16:59",Completed,"2026-09-14 16:22:23",Completed,"2026-09-14 16:24:59",Completed,"2026-09-14 16:32:02",Completed,"2026-09-14 16:33:54",Completed,"2026-09-15 13:34:24",Completed,"2026-09-17 12:47:28",Completed,"2026-09-21 17:12:01",Completed,"2026-09-21 17:13:18",Completed,"2026-09-23 04:20:45","Completed (achieved pass grade)","2026-09-23 04:41:45",Completed,"2026-09-23 04:43:17",Completed,"2026-09-14 16:39:12",Completed,"2026-09-14 17:03:00",Completed,"2026-09-14 18:44:39",Completed,"2026-09-14 17:15:24",Completed,"2026-09-14 20:27:53",Completed,"2026-09-23 04:49:07",Completed,"2026-09-15 12:40:47",Completed,"2026-09-15 13:21:48",Completed,"2026-09-15 13:57:10",Completed,"2026-09-15 14:26:36",Completed,"2026-09-17 16:16:02",Completed,"2026-09-17 16:57:50",Completed,"2026-09-18 16:34:09",Completed,"2026-09-18 18:52:46",Completed,"2026-09-20 14:10:40",Completed,"2026-09-21 16:54:15"
"ALBERT DOUGLAS",albertdouglas038@gmail.com,Completed,"2026-08-31 09:23:58",Completed,"2026-08-31 10:08:22",Completed,"2026-08-31 09:30:13",Completed,"2026-08-31 09:36:40",Completed,"2026-08-31 10:26:43",Completed,"2026-08-31 10:41:24",Completed,"2026-08-31 11:15:35",Completed,"2026-08-31 11:19:18",Completed,"2026-09-04 12:31:09",Completed,"2026-09-04 12:43:59",Completed,"2026-09-10 10:08:20",Completed,"2026-09-11 11:06:51",Completed,"2026-09-18 12:38:50",Completed,"2026-09-18 12:42:58",Completed,"2026-09-18 16:36:39","Completed (achieved pass grade)","2026-09-18 16:54:33",Completed,"2026-09-18 16:55:26",Completed,"2026-09-04 12:59:01",Completed,"2026-09-04 15:29:10",Completed,"2026-09-04 15:54:14",Completed,"2026-09-07 09:19:20",Completed,"2026-09-07 10:17:17",Completed,"2026-09-18 16:57:23",Completed,"2026-09-10 08:51:14",Completed,"2026-09-10 09:58:25",Completed,"2026-09-10 11:35:24",Completed,"2026-09-10 13:20:10",Completed,"2026-09-11 11:26:57",Completed,"2026-09-14 10:16:29",Completed,"2026-09-14 12:50:31",Completed,"2026-09-14 14:54:29",Completed,"2026-09-18 11:28:14",Completed,"2026-09-18 12:30:47"
"EMMANUEL EBITU",emmanuele732@gmail.com,Completed,"2026-09-18 22:06:31",Completed,"2026-09-09 12:37:38",Completed,"2026-09-09 12:39:25",Completed,"2026-09-09 13:15:07",Completed,"2026-09-19 20:19:46",Completed,"2026-09-09 13:29:09",Completed,"2026-09-09 14:14:24",Completed,"2026-09-09 15:30:45",Completed,"2026-09-09 15:38:29",Completed,"2026-09-09 15:44:15",Completed,"2026-09-10 04:05:00",Completed,"2026-09-12 08:55:01",Completed,"2026-09-12 10:06:04",Completed,"2026-09-19 18:26:16",Completed,"2026-09-19 20:02:40","Completed (achieved pass grade)","2026-09-19 18:24:23",Completed,"2026-09-19 20:18:28",Completed,"2026-09-09 15:50:04",Completed,"2026-09-10 02:51:29",Completed,"2026-09-14 17:47:26",Completed,"2026-09-10 03:12:55",Completed,"2026-09-15 19:12:04",Completed,"2026-09-10 03:17:36",Completed,"2026-09-10 03:54:50",Completed,"2026-09-17 21:58:08",Completed,"2026-09-10 04:38:05",Completed,"2026-09-17 22:49:39",Completed,"2026-09-11 10:24:52",Completed,"2026-09-18 18:43:30",Completed,"2026-09-12 09:29:20",Completed,"2026-09-18 22:35:38",Completed,"2026-09-12 10:01:46",Completed,"2026-09-19 19:04:14"
"VALTINO EBODE",ebodevaltino@gmail.com,Completed,"2026-07-17 10:52:31",Completed,"2026-06-24 11:57:31",Completed,"2026-06-24 11:58:53",Completed,"2026-06-26 12:11:30",Completed,"2026-06-26 12:11:31",Completed,"2026-06-26 12:11:31",Completed,"2026-06-26 12:11:32",Completed,"2026-06-26 12:11:34",Completed,"2026-06-26 12:11:34",Completed,"2026-06-26 12:11:35",Completed,"2026-07-17 10:37:38",Completed,"2026-06-26 14:51:38",Completed,"2026-07-17 10:35:49",Completed,"2026-06-26 14:51:53",Completed,"2026-07-17 10:51:35","Completed (achieved pass grade)","2026-07-17 10:48:46",Completed,"2026-07-17 10:51:50",Completed,"2026-06-26 12:17:43",Completed,"2026-06-26 14:39:10",Completed,"2026-07-16 12:38:49",Completed,"2026-06-26 14:46:59",Completed,"2026-07-16 14:09:20",Completed,"2026-06-26 14:48:00",Completed,"2026-07-16 14:14:24",Completed,"2026-07-16 15:30:11",Completed,"2026-07-16 15:31:39",Completed,"2026-07-16 15:49:50",Completed,"2026-07-16 15:51:48",Completed,"2026-07-16 16:05:44",Completed,"2026-07-17 08:25:01",Completed,"2026-07-17 08:44:09",Completed,"2026-07-17 08:46:00",Completed,"2026-07-17 10:32:00"
"VICTOR EDE",victorede08@gmail.com,Completed,"2026-07-16 20:53:37",Completed,"2026-07-16 20:51:58",Completed,"2026-07-16 20:56:39",Completed,"2026-07-16 20:52:08",Completed,"2026-07-16 20:52:09",Completed,"2026-07-16 20:52:10",Completed,"2026-07-16 20:52:10",Completed,"2026-07-16 20:52:11",Completed,"2026-07-16 20:52:13",Completed,"2026-07-16 20:52:13",Completed,"2026-07-16 21:41:37",Completed,"2026-07-16 20:54:02",Completed,"2026-07-16 22:13:46",Completed,"2026-07-16 20:54:17",Completed,"2026-07-17 03:45:08","Completed (achieved pass grade)","2026-07-16 22:23:44",Completed,"2026-07-16 20:54:25",Completed,"2026-07-16 21:03:14",Completed,"2026-07-16 21:07:15",Completed,"2026-07-16 21:20:07",Completed,"2026-07-16 21:28:06",Completed,"2026-07-16 21:20:59",Completed,"2026-07-16 22:27:55",Completed,"2026-07-16 21:35:50",Completed,"2026-07-16 21:37:48",Completed,"2026-07-16 21:43:48",Completed,"2026-07-16 21:50:47",Completed,"2026-07-16 21:46:37",Completed,"2026-07-16 21:51:46",Completed,"2026-07-16 21:56:40",Completed,"2026-07-16 22:02:52",Completed,"2026-07-16 22:08:32",Completed,"2026-07-16 22:11:23"
"CHIDOZIE EDEH",ChidozieJ23@gmail.com,Completed,"2026-09-04 14:01:26",Completed,"2026-08-21 14:26:24",Completed,"2026-08-21 14:42:24",Completed,"2026-08-21 14:48:10",Completed,"2026-08-21 14:55:27",Completed,"2026-08-21 14:56:49",Completed,"2026-08-21 15:01:19",Completed,"2026-08-21 15:02:57",Completed,"2026-08-21 15:06:07",Completed,"2026-08-21 15:08:40",Completed,"2026-09-02 13:55:08",Completed,"2026-09-03 10:56:29",Completed,"2026-09-03 12:19:43",Completed,"2026-09-03 12:39:12",Completed,"2026-09-04 11:42:09","Not completed","1970-01-01 01:00:00",Completed,"2026-09-03 12:38:24",Completed,"2026-08-21 15:14:29",Completed,"2026-08-21 15:20:08",Completed,"2026-08-31 15:01:28",Completed,"2026-08-31 15:14:38",Completed,"2026-09-02 11:02:25",Completed,"2026-09-02 11:37:59",Completed,"2026-09-02 12:10:28",Completed,"2026-09-02 13:24:24",Completed,"2026-09-02 13:35:39",Completed,"2026-09-02 15:21:49",Completed,"2026-09-02 13:40:02",Completed,"2026-09-02 15:51:14",Completed,"2026-09-02 16:03:41",Completed,"2026-09-03 10:37:03",Completed,"2026-09-03 10:47:08",Completed,"2026-09-03 11:43:59"
"ESTHER EDET",estheejay2004@gmail.com,Completed,"2026-06-19 10:39:28",Completed,"2026-06-19 09:35:58",Completed,"2026-06-19 09:36:54",Completed,"2026-06-19 09:37:15",Completed,"2026-06-19 09:37:16",Completed,"2026-06-19 09:37:16",Completed,"2026-06-19 09:37:17",Completed,"2026-06-19 09:37:18",Completed,"2026-06-19 09:37:23",Completed,"2026-06-19 09:37:23",Completed,"2026-06-19 10:32:16",Completed,"2026-06-19 10:32:36",Completed,"2026-06-19 10:33:52",Completed,"2026-06-19 10:39:36",Completed,"2026-06-19 10:34:17","Completed (achieved pass grade)","2026-07-05 09:40:28",Completed,"2026-06-19 10:39:32",Completed,"2026-06-19 09:47:01",Completed,"2026-06-19 09:38:18",Completed,"2026-06-19 09:39:33",Completed,"2026-06-19 09:42:10",Completed,"2026-06-19 09:43:15",Completed,"2026-06-19 09:44:27",Completed,"2026-06-19 09:53:08",Completed,"2026-06-19 09:55:41",Completed,"2026-06-19 10:22:55",Completed,"2026-06-19 10:26:16",Completed,"2026-06-19 10:27:26",Completed,"2026-06-19 10:28:00",Completed,"2026-06-19 10:29:01",Completed,"2026-06-19 10:29:32",Completed,"2026-06-19 10:30:37",Completed,"2026-06-19 10:31:28"
"PRAISE EFFIOM",effiompraise199@gmail.com,Completed,"2026-06-15 10:00:50",Completed,"2026-06-03 13:42:45",Completed,"2026-06-03 13:45:19",Completed,"2026-06-03 13:51:29",Completed,"2026-06-03 14:03:42",Completed,"2026-06-03 14:10:58",Completed,"2026-06-03 14:23:10",Completed,"2026-06-03 14:24:50",Completed,"2026-06-03 14:31:58",Completed,"2026-06-03 14:35:00",Completed,"2026-06-07 11:23:33",Completed,"2026-06-07 11:42:37",Completed,"2026-06-08 16:47:04",Completed,"2026-06-08 16:47:21",Completed,"2026-06-08 21:17:43","Not completed",,Completed,"2026-06-08 17:00:05",Completed,"2026-06-03 15:17:47",Completed,"2026-06-03 15:50:06",Completed,"2026-06-04 10:12:44",Completed,"2026-06-04 10:42:43",Completed,"2026-06-08 18:13:09",Completed,"2026-06-08 17:01:15",Completed,"2026-06-05 12:08:51",Completed,"2026-06-08 18:39:46",Completed,"2026-06-07 11:39:58",Completed,"2026-06-08 18:50:58",Completed,"2026-06-08 16:13:55",Completed,"2026-06-08 19:24:25",Completed,"2026-06-08 16:30:12",Completed,"2026-06-08 19:50:05",Completed,"2026-06-08 16:44:06",Completed,"2026-06-08 20:04:56"
"VICTOR EGBE",victoregbemoses@gmail.com,Completed,"2026-07-22 15:04:17",Completed,"2026-07-22 15:05:24",Completed,"2026-07-24 10:15:28",Completed,"2026-07-23 10:54:15",Completed,"2026-07-23 11:06:03",Completed,"2026-07-23 11:09:59",Completed,"2026-07-23 11:10:37",Completed,"2026-07-23 11:11:08",Completed,"2026-07-24 10:28:05",Completed,"2026-07-24 10:28:13",Completed,"2026-07-27 10:19:41",Completed,"2026-07-24 14:28:11",Completed,"2026-07-27 11:49:28",Completed,"2026-07-27 12:00:20",Completed,"2026-07-27 12:05:42","Completed (achieved pass grade)","2026-07-27 11:57:19",Completed,"2026-07-27 11:57:47",Completed,"2026-07-24 10:20:12",Completed,"2026-07-24 10:24:29",Completed,"2026-07-24 10:51:13",Completed,"2026-07-24 10:56:40",Completed,"2026-07-24 12:09:19",Completed,"2026-07-27 12:07:54",Completed,"2026-07-24 12:18:48",Completed,"2026-07-24 12:45:12",Completed,"2026-07-27 10:23:55",Completed,"2026-07-27 10:43:08",Completed,"2026-07-24 14:33:40",Completed,"2026-07-27 10:58:47",Completed,"2026-07-27 11:02:47",Completed,"2026-07-27 11:16:40",Completed,"2026-07-27 11:30:10",Completed,"2026-07-27 11:44:00"
"OSAGWE EKHATOR",ruthekhator1@gmail.com,Completed,"2026-09-25 16:18:30",Completed,"2026-09-25 16:19:06",Completed,"2026-09-16 00:20:00",Completed,"2026-09-26 18:18:14",Completed,"2026-09-26 18:18:53",Completed,"2026-09-26 18:19:58",Completed,"2026-09-26 18:20:59",Completed,"2026-09-26 18:22:10",Completed,"2026-09-26 18:24:05",Completed,"2026-09-26 18:25:22","Not completed",,"Not completed",,"Not completed",,"Not completed",,"Not completed",,"Not completed",,"Not completed",,Completed,"2026-09-25 18:53:27",Completed,"2026-09-25 19:07:13","Not completed","1970-01-01 01:00:00","Not completed",,"Not completed",,"Not completed",,"Not completed",,"Not completed",,"Not completed",,"Not completed",,"Not completed",,"Not completed",,"Not completed",,"Not completed",,"Not completed",,"Not completed",
"ROBOROGHENE EKOSINI",roborekosini@gmail.com,Completed,"2026-09-17 13:41:05",Completed,"2026-09-01 12:10:57",Completed,"2026-08-18 16:43:34",Completed,"2026-08-18 16:45:29",Completed,"2026-08-18 16:52:28",Completed,"2026-08-18 16:59:22",Completed,"2026-08-18 17:06:27",Completed,"2026-08-18 17:08:24",Completed,"2026-08-18 17:21:06",Completed,"2026-08-18 17:28:43",Completed,"2026-08-19 17:36:23",Completed,"2026-08-20 13:24:22",Completed,"2026-08-20 16:41:23",Completed,"2026-08-20 16:43:57",Completed,"2026-08-20 17:19:35","Not completed","1970-01-01 01:00:00",Completed,"2026-09-22 13:41:22",Completed,"2026-08-21 10:31:15",Completed,"2026-08-18 17:33:47",Completed,"2026-08-18 17:47:43",Completed,"2026-08-19 15:09:19",Completed,"2026-08-19 16:24:46",Completed,"2026-08-20 17:37:53",Completed,"2026-08-19 17:14:42",Completed,"2026-08-19 17:29:28",Completed,"2026-08-21 10:46:35",Completed,"2026-08-20 12:52:39",Completed,"2026-08-20 13:39:28",Completed,"2026-08-20 13:52:46",Completed,"2026-08-20 15:54:56",Completed,"2026-08-20 15:43:08",Completed,"2026-08-20 16:14:55",Completed,"2026-08-20 16:31:09"
"SUNDAY EKUVERO",sundayekuvero@gmail.com,Completed,"2026-07-22 13:12:45",Completed,"2026-07-22 12:53:41",Completed,"2026-07-22 12:59:28",Completed,"2026-07-22 12:53:57",Completed,"2026-07-22 12:53:57",Completed,"2026-07-22 12:53:59",Completed,"2026-07-22 12:54:00",Completed,"2026-07-22 12:54:01",Completed,"2026-07-22 12:54:02",Completed,"2026-07-22 12:54:03",Completed,"2026-07-23 11:14:45",Completed,"2026-07-22 14:21:32",Completed,"2026-07-23 11:37:01",Completed,"2026-07-22 13:56:30",Completed,"2026-07-23 09:43:35","Completed (achieved pass grade)","2026-07-23 11:42:50",Completed,"2026-07-22 13:56:46",Completed,"2026-07-23 09:49:01",Completed,"2026-07-22 13:29:03",Completed,"2026-07-22 13:53:05",Completed,"2026-07-23 09:54:42",Completed,"2026-07-22 14:17:43",Completed,"2026-07-22 13:57:40",Completed,"2026-07-23 10:00:21",Completed,"2026-07-22 14:19:41",Completed,"2026-07-23 11:19:01",Completed,"2026-07-22 14:21:02",Completed,"2026-07-23 11:22:57",Completed,"2026-07-22 14:22:28",Completed,"2026-07-23 11:27:58",Completed,"2026-07-22 14:24:02",Completed,"2026-07-23 11:34:27",Completed,"2026-07-22 14:25:40"
"GLORY ELIAS",glo.glamorous2@gmail.com,Completed,"2026-07-05 01:17:21",Completed,"2026-06-05 09:36:33",Completed,"2026-06-05 09:41:26",Completed,"2026-06-05 09:44:34",Completed,"2026-06-05 09:44:39",Completed,"2026-06-05 09:45:36",Completed,"2026-06-05 09:46:09",Completed,"2026-06-05 09:46:33",Completed,"2026-06-05 09:46:51",Completed,"2026-06-05 09:47:04",Completed,"2026-06-10 04:52:13",Completed,"2026-06-10 04:21:31",Completed,"2026-06-10 05:19:59",Completed,"2026-06-10 04:53:36",Completed,"2026-06-16 00:18:10","Completed (achieved pass grade)","2026-07-05 09:40:28",Completed,"2026-06-05 09:43:09",Completed,"2026-06-10 04:30:46",Completed,"2026-06-10 04:34:39",Completed,"2026-06-14 20:43:29",Completed,"2026-06-10 04:40:26",Completed,"2026-06-14 21:05:51",Completed,"2026-06-10 04:55:48",Completed,"2026-06-10 04:50:37",Completed,"2026-06-14 21:39:23",Completed,"2026-06-10 05:01:10",Completed,"2026-06-15 22:57:59",Completed,"2026-06-10 05:06:30",Completed,"2026-06-15 23:11:09",Completed,"2026-06-10 05:12:20",Completed,"2026-06-15 23:41:35",Completed,"2026-06-10 05:17:48",Completed,"2026-06-15 23:58:14"
"MARTINA EMMANUEL",martinaemuoboh@gmail.com,Completed,"2026-06-20 20:54:59",Completed,"2026-06-20 20:56:27",Completed,"2026-06-20 20:57:57",Completed,"2026-06-20 21:01:16",Completed,"2026-06-20 21:04:55",Completed,"2026-06-20 21:05:12",Completed,"2026-06-20 21:09:54",Completed,"2026-06-20 21:14:54",Completed,"2026-06-20 21:15:29",Completed,"2026-06-20 21:20:36",Completed,"2026-06-24 20:51:32",Completed,"2026-06-24 21:01:44",Completed,"2026-06-24 22:11:56",Completed,"2026-06-24 22:12:13",Completed,"2026-06-24 22:22:56","Completed (achieved pass grade)","2026-07-05 09:40:28",Completed,"2026-06-24 22:13:03",Completed,"2026-06-20 21:24:17",Completed,"2026-06-22 22:42:58",Completed,"2026-06-22 22:40:55",Completed,"2026-06-22 23:11:46",Completed,"2026-06-22 22:53:53",Completed,"2026-06-22 23:20:53",Completed,"2026-06-24 20:09:06",Completed,"2026-06-24 20:12:17",Completed,"2026-06-24 20:42:16",Completed,"2026-06-24 20:02:39",Completed,"2026-06-24 21:01:14",Completed,"2026-06-24 20:59:04",Completed,"2026-06-24 21:40:32",Completed,"2026-06-24 21:38:26",Completed,"2026-06-24 22:03:29",Completed,"2026-06-24 22:01:41"
"ONYEBUCHI EMODI",onyebuchiemodi@gmail.com,Completed,"2026-09-23 10:30:45",Completed,"2026-09-23 10:32:43",Completed,"2026-09-23 10:40:49",Completed,"2026-09-23 10:42:14",Completed,"2026-09-23 10:46:26",Completed,"2026-09-23 10:48:57",Completed,"2026-09-23 10:49:48",Completed,"2026-09-23 10:51:04",Completed,"2026-09-23 10:52:11",Completed,"2026-09-23 10:53:35","Not completed",,Completed,"2026-09-23 11:07:09","Not completed",,"Not completed",,"Not completed",,"Not completed",,"Not completed",,Completed,"2026-09-23 11:03:19",Completed,"2026-09-23 11:22:53","Not completed",,"Not completed",,"Not completed",,"Not completed",,"Not completed",,"Not completed",,"Not completed",,"Not completed",,"Not completed",,"Not completed",,"Not completed",,"Not completed",,"Not completed",,"Not completed",
"VICTORIA ENAIKE",victoriaufuoma6@gmail.com,Completed,"2026-06-11 14:46:59",Completed,"2026-06-11 14:46:59",Completed,"2026-06-13 23:21:38",Completed,"2026-06-13 22:53:14",Completed,"2026-06-13 22:56:07",Completed,"2026-06-13 23:02:48",Completed,"2026-06-13 23:04:21",Completed,"2026-06-13 23:04:54",Completed,"2026-06-13 23:08:08",Completed,"2026-06-13 23:10:24",Completed,"2026-06-16 12:03:06",Completed,"2026-06-16 13:47:30",Completed,"2026-06-18 14:54:27",Completed,"2026-06-18 14:54:44",Completed,"2026-06-18 15:03:32","Completed (achieved pass grade)","2026-07-05 09:40:28",Completed,"2026-06-18 15:10:47",Completed,"2026-06-13 23:13:40",Completed,"2026-06-13 23:28:08",Completed,"2026-06-13 23:42:16",Completed,"2026-06-15 16:26:44",Completed,"2026-06-15 16:44:04",Completed,"2026-06-18 15:13:14",Completed,"2026-06-15 16:49:24",Completed,"2026-06-16 12:01:55",Completed,"2026-06-16 12:07:11",Completed,"2026-06-16 12:26:32",Completed,"2026-06-16 13:34:33",Completed,"2026-06-18 14:03:45",Completed,"2026-06-18 14:11:33",Completed,"2026-06-18 14:40:23",Completed,"2026-06-18 14:42:34",Completed,"2026-06-18 14:53:14"
"ALEXANDRA ENEANYA",alexeneanya33@gmail.com,Completed,"2026-08-16 10:24:42",Completed,"2026-07-28 00:24:03",Completed,"2026-07-28 00:27:18",Completed,"2026-07-28 00:28:36",Completed,"2026-07-28 00:29:47",Completed,"2026-07-28 00:29:48",Completed,"2026-07-28 00:29:50",Completed,"2026-07-28 00:29:52",Completed,"2026-07-28 00:29:53",Completed,"2026-07-28 00:29:54",Completed,"2026-08-09 23:08:00",Completed,"2026-08-09 21:56:17",Completed,"2026-08-09 23:09:43",Completed,"2026-08-04 02:31:13",Completed,"2026-08-10 08:25:09","Not completed","1970-01-01 01:00:00",Completed,"2026-08-10 13:28:46",Completed,"2026-07-28 00:36:42",Completed,"2026-07-28 00:57:46",Completed,"2026-07-30 14:38:41",Completed,"2026-07-30 14:50:49",Completed,"2026-08-09 22:03:13",Completed,"2026-08-09 23:24:12",Completed,"2026-08-04 02:42:52",Completed,"2026-08-09 22:23:40",Completed,"2026-08-04 02:47:45",Completed,"2026-08-09 22:30:40",Completed,"2026-08-04 02:51:57",Completed,"2026-08-09 22:45:04",Completed,"2026-08-06 09:57:07",Completed,"2026-08-09 23:01:45",Completed,"2026-08-06 10:01:20",Completed,"2026-08-10 08:09:44"
"DESTINY ERHIEYOVWE",erhieyovwed@gmail.com,Completed,"2026-09-10 13:59:41",Completed,"2026-09-10 14:07:38",Completed,"2026-09-10 14:09:14",Completed,"2026-09-10 14:10:24",Completed,"2026-09-10 14:11:49",Completed,"2026-09-10 14:17:33",Completed,"2026-09-11 14:13:54",Completed,"2026-09-11 14:14:23",Completed,"2026-09-11 15:21:19","Not completed",,"Not completed",,"Not completed",,"Not completed",,"Not completed",,"Not completed",,"Not completed",,"Not completed",,"Not completed",,"Not completed",,"Not completed",,"Not completed",,"Not completed",,"Not completed",,"Not completed",,"Not completed",,"Not completed",,"Not completed",,"Not completed",,"Not completed",,"Not completed",,"Not completed",,"Not completed",,"Not completed",
"MOJETIOLUWA EWETOLA",daveewetola2004@gmail.com,Completed,"2026-07-03 10:12:32",Completed,"2026-07-03 10:12:54",Completed,"2026-07-03 10:14:22",Completed,"2026-07-13 15:19:52",Completed,"2026-07-08 10:58:29",Completed,"2026-07-08 10:58:34",Completed,"2026-07-08 10:58:37",Completed,"2026-07-08 10:58:43",Completed,"2026-07-08 10:58:47",Completed,"2026-07-08 10:58:52","Not completed",,"Not completed",,"Not completed",,"Not completed",,"Not completed",,"Not completed",,"Not completed",,Completed,"2026-07-08 11:00:55",Completed,"2026-07-20 14:23:24","Not completed","1970-01-01 01:00:00",Completed,"2026-07-24 00:42:10","Not completed",,"Not completed",,"Not completed","1970-01-01 01:00:00","Not completed",,Completed,"2026-09-04 18:20:13","Not completed",,Completed,"2026-07-25 12:50:04","Not completed",,Completed,"2026-07-25 12:47:03","Not completed",,Completed,"2026-07-25 12:42:31","Not completed",
"JOSHUA EZEH",joshuaezeh2015@gmail.com,Completed,"2026-06-12 04:11:33",Completed,"2026-06-12 00:06:22",Completed,"2026-06-12 00:08:00",Completed,"2026-06-12 00:09:57",Completed,"2026-06-12 00:10:02",Completed,"2026-06-12 00:10:09",Completed,"2026-06-12 00:10:17",Completed,"2026-06-12 00:10:22",Completed,"2026-06-12 00:10:27",Completed,"2026-06-12 00:10:43",Completed,"2026-06-12 01:07:09",Completed,"2026-06-12 01:51:27",Completed,"2026-06-12 03:34:55",Completed,"2026-06-12 03:35:25",Completed,"2026-06-12 03:56:22","Completed (achieved pass grade)","2026-07-05 09:40:28",Completed,"2026-06-12 04:36:43",Completed,"2026-06-12 00:15:17",Completed,"2026-06-12 00:21:51",Completed,"2026-06-12 00:43:14",Completed,"2026-06-12 00:49:05",Completed,"2026-06-12 00:59:15",Completed,"2026-06-12 04:14:08",Completed,"2026-06-12 01:05:53",Completed,"2026-06-12 01:47:00",Completed,"2026-06-12 01:50:34",Completed,"2026-06-12 02:15:42",Completed,"2026-06-12 02:18:56",Completed,"2026-06-12 02:49:06",Completed,"2026-06-12 02:53:30",Completed,"2026-06-12 03:11:46",Completed,"2026-06-12 03:17:07",Completed,"2026-06-12 03:33:12"
"MANSUR FARUK",mansuryola@gmail.com,Completed,"2026-09-14 01:21:35",Completed,"2026-09-10 00:09:26",Completed,"2026-09-10 00:10:36",Completed,"2026-09-10 00:11:28",Completed,"2026-09-10 00:11:28",Completed,"2026-09-10 00:11:29",Completed,"2026-09-10 00:11:30",Completed,"2026-09-10 00:11:30",Completed,"2026-09-10 00:11:31",Completed,"2026-09-10 00:11:32",Completed,"2026-09-11 13:55:31",Completed,"2026-09-11 13:55:48",Completed,"2026-09-13 13:15:58",Completed,"2026-09-13 13:16:20",Completed,"2026-09-13 13:26:49","Completed (achieved pass grade)","2026-09-14 01:18:53",Completed,"2026-09-13 13:16:47",Completed,"2026-09-10 00:14:13",Completed,"2026-09-10 13:47:26",Completed,"2026-09-10 20:29:54",Completed,"2026-09-11 00:52:01",Completed,"2026-09-11 11:22:12",Completed,"2026-09-13 14:07:14",Completed,"2026-09-11 11:49:21",Completed,"2026-09-11 16:24:37",Completed,"2026-09-11 23:52:31",Completed,"2026-09-12 00:13:50",Completed,"2026-09-12 13:37:00",Completed,"2026-09-12 11:46:29",Completed,"2026-09-12 14:41:38",Completed,"2026-09-12 17:43:37",Completed,"2026-09-12 22:44:09",Completed,"2026-09-12 20:14:03"
"AWAJIOGAK FINOMO",awajiogakfinomo@gmail.com,Completed,"2026-06-02 16:29:34",Completed,"2026-06-02 16:30:15",Completed,"2026-06-02 22:46:20",Completed,"2026-06-02 23:12:19",Completed,"2026-06-02 23:20:36",Completed,"2026-06-02 23:39:55",Completed,"2026-06-03 00:28:50",Completed,"2026-06-03 00:36:30",Completed,"2026-06-03 00:51:11",Completed,"2026-06-03 01:00:32",Completed,"2026-06-04 11:53:58",Completed,"2026-06-03 03:10:38",Completed,"2026-06-04 16:24:17",Completed,"2026-06-03 03:31:06",Completed,"2026-06-04 16:54:55","Completed (achieved pass grade)","2026-07-05 09:40:27",Completed,"2026-06-04 17:00:50",Completed,"2026-06-03 01:16:44",Completed,"2026-06-03 01:47:39",Completed,"2026-06-04 10:05:19",Completed,"2026-06-03 02:09:20",Completed,"2026-06-04 11:22:15",Completed,"2026-06-04 17:02:36",Completed,"2026-06-03 02:32:49",Completed,"2026-06-04 11:52:21",Completed,"2026-06-03 02:36:10",Completed,"2026-06-04 13:00:04",Completed,"2026-06-03 03:18:59",Completed,"2026-06-04 14:07:38",Completed,"2026-06-03 03:22:14",Completed,"2026-06-04 16:08:45",Completed,"2026-06-03 03:26:29",Completed,"2026-06-04 16:21:28"
"AMINU GAMBO",aminugambomusa10@gmail.com,Completed,"2026-09-09 21:31:41",Completed,"2026-09-09 21:32:26",Completed,"2026-09-09 21:35:31",Completed,"2026-09-10 12:51:58",Completed,"2026-09-10 12:57:38",Completed,"2026-09-10 14:40:25",Completed,"2026-09-10 22:54:49",Completed,"2026-09-10 23:01:18",Completed,"2026-09-10 23:22:56",Completed,"2026-09-11 01:14:07",Completed,"2026-09-12 09:34:31",Completed,"2026-09-12 11:06:42",Completed,"2026-09-16 14:40:45",Completed,"2026-09-16 14:44:22","Not completed",,"Completed (achieved pass grade)","2026-09-14 20:45:20",Completed,"2026-09-09 21:59:09",Completed,"2026-09-09 21:41:47",Completed,"2026-09-09 21:45:03",Completed,"2026-09-10 12:25:16",Completed,"2026-09-11 21:49:50",Completed,"2026-09-11 12:31:01",Completed,"2026-09-11 21:54:09",Completed,"2026-09-11 22:46:28",Completed,"2026-09-14 11:37:51",Completed,"2026-09-11 22:55:40","Not completed","1970-01-01 01:00:00",Completed,"2026-09-11 22:59:49","Not completed","1970-01-01 01:00:00",Completed,"2026-09-12 20:46:04","Not completed","1970-01-01 01:00:00",Completed,"2026-09-12 20:50:52","Not completed","1970-01-01 01:00:00"
"HASSAN GARBA",hassangarba872@gmail.com,Completed,"2026-08-22 18:19:55",Completed,"2026-08-22 18:20:07",Completed,"2026-08-22 18:22:24",Completed,"2026-08-22 18:23:07",Completed,"2026-08-22 18:23:11",Completed,"2026-08-22 18:23:14",Completed,"2026-08-22 18:23:17",Completed,"2026-08-22 18:23:20",Completed,"2026-08-22 18:23:23",Completed,"2026-08-22 18:23:26","Not completed",,"Not completed",,"Not completed",,"Not completed",,"Not completed",,"Not completed",,"Not completed",,Completed,"2026-08-22 18:28:02",Completed,"2026-08-22 18:32:16","Not completed","1970-01-01 01:00:00",Completed,"2026-09-27 05:56:10","Not completed","1970-01-01 01:00:00","Not completed",,"Not completed","1970-01-01 01:00:00","Not completed",,"Not completed",,"Not completed",,"Not completed",,"Not completed",,"Not completed",,"Not completed",,"Not completed",,"Not completed",
"RABIU GARBA",rabeeuabbakar3@gmail.com,Completed,"2026-09-28 10:28:18",Completed,"2026-09-28 10:28:48",Completed,"2026-09-28 11:22:49",Completed,"2026-09-28 12:04:17",Completed,"2026-09-28 12:05:27",Completed,"2026-09-28 12:06:58",Completed,"2026-09-28 12:07:36",Completed,"2026-09-28 12:09:13",Completed,"2026-09-28 12:11:02","Not completed",,"Not completed",,"Not completed",,"Not completed",,"Not completed",,"Not completed",,"Not completed",,"Not completed",,"Not completed",,"Not completed",,"Not completed",,"Not completed",,"Not completed",,"Not completed",,"Not completed",,"Not completed",,"Not completed",,"Not completed",,"Not completed",,"Not completed",,"Not completed",,"Not completed",,"Not completed",,"Not completed",
"SANI GARBA",sanigarbamuhammad007@gmail.com,Completed,"2026-09-13 07:44:45",Completed,"2026-09-13 07:44:50",Completed,"2026-09-13 11:29:51",Completed,"2026-09-13 11:31:22",Completed,"2026-09-13 11:34:34",Completed,"2026-09-13 11:35:37",Completed,"2026-09-13 11:36:17",Completed,"2026-09-13 11:36:54",Completed,"2026-09-13 11:37:10",Completed,"2026-09-13 11:37:49",Completed,"2026-09-14 08:02:13",Completed,"2026-09-14 09:15:55",Completed,"2026-09-14 18:58:42",Completed,"2026-09-14 18:59:17",Completed,"2026-09-14 19:11:26","Completed (achieved pass grade)","2026-09-14 19:29:07",Completed,"2026-09-14 19:29:43",Completed,"2026-09-13 11:43:31",Completed,"2026-09-13 11:48:45",Completed,"2026-09-13 12:08:20",Completed,"2026-09-13 12:24:15",Completed,"2026-09-13 12:29:17",Completed,"2026-09-14 20:48:24",Completed,"2026-09-13 15:35:26",Completed,"2026-09-13 15:44:48",Completed,"2026-09-14 08:25:22",Completed,"2026-09-14 08:33:13",Completed,"2026-09-14 09:43:14",Completed,"2026-09-14 09:56:10",Completed,"2026-09-14 10:51:27",Completed,"2026-09-14 10:55:20",Completed,"2026-09-14 18:25:54",Completed,"2026-09-14 18:41:32"
"UMAR GARBA",umabub@gmail.com,Completed,"2026-09-19 14:17:05",Completed,"2026-09-19 14:18:32",Completed,"2026-09-21 18:04:13","Not completed",,"Not completed",,"Not completed",,"Not completed",,"Not completed",,"Not completed",,"Not completed",,"Not completed",,"Not completed",,"Not completed",,"Not completed",,"Not completed",,"Not completed",,"Not completed",,"Not completed",,"Not completed",,"Not completed",,"Not completed",,"Not completed",,"Not completed",,"Not completed",,"Not completed",,"Not completed",,"Not completed",,"Not completed",,"Not completed",,"Not completed",,"Not completed",,"Not completed",,"Not completed",
"TSUGELDAYA GAYA",tsugeldayagaya@gmail.com,Completed,"2026-08-29 21:34:51",Completed,"2026-08-29 21:36:51",Completed,"2026-08-29 21:40:05",Completed,"2026-08-29 21:43:48",Completed,"2026-08-29 21:46:23",Completed,"2026-08-29 21:57:56",Completed,"2026-08-29 22:02:47",Completed,"2026-08-29 22:04:35",Completed,"2026-08-29 22:10:48",Completed,"2026-08-29 22:15:41","Not completed",,"Not completed",,"Not completed",,"Not completed",,"Not completed",,"Not completed",,"Not completed",,Completed,"2026-08-29 22:29:07",Completed,"2026-08-29 22:36:06","Not completed","1970-01-01 01:00:00","Not completed",,"Not completed",,"Not completed",,"Not completed",,"Not completed",,"Not completed",,"Not completed",,"Not completed",,"Not completed",,"Not completed",,"Not completed",,"Not completed",,"Not completed",
"ADEWOLE GBADEGESIN",adewoleadam9@gmail.com,Completed,"2026-08-29 13:22:38",Completed,"2026-08-29 13:23:23",Completed,"2026-09-02 03:44:26",Completed,"2026-08-29 13:26:40",Completed,"2026-08-29 13:32:26",Completed,"2026-08-29 13:39:20",Completed,"2026-08-29 13:46:15",Completed,"2026-08-29 13:47:16",Completed,"2026-08-29 13:55:07",Completed,"2026-08-29 13:58:17",Completed,"2026-09-02 03:46:10",Completed,"2026-08-30 23:55:55",Completed,"2026-08-31 20:19:54",Completed,"2026-08-31 20:20:22",Completed,"2026-09-02 05:35:59","Completed (achieved pass grade)","2026-09-02 06:10:32",Completed,"2026-09-02 06:11:10",Completed,"2026-08-29 15:31:04",Completed,"2026-08-29 15:34:59",Completed,"2026-09-02 02:32:46",Completed,"2026-08-29 15:57:46",Completed,"2026-08-31 19:35:52",Completed,"2026-09-04 00:18:22",Completed,"2026-08-31 20:01:10",Completed,"2026-09-04 00:29:01",Completed,"2026-08-31 20:05:45",Completed,"2026-09-02 01:56:33",Completed,"2026-08-31 20:09:20",Completed,"2026-09-02 02:22:34",Completed,"2026-08-31 20:13:57",Completed,"2026-09-02 03:35:46",Completed,"2026-08-31 20:17:30",Completed,"2026-09-02 04:04:13"
"DEEDUMBARI GBOH-IGBARA",gbohigbaradc@gmail.com,Completed,"2026-09-15 02:17:18",Completed,"2026-09-02 03:22:13",Completed,"2026-09-08 10:23:32",Completed,"2026-09-02 16:44:48",Completed,"2026-09-02 16:50:22",Completed,"2026-09-02 16:50:59",Completed,"2026-09-02 16:58:14",Completed,"2026-09-02 17:04:22",Completed,"2026-09-02 17:11:03",Completed,"2026-09-03 14:15:38",Completed,"2026-09-09 11:23:25",Completed,"2026-09-10 17:13:21",Completed,"2026-09-14 14:54:40",Completed,"2026-09-14 14:56:42",Completed,"2026-09-14 17:14:22","Not completed","1970-01-01 01:00:00",Completed,"2026-09-15 02:12:07",Completed,"2026-09-08 10:18:43",Completed,"2026-09-03 15:41:05",Completed,"2026-09-03 16:41:04",Completed,"2026-09-04 12:12:56",Completed,"2026-09-04 12:30:04",Completed,"2026-09-15 01:59:16",Completed,"2026-09-04 15:07:22",Completed,"2026-09-08 10:28:17",Completed,"2026-09-09 14:32:59",Completed,"2026-09-09 15:03:59",Completed,"2026-09-10 16:53:03",Completed,"2026-09-10 17:14:04",Completed,"2026-09-11 16:08:29",Completed,"2026-09-12 05:18:52",Completed,"2026-09-14 14:50:19",Completed,"2026-09-12 13:56:21"
"ODEMASEPH GEORGE",odemasephg@gmail.com,Completed,"2026-09-19 16:35:57",Completed,"2026-09-15 14:01:45",Completed,"2026-09-15 14:05:16",Completed,"2026-09-19 14:53:15",Completed,"2026-09-19 14:24:21",Completed,"2026-09-19 14:24:28",Completed,"2026-09-19 14:24:41",Completed,"2026-09-19 14:24:48",Completed,"2026-09-19 14:25:11",Completed,"2026-09-19 14:28:48",Completed,"2026-09-23 15:53:18",Completed,"2026-09-19 16:34:58",Completed,"2026-09-19 17:50:59",Completed,"2026-09-23 12:04:56",Completed,"2026-09-23 15:42:49","Completed (achieved pass grade)","2026-09-21 13:11:03",Completed,"2026-09-19 17:25:18",Completed,"2026-09-15 14:12:21",Completed,"2026-09-15 14:19:03",Completed,"2026-09-15 16:15:16",Completed,"2026-09-15 16:25:36",Completed,"2026-09-19 14:44:02",Completed,"2026-09-19 14:59:51",Completed,"2026-09-19 15:08:07",Completed,"2026-09-19 15:43:15",Completed,"2026-09-19 16:00:27",Completed,"2026-09-19 16:20:49",Completed,"2026-09-19 16:32:20",Completed,"2026-09-23 17:21:56",Completed,"2026-09-19 16:41:46",Completed,"2026-09-19 17:14:44",Completed,"2026-09-19 17:22:42",Completed,"2026-09-19 17:42:12"
"VIRTUOUS GEORGE",virtuousgeorge3@gmail.com,Completed,"2026-09-07 16:49:58",Completed,"2026-09-07 16:51:24",Completed,"2026-09-09 14:00:53",Completed,"2026-09-09 14:09:00",Completed,"2026-09-09 14:30:30",Completed,"2026-09-09 15:13:06",Completed,"2026-09-09 15:22:46",Completed,"2026-09-09 15:25:39",Completed,"2026-09-09 15:31:34",Completed,"2026-09-09 15:45:26","Not completed",,"Not completed",,"Not completed",,"Not completed",,"Not completed",,"Not completed",,"Not completed",,Completed,"2026-09-09 15:51:59",Completed,"2026-09-09 16:38:57",Completed,"2026-09-23 09:58:39","Not completed",,"Not completed",,"Not completed",,"Not completed",,"Not completed",,"Not completed",,"Not completed",,"Not completed",,"Not completed",,"Not completed",,"Not completed",,"Not completed",,"Not completed",
"ONYIVIZE GOMINA",gominajessica7@gmail.com,Completed,"2026-06-10 11:12:31",Completed,"2026-06-10 11:13:54",Completed,"2026-06-10 11:16:12",Completed,"2026-06-10 12:18:51",Completed,"2026-06-10 12:35:25",Completed,"2026-06-13 20:33:53",Completed,"2026-06-13 20:40:21",Completed,"2026-06-13 20:42:01",Completed,"2026-06-13 20:58:56",Completed,"2026-06-13 21:11:27",Completed,"2026-06-22 18:19:03",Completed,"2026-06-17 15:53:37",Completed,"2026-06-22 18:23:08",Completed,"2026-06-22 18:25:17",Completed,"2026-06-22 20:13:42","Completed (achieved pass grade)","2026-07-05 09:40:28",Completed,"2026-06-24 10:26:08",Completed,"2026-06-15 09:36:58",Completed,"2026-06-13 21:16:08",Completed,"2026-06-13 21:50:12",Completed,"2026-06-13 21:56:14",Completed,"2026-06-15 09:56:04",Completed,"2026-06-15 09:59:08",Completed,"2026-06-17 14:58:44",Completed,"2026-06-17 15:15:52",Completed,"2026-06-17 15:31:31",Completed,"2026-06-17 15:48:10",Completed,"2026-06-17 15:51:12",Completed,"2026-06-17 16:09:52",Completed,"2026-06-17 16:12:52",Completed,"2026-07-15 14:28:45",Completed,"2026-06-24 10:14:29",Completed,"2026-07-15 11:29:00"
"YUSIF HADI",yusifmaitama10@gmail.com,Completed,"2026-09-11 16:00:02",Completed,"2026-09-13 17:47:11",Completed,"2026-09-11 16:18:04",Completed,"2026-09-13 17:39:26",Completed,"2026-09-13 17:40:07",Completed,"2026-09-13 17:40:23",Completed,"2026-09-13 17:42:17",Completed,"2026-09-13 17:43:23",Completed,"2026-09-13 17:44:22",Completed,"2026-09-13 17:50:20",Completed,"2026-09-16 06:47:45",Completed,"2026-09-13 17:47:55",Completed,"2026-09-16 06:55:02",Completed,"2026-09-13 17:48:12","Not completed",,"Completed (achieved pass grade)","2026-09-28 10:42:05",Completed,"2026-09-13 17:48:15",Completed,"2026-09-13 17:53:20",Completed,"2026-09-13 17:56:11",Completed,"2026-09-15 14:22:26",Completed,"2026-09-15 14:47:32",Completed,"2026-09-15 15:19:08","Not completed","1970-01-01 01:00:00",Completed,"2026-09-15 15:34:43",Completed,"2026-09-18 15:04:21",Completed,"2026-09-16 06:49:10",Completed,"2026-09-18 16:32:07",Completed,"2026-09-16 06:52:14",Completed,"2026-09-24 10:46:37",Completed,"2026-09-19 14:18:11",Completed,"2026-09-24 11:57:49",Completed,"2026-09-19 14:20:52",Completed,"2026-09-28 10:27:30"
"ABDUL-MAJID HAMISU",abdulmajidhamisu2021@gmail.com,Completed,"2026-09-26 14:09:44",Completed,"2026-09-26 14:10:08",Completed,"2026-09-25 11:22:31",Completed,"2026-09-26 14:11:00",Completed,"2026-09-26 14:12:07",Completed,"2026-09-26 14:13:18",Completed,"2026-09-26 14:13:42",Completed,"2026-09-26 14:14:07",Completed,"2026-09-26 14:14:58",Completed,"2026-09-26 14:15:49",Completed,"2026-09-26 19:23:48",Completed,"2026-09-26 14:16:16",Completed,"2026-09-27 21:42:13","Not completed",,Completed,"2026-09-27 21:54:43","Completed (achieved pass grade)","2026-09-27 22:12:28","Not completed",,Completed,"2026-09-26 11:30:15",Completed,"2026-09-26 11:50:19",Completed,"2026-09-26 12:02:06",Completed,"2026-09-26 12:43:02",Completed,"2026-09-26 20:29:17","Not completed",,Completed,"2026-09-26 18:50:04",Completed,"2026-09-26 19:11:13",Completed,"2026-09-26 22:12:00",Completed,"2026-09-26 22:41:44",Completed,"2026-09-26 23:02:27",Completed,"2026-09-26 23:10:35",Completed,"2026-09-26 23:20:49",Completed,"2026-09-27 13:50:04",Completed,"2026-09-27 21:22:20",Completed,"2026-09-27 21:31:35"
"ALIYU HAMZA",aliyuhamzadahiru849@gmail.com,Completed,"2026-09-21 15:31:29",Completed,"2026-09-18 16:06:29",Completed,"2026-09-18 16:08:36",Completed,"2026-09-18 16:11:39",Completed,"2026-09-18 16:15:04",Completed,"2026-09-18 16:18:52",Completed,"2026-09-18 16:32:49",Completed,"2026-09-18 16:40:29",Completed,"2026-09-18 16:42:16",Completed,"2026-09-18 17:22:08",Completed,"2026-09-21 15:29:15",Completed,"2026-09-22 09:18:21",Completed,"2026-09-22 15:27:14",Completed,"2026-09-22 15:28:59","Not completed",,"Not completed","1970-01-01 01:00:00",Completed,"2026-09-22 15:16:03",Completed,"2026-09-19 09:44:15",Completed,"2026-09-19 09:49:33",Completed,"2026-09-19 17:29:59",Completed,"2026-09-19 16:30:40",Completed,"2026-09-19 17:07:55",Completed,"2026-09-19 17:22:05",Completed,"2026-09-19 17:51:15",Completed,"2026-09-21 15:07:40",Completed,"2026-09-20 09:03:27",Completed,"2026-09-21 12:29:56",Completed,"2026-09-21 15:47:03",Completed,"2026-09-22 10:53:49",Completed,"2026-09-22 11:11:26",Completed,"2026-09-27 16:23:00",Completed,"2026-09-22 14:15:28",Completed,"2026-09-22 14:39:29"
"AKAN-INYENE HANSON",hansonakan0@gmail.com,Completed,"2026-09-15 11:25:57",Completed,"2026-09-15 11:26:12",Completed,"2026-09-15 11:28:37",Completed,"2026-09-15 11:31:56",Completed,"2026-09-15 11:38:02",Completed,"2026-09-15 11:44:05",Completed,"2026-09-15 11:49:44",Completed,"2026-09-15 11:51:48",Completed,"2026-09-15 11:58:26",Completed,"2026-09-15 12:01:33","Not completed",,"Not completed",,Completed,"2026-09-16 12:09:52",Completed,"2026-09-16 12:11:20","Not completed",,"Completed (achieved pass grade)","2026-09-16 12:35:28",Completed,"2026-09-16 12:36:13",Completed,"2026-09-15 12:58:08",Completed,"2026-09-15 13:18:13","Not completed","1970-01-01 01:00:00",Completed,"2026-09-15 13:35:02",Completed,"2026-09-21 18:28:38","Not completed",,Completed,"2026-09-16 10:52:06","Not completed","1970-01-01 01:00:00",Completed,"2026-09-16 11:23:01","Not completed","1970-01-01 01:00:00",Completed,"2026-09-16 11:42:52","Not completed",,Completed,"2026-09-16 12:06:31","Not completed","1970-01-01 01:00:00","Not completed",,"Not completed",
"WALID HARI",mczeco18@gmail.com,Completed,"2026-09-19 10:56:38",Completed,"2026-09-19 10:56:50",Completed,"2026-09-19 11:00:58",Completed,"2026-09-19 11:19:00",Completed,"2026-09-19 13:53:52",Completed,"2026-09-19 13:53:52",Completed,"2026-09-19 13:53:53",Completed,"2026-09-19 13:53:55",Completed,"2026-09-19 13:53:56",Completed,"2026-09-19 13:53:57",Completed,"2026-09-19 13:59:28",Completed,"2026-09-19 13:54:13",Completed,"2026-09-19 14:04:03",Completed,"2026-09-19 13:54:21",Completed,"2026-09-19 14:11:48","Completed (achieved pass grade)","2026-09-19 14:23:31",Completed,"2026-09-19 11:19:46",Completed,"2026-09-19 11:10:36",Completed,"2026-09-19 11:15:10",Completed,"2026-09-19 11:24:23",Completed,"2026-09-19 11:30:32",Completed,"2026-09-19 11:36:02",Completed,"2026-09-19 11:39:51",Completed,"2026-09-19 11:50:45",Completed,"2026-09-19 11:59:36",Completed,"2026-09-19 12:06:40",Completed,"2026-09-19 12:22:34",Completed,"2026-09-19 12:46:36",Completed,"2026-09-19 13:00:42",Completed,"2026-09-19 13:22:52",Completed,"2026-09-19 13:39:04",Completed,"2026-09-19 13:43:32",Completed,"2026-09-19 13:48:36"
"AGBONIKA HARUNA",Khingslykhings@gmail.com,Completed,"2026-08-13 11:27:15",Completed,"2026-08-13 11:27:31",Completed,"2026-08-13 11:29:34",Completed,"2026-08-13 11:32:30",Completed,"2026-08-13 11:38:57",Completed,"2026-08-13 11:45:51",Completed,"2026-08-13 11:52:24",Completed,"2026-08-13 11:56:32",Completed,"2026-08-13 12:04:43",Completed,"2026-08-13 12:15:14",Completed,"2026-08-19 22:12:01",Completed,"2026-08-14 21:11:27",Completed,"2026-08-19 22:21:57",Completed,"2026-08-19 22:25:33",Completed,"2026-08-19 22:27:57","Completed (achieved pass grade)","2026-08-19 22:55:31",Completed,"2026-08-19 22:46:07",Completed,"2026-08-13 12:26:05",Completed,"2026-08-13 12:31:35",Completed,"2026-08-13 12:34:33",Completed,"2026-08-13 12:55:02",Completed,"2026-08-13 13:05:36",Completed,"2026-08-13 14:51:58",Completed,"2026-08-19 20:57:32",Completed,"2026-08-19 22:01:48",Completed,"2026-08-13 23:04:58",Completed,"2026-08-13 23:15:25",Completed,"2026-08-13 23:42:13",Completed,"2026-08-13 23:46:41",Completed,"2026-08-13 23:57:19",Completed,"2026-08-19 21:49:35",Completed,"2026-08-14 00:04:26",Completed,"2026-08-19 22:14:18"
"AHMAD HARUNA",ahmadharuna98@gmail.com,Completed,"2026-08-16 11:59:13",Completed,"2026-08-16 12:03:40",Completed,"2026-08-16 12:06:48",Completed,"2026-08-16 12:10:35",Completed,"2026-08-16 12:15:55",Completed,"2026-08-16 12:20:18",Completed,"2026-08-16 12:25:42",Completed,"2026-08-16 12:30:16",Completed,"2026-08-16 12:38:08",Completed,"2026-08-16 12:38:57",Completed,"2026-08-18 17:37:23",Completed,"2026-08-19 12:35:58",Completed,"2026-08-19 14:54:21",Completed,"2026-08-19 15:09:38",Completed,"2026-08-19 15:10:08","Completed (achieved pass grade)","2026-08-19 15:28:38",Completed,"2026-08-19 15:31:06",Completed,"2026-08-16 12:44:09",Completed,"2026-08-16 13:18:03",Completed,"2026-08-16 14:24:01",Completed,"2026-08-18 13:27:50",Completed,"2026-08-18 14:15:32",Completed,"2026-08-19 15:32:06",Completed,"2026-08-18 16:52:12",Completed,"2026-08-18 17:10:54",Completed,"2026-08-18 17:52:57",Completed,"2026-08-18 18:09:49",Completed,"2026-08-19 12:45:54",Completed,"2026-08-19 13:02:42",Completed,"2026-08-19 13:21:48",Completed,"2026-08-19 14:15:30",Completed,"2026-08-19 14:31:38",Completed,"2026-08-19 14:51:08"
"HUSSAINI HARUNA",hussainiharunau@gmail.com,Completed,"2026-08-19 11:21:01",Completed,"2026-08-19 11:23:19",Completed,"2026-08-19 11:27:25",Completed,"2026-08-19 11:32:40",Completed,"2026-08-19 11:33:29",Completed,"2026-08-19 11:33:45",Completed,"2026-08-19 11:33:53",Completed,"2026-08-19 11:34:06",Completed,"2026-08-19 11:34:29",Completed,"2026-08-19 11:34:38",Completed,"2026-08-21 13:18:48",Completed,"2026-08-21 13:19:15",Completed,"2026-09-20 13:50:48",Completed,"2026-08-21 13:20:29","Not completed",,"Completed (achieved pass grade)","2026-09-08 17:57:36",Completed,"2026-09-08 17:58:08",Completed,"2026-08-19 11:38:11",Completed,"2026-08-19 11:42:10",Completed,"2026-08-19 12:15:37",Completed,"2026-08-19 12:27:28",Completed,"2026-08-19 12:58:39",Completed,"2026-08-19 14:04:06",Completed,"2026-09-05 20:17:41","Not completed","1970-01-01 01:00:00",Completed,"2026-09-20 14:26:35","Not completed","1970-01-01 01:00:00","Not completed",,"Not completed",,"Not completed",,"Not completed",,"Not completed",,"Not completed",
"ILIYASU HARUNA",iliyasisahharuna004@gmail.com,Completed,"2026-09-10 21:54:09",Completed,"2026-09-10 21:53:07",Completed,"2026-09-10 22:01:40",Completed,"2026-09-11 09:34:29",Completed,"2026-09-11 09:34:41",Completed,"2026-09-11 09:34:52",Completed,"2026-09-11 09:35:04",Completed,"2026-09-11 09:35:14",Completed,"2026-09-11 09:35:26",Completed,"2026-09-11 09:33:34",Completed,"2026-09-11 17:59:37",Completed,"2026-09-11 09:42:36",Completed,"2026-09-11 09:46:05",Completed,"2026-09-11 09:46:24",Completed,"2026-09-11 10:01:33","Completed (achieved pass grade)","2026-09-11 09:59:07",Completed,"2026-09-13 17:51:39",Completed,"2026-09-10 22:14:03",Completed,"2026-09-11 09:41:13",Completed,"2026-09-11 13:14:32",Completed,"2026-09-11 17:52:35",Completed,"2026-09-11 13:23:54",Completed,"2026-09-13 19:28:36",Completed,"2026-09-12 10:04:16",Completed,"2026-09-12 10:09:35",Completed,"2026-09-11 20:17:42",Completed,"2026-09-11 20:19:14",Completed,"2026-09-11 20:28:06",Completed,"2026-09-11 20:31:14",Completed,"2026-09-11 20:41:40",Completed,"2026-09-11 20:42:44",Completed,"2026-09-11 20:55:04",Completed,"2026-09-13 19:09:14"
"RIDWAN HARUNA",ridwanharuna112@gmail.com,Completed,"2026-07-08 13:06:26",Completed,"2026-07-08 13:12:00","Not completed",,"Not completed",,"Not completed",,"Not completed",,"Not completed",,"Not completed",,"Not completed",,"Not completed",,"Not completed",,"Not completed",,"Not completed",,"Not completed",,"Not completed",,"Not completed",,"Not completed",,"Not completed",,"Not completed",,"Not completed",,"Not completed",,"Not completed",,"Not completed",,"Not completed",,"Not completed",,"Not completed",,"Not completed",,"Not completed",,"Not completed",,"Not completed",,"Not completed",,"Not completed",,"Not completed",
"ABDURRAUF HASHIM",hashimabdurrauf@gmail.com,Completed,"2026-08-21 12:55:47",Completed,"2026-08-21 12:57:13",Completed,"2026-08-21 12:59:31",Completed,"2026-08-21 15:49:01",Completed,"2026-08-21 15:53:13",Completed,"2026-08-21 16:03:44",Completed,"2026-08-21 16:17:30",Completed,"2026-08-21 16:27:00",Completed,"2026-08-21 16:39:50",Completed,"2026-08-21 16:45:43",Completed,"2026-09-07 16:51:19",Completed,"2026-09-07 15:32:59",Completed,"2026-09-07 17:52:30",Completed,"2026-09-07 17:53:24","Not completed",,"Not completed","1970-01-01 01:00:00",Completed,"2026-09-23 21:40:39",Completed,"2026-08-21 16:57:41",Completed,"2026-08-21 17:01:18",Completed,"2026-09-07 14:50:45",Completed,"2026-09-07 12:08:58",Completed,"2026-09-07 12:57:19",Completed,"2026-09-07 11:49:33",Completed,"2026-09-07 15:04:17",Completed,"2026-09-22 17:12:18",Completed,"2026-09-07 14:57:03",Completed,"2026-09-22 23:03:16",Completed,"2026-09-07 16:30:54","Not completed","1970-01-01 01:00:00",Completed,"2026-09-07 16:33:58","Not completed","1970-01-01 01:00:00",Completed,"2026-09-07 16:38:46","Not completed","1970-01-01 01:00:00"
"MUHAMMAD HASHIM",h8511163@gmail.com,Completed,"2026-09-15 14:53:58",Completed,"2026-09-14 03:57:44",Completed,"2026-09-14 04:00:58",Completed,"2026-09-14 04:25:40",Completed,"2026-09-14 04:01:51",Completed,"2026-09-14 04:01:52",Completed,"2026-09-14 04:01:53",Completed,"2026-09-14 04:01:53",Completed,"2026-09-14 04:01:54",Completed,"2026-09-14 04:01:55",Completed,"2026-09-15 14:57:21",Completed,"2026-09-15 08:52:32",Completed,"2026-09-15 13:13:48",Completed,"2026-09-15 14:55:24",Completed,"2026-09-15 14:05:08","Completed (achieved pass grade)","2026-09-15 14:51:27",Completed,"2026-09-15 14:51:49",Completed,"2026-09-15 15:02:25",Completed,"2026-09-14 04:06:14",Completed,"2026-09-14 04:13:53",Completed,"2026-09-14 04:20:45",Completed,"2026-09-14 04:24:06",Completed,"2026-09-15 14:53:44",Completed,"2026-09-14 10:33:03",Completed,"2026-09-14 14:09:22",Completed,"2026-09-14 14:22:20",Completed,"2026-09-15 08:46:34",Completed,"2026-09-15 08:57:16",Completed,"2026-09-15 09:16:05",Completed,"2026-09-15 09:25:30",Completed,"2026-09-15 10:16:28",Completed,"2026-09-15 11:57:04",Completed,"2026-09-15 12:44:58"
"SULAIMAN HASHIMU",hashimusulaiman1@gmail.com,Completed,"2026-06-13 19:32:16",Completed,"2026-06-13 19:32:42",Completed,"2026-06-13 19:34:50",Completed,"2026-06-13 19:38:43",Completed,"2026-06-13 19:39:01",Completed,"2026-06-13 19:39:18",Completed,"2026-06-13 19:39:28",Completed,"2026-06-13 19:39:37",Completed,"2026-06-13 19:39:45",Completed,"2026-06-13 19:39:51",Completed,"2026-06-19 10:44:22",Completed,"2026-06-23 15:50:34",Completed,"2026-06-29 21:47:00",Completed,"2026-06-29 21:47:35",Completed,"2026-07-26 20:18:20","Completed (achieved pass grade)","2026-07-28 23:50:05",Completed,"2026-07-26 20:31:19",Completed,"2026-06-13 19:45:30",Completed,"2026-06-16 07:55:00",Completed,"2026-06-16 08:13:57",Completed,"2026-06-17 16:30:06",Completed,"2026-06-19 10:27:31",Completed,"2026-07-26 20:34:52",Completed,"2026-06-17 16:24:04",Completed,"2026-06-19 10:43:33",Completed,"2026-06-21 22:48:05",Completed,"2026-06-21 22:45:25",Completed,"2026-06-23 15:55:30",Completed,"2026-07-16 20:27:26",Completed,"2026-06-23 16:02:10",Completed,"2026-07-17 07:16:16",Completed,"2026-06-23 16:07:28",Completed,"2026-07-17 07:32:20"
"AHMAD HASSAN",ahami28494@gmail.com,"Not completed",,Completed,"2026-09-14 14:05:01",Completed,"2026-09-14 14:09:49",Completed,"2026-09-14 14:20:19",Completed,"2026-09-17 14:26:38",Completed,"2026-09-14 14:26:25",Completed,"2026-09-14 14:31:00",Completed,"2026-09-14 14:35:24",Completed,"2026-09-14 14:39:31",Completed,"2026-09-14 14:47:32",Completed,"2026-09-17 16:18:27","Not completed",,"Not completed",,"Not completed",,"Not completed",,"Not completed",,"Not completed",,Completed,"2026-09-14 14:54:03",Completed,"2026-09-14 15:23:07",Completed,"2026-09-14 17:12:23",Completed,"2026-09-17 13:27:23",Completed,"2026-09-17 14:13:32","Not completed",,Completed,"2026-09-17 14:53:05",Completed,"2026-09-17 15:34:52",Completed,"2026-09-24 12:26:45","Not completed",,"Not completed",,"Not completed",,"Not completed",,"Not completed",,"Not completed",,"Not completed",
"ALIYU HASSAN",amhamh803@gmail.com,Completed,"2026-09-03 17:14:30",Completed,"2026-09-03 17:06:44",Completed,"2026-09-10 12:21:58",Completed,"2026-09-03 17:06:54",Completed,"2026-09-03 17:06:57",Completed,"2026-09-03 17:06:58",Completed,"2026-09-03 17:07:00",Completed,"2026-09-03 17:07:02",Completed,"2026-09-03 17:07:14",Completed,"2026-09-03 17:07:16",Completed,"2026-09-12 11:20:59",Completed,"2026-09-12 11:22:27","Not completed",,Completed,"2026-09-12 11:22:52","Not completed",,"Not completed",,Completed,"2026-09-12 11:23:02","Not completed","1970-01-01 01:00:00","Not completed",,"Not completed",,Completed,"2026-09-12 10:51:30","Not completed","1970-01-01 01:00:00","Not completed",,"Not completed",,"Not completed",,"Not completed",,"Not completed",,"Not completed",,"Not completed",,"Not completed",,"Not completed",,"Not completed",,"Not completed",
"IBRAHIM HASSAN",ibrahimhassanibrahim120@gmail.com,Completed,"2026-09-08 23:31:53",Completed,"2026-09-08 13:29:28",Completed,"2026-09-08 13:31:58",Completed,"2026-09-08 23:30:59",Completed,"2026-09-08 23:31:00",Completed,"2026-09-08 23:31:01",Completed,"2026-09-08 23:31:02",Completed,"2026-09-08 23:31:03",Completed,"2026-09-08 23:31:03",Completed,"2026-09-08 23:31:04",Completed,"2026-09-09 07:59:16",Completed,"2026-09-08 23:31:38","Not completed",,Completed,"2026-09-08 23:31:46",Completed,"2026-09-09 08:26:08","Not completed",,Completed,"2026-09-08 23:31:50",Completed,"2026-09-08 13:36:20",Completed,"2026-09-08 13:59:57",Completed,"2026-09-08 18:35:14",Completed,"2026-09-08 23:39:40",Completed,"2026-09-09 07:28:24",Completed,"2026-09-09 07:42:07",Completed,"2026-09-09 07:48:43",Completed,"2026-09-09 07:53:18",Completed,"2026-09-09 08:02:23",Completed,"2026-09-09 08:05:03",Completed,"2026-09-09 08:13:56",Completed,"2026-09-09 08:17:12",Completed,"2026-09-13 17:27:32","Not completed",,"Not completed",,"Not completed",
"SALEH HASSAN",salehmohammedhassan79@gmail.com,Completed,"2026-08-28 07:43:41",Completed,"2026-08-28 07:46:29",Completed,"2026-08-28 12:26:23",Completed,"2026-08-28 19:30:36",Completed,"2026-08-28 19:37:08",Completed,"2026-08-28 19:40:36",Completed,"2026-08-28 19:42:39",Completed,"2026-08-28 19:43:13",Completed,"2026-08-28 19:43:58",Completed,"2026-08-28 19:51:39",Completed,"2026-08-31 07:58:38",Completed,"2026-09-04 15:44:59",Completed,"2026-09-05 00:25:19",Completed,"2026-09-05 00:27:12",Completed,"2026-09-17 11:05:06","Completed (achieved pass grade)","2026-09-05 00:36:37",Completed,"2026-09-05 00:38:48",Completed,"2026-08-28 12:35:05",Completed,"2026-08-28 12:43:24",Completed,"2026-08-28 13:03:06",Completed,"2026-08-28 13:14:45",Completed,"2026-08-28 20:19:17",Completed,"2026-09-05 00:45:59",Completed,"2026-08-29 19:40:31",Completed,"2026-09-04 11:55:58",Completed,"2026-09-03 16:32:58",Completed,"2026-09-04 14:51:31",Completed,"2026-09-04 08:44:46",Completed,"2026-09-04 15:38:43",Completed,"2026-09-04 08:58:33",Completed,"2026-09-11 12:01:26",Completed,"2026-09-05 00:11:36",Completed,"2026-09-12 22:31:03"
"KHATTAB MUSA HAUSAWI",khattab303k@gmail.com,Completed,"2026-08-24 09:39:59",Completed,"2026-08-24 09:50:06",Completed,"2026-08-24 09:53:03",Completed,"2026-08-24 09:57:41",Completed,"2026-08-24 10:02:57",Completed,"2026-08-24 10:11:40",Completed,"2026-08-24 10:19:26",Completed,"2026-08-24 10:24:19",Completed,"2026-08-24 10:36:42",Completed,"2026-08-24 10:43:09",Completed,"2026-08-25 10:52:06",Completed,"2026-08-25 11:06:34",Completed,"2026-08-25 11:28:40",Completed,"2026-08-25 11:28:51",Completed,"2026-08-25 11:37:34","Completed (achieved pass grade)","2026-08-25 12:14:43",Completed,"2026-08-25 12:03:29",Completed,"2026-08-24 10:47:12",Completed,"2026-08-24 10:51:16",Completed,"2026-08-24 11:14:12",Completed,"2026-08-24 11:51:30",Completed,"2026-08-24 11:58:37",Completed,"2026-08-25 11:50:26",Completed,"2026-08-24 12:24:20",Completed,"2026-08-25 10:49:57",Completed,"2026-08-25 10:54:41",Completed,"2026-08-25 10:58:47",Completed,"2026-08-25 11:02:07",Completed,"2026-08-25 11:05:23",Completed,"2026-08-25 11:08:49",Completed,"2026-08-25 11:11:45",Completed,"2026-08-25 11:15:06",Completed,"2026-08-25 11:19:42"
"MUNIR IBRAHEEM",muniribraheem47@gmail.com,Completed,"2026-08-07 04:44:43",Completed,"2026-08-07 04:45:54",Completed,"2026-08-07 04:48:22",Completed,"2026-08-09 10:12:11",Completed,"2026-08-09 10:17:45",Completed,"2026-08-09 10:23:07",Completed,"2026-08-09 10:36:13",Completed,"2026-08-09 11:17:59",Completed,"2026-08-09 17:30:43",Completed,"2026-08-09 17:36:10",Completed,"2026-08-13 08:38:20",Completed,"2026-08-12 13:56:47",Completed,"2026-08-14 09:36:16",Completed,"2026-08-14 09:36:53",Completed,"2026-08-14 10:35:34","Completed (achieved pass grade)","2026-08-14 14:46:41",Completed,"2026-08-07 05:08:59",Completed,"2026-08-07 04:54:39",Completed,"2026-08-07 05:12:14",Completed,"2026-08-14 12:04:55",Completed,"2026-08-09 18:29:56",Completed,"2026-08-09 20:18:57",Completed,"2026-08-14 10:49:31",Completed,"2026-08-13 08:02:51",Completed,"2026-08-13 08:35:53",Completed,"2026-08-13 08:42:26",Completed,"2026-08-13 16:30:14",Completed,"2026-08-13 16:36:49",Completed,"2026-08-13 18:59:20",Completed,"2026-08-14 12:31:45",Completed,"2026-08-14 08:43:20",Completed,"2026-08-14 08:51:12",Completed,"2026-08-14 09:26:20"
"ABDULAZIZ IBRAHIM",abdulcommunication94@gmail.com,Completed,"2026-09-13 11:35:01",Completed,"2026-08-29 14:34:02",Completed,"2026-08-31 15:07:14",Completed,"2026-09-13 11:12:14",Completed,"2026-08-29 14:34:35",Completed,"2026-08-29 14:34:34",Completed,"2026-08-29 14:34:38",Completed,"2026-08-29 14:34:40",Completed,"2026-08-29 14:34:41",Completed,"2026-08-29 14:34:42",Completed,"2026-09-05 14:13:11",Completed,"2026-09-09 07:28:45",Completed,"2026-09-09 06:10:35",Completed,"2026-09-09 07:30:16",Completed,"2026-09-09 06:49:00","Completed (achieved pass grade)","2026-09-09 06:20:07",Completed,"2026-09-09 07:29:59",Completed,"2026-08-31 19:30:53",Completed,"2026-09-06 09:36:43",Completed,"2026-09-02 05:50:07",Completed,"2026-09-06 09:48:01",Completed,"2026-09-02 06:20:21",Completed,"2026-09-09 06:59:59",Completed,"2026-09-08 11:37:43",Completed,"2026-09-02 06:41:46",Completed,"2026-09-09 05:47:03",Completed,"2026-09-02 06:57:46",Completed,"2026-09-09 05:52:56",Completed,"2026-09-02 15:34:47",Completed,"2026-09-09 05:59:47",Completed,"2026-09-09 06:29:52",Completed,"2026-09-09 06:05:42",Completed,"2026-09-09 06:42:18"
"ABDULLAHI IBRAHIM",abdullahiwaziri9004@gmail.com,Completed,"2026-08-15 19:23:49",Completed,"2026-08-15 19:22:39",Completed,"2026-08-15 19:30:03",Completed,"2026-08-15 19:22:45",Completed,"2026-08-15 19:22:46",Completed,"2026-08-15 19:22:48",Completed,"2026-08-15 19:22:47",Completed,"2026-08-15 19:22:51",Completed,"2026-08-15 19:22:52",Completed,"2026-08-15 19:22:54",Completed,"2026-08-16 17:10:44",Completed,"2026-08-15 19:23:22",Completed,"2026-08-16 17:14:50",Completed,"2026-08-15 19:23:41",Completed,"2026-08-16 17:21:02","Completed (achieved pass grade)","2026-08-16 20:43:58",Completed,"2026-08-15 19:23:45",Completed,"2026-08-15 19:35:07",Completed,"2026-08-16 08:20:32",Completed,"2026-08-15 19:42:38",Completed,"2026-08-16 08:33:22",Completed,"2026-08-16 10:11:11",Completed,"2026-08-16 22:20:46",Completed,"2026-08-16 10:53:36",Completed,"2026-08-16 16:58:04",Completed,"2026-08-16 16:57:28",Completed,"2026-08-16 18:14:16",Completed,"2026-08-16 22:09:27",Completed,"2026-08-16 18:49:15",Completed,"2026-08-16 22:14:13",Completed,"2026-08-16 20:01:02",Completed,"2026-08-16 22:18:36",Completed,"2026-08-16 20:28:21"
"ABDULLAHI IBRAHIM",abbdullah609@gmail.com,Completed,"2026-08-28 13:41:59",Completed,"2026-08-28 13:41:26",Completed,"2026-08-28 13:44:06",Completed,"2026-08-28 13:44:33",Completed,"2026-08-28 13:44:34",Completed,"2026-08-28 13:44:34",Completed,"2026-08-28 13:44:35",Completed,"2026-08-28 13:44:36",Completed,"2026-08-28 13:44:37",Completed,"2026-08-28 13:44:37",Completed,"2026-08-31 11:43:25",Completed,"2026-08-28 14:36:33",Completed,"2026-08-31 12:14:38",Completed,"2026-08-28 14:36:43",Completed,"2026-08-31 13:00:54","Completed (achieved pass grade)","2026-08-31 13:10:26",Completed,"2026-08-28 14:36:46",Completed,"2026-08-28 13:51:30",Completed,"2026-08-28 13:55:13",Completed,"2026-08-28 14:10:38",Completed,"2026-08-28 14:20:34",Completed,"2026-08-28 14:26:09",Completed,"2026-08-31 13:11:57",Completed,"2026-08-31 10:56:33",Completed,"2026-08-31 11:11:56",Completed,"2026-08-31 11:20:49",Completed,"2026-08-31 11:46:23",Completed,"2026-08-31 11:57:40",Completed,"2026-08-31 12:26:30",Completed,"2026-08-31 12:07:48",Completed,"2026-08-31 12:48:46",Completed,"2026-08-31 12:10:07",Completed,"2026-08-31 12:54:31"
"ABDULLAHI IBRAHIM",qedee.frss@gmail.com,Completed,"2026-09-06 13:41:42",Completed,"2026-09-06 13:31:06",Completed,"2026-09-08 12:56:11",Completed,"2026-09-06 13:53:57",Completed,"2026-09-07 00:27:01",Completed,"2026-09-07 00:27:02",Completed,"2026-09-07 00:27:04",Completed,"2026-09-06 13:53:41",Completed,"2026-09-06 13:53:43",Completed,"2026-09-06 13:53:46",Completed,"2026-09-07 00:34:42",Completed,"2026-09-06 13:48:32",Completed,"2026-09-10 12:04:45",Completed,"2026-09-06 13:49:28",Completed,"2026-09-10 08:59:38","Completed (achieved pass grade)","2026-09-10 12:45:44",Completed,"2026-09-06 13:49:15",Completed,"2026-09-08 13:03:04",Completed,"2026-09-08 13:14:15",Completed,"2026-09-08 23:39:30",Completed,"2026-09-08 13:24:39",Completed,"2026-09-09 22:26:50",Completed,"2026-09-07 00:26:12",Completed,"2026-09-08 13:41:59",Completed,"2026-09-09 22:50:50",Completed,"2026-09-08 13:49:23",Completed,"2026-09-09 23:03:18",Completed,"2026-09-08 14:12:46",Completed,"2026-09-10 06:35:38",Completed,"2026-09-10 11:56:08",Completed,"2026-09-10 06:48:20",Completed,"2026-09-10 12:14:03",Completed,"2026-09-10 07:00:39"
"ABUBAKAR IBRAHIM",abubakarmuaz3@gmail.com,Completed,"2026-08-29 14:01:15",Completed,"2026-08-28 15:35:04",Completed,"2026-08-28 15:37:09",Completed,"2026-08-28 15:42:03",Completed,"2026-08-28 15:42:11",Completed,"2026-08-28 15:42:28",Completed,"2026-08-28 15:43:37",Completed,"2026-08-28 15:43:47",Completed,"2026-08-28 15:43:58",Completed,"2026-08-28 15:45:27",Completed,"2026-08-29 12:12:00",Completed,"2026-08-29 12:23:55",Completed,"2026-08-29 13:44:59",Completed,"2026-08-29 12:40:21",Completed,"2026-08-30 11:54:20","Completed (achieved pass grade)","2026-08-29 13:56:20",Completed,"2026-08-29 12:41:28",Completed,"2026-08-29 10:58:08",Completed,"2026-08-29 11:02:25",Completed,"2026-08-29 11:10:26",Completed,"2026-08-29 11:22:32",Completed,"2026-08-29 11:31:19",Completed,"2026-08-29 11:44:34",Completed,"2026-08-29 11:56:28",Completed,"2026-08-29 11:59:53",Completed,"2026-08-29 12:08:35",Completed,"2026-08-29 12:12:57",Completed,"2026-08-29 12:21:31",Completed,"2026-08-29 12:28:59",Completed,"2026-08-29 13:38:24",Completed,"2026-08-29 12:47:20",Completed,"2026-08-29 13:41:19",Completed,"2026-08-30 11:26:41"
"ABUBAKAR IBRAHIM",abubakaryusufibrahim74@gmail.com,Completed,"2026-09-21 15:13:35",Completed,"2026-09-17 20:16:01",Completed,"2026-09-22 23:50:41",Completed,"2026-09-17 20:16:06",Completed,"2026-09-17 20:15:40",Completed,"2026-09-17 20:15:41",Completed,"2026-09-17 20:15:41",Completed,"2026-09-17 20:15:42",Completed,"2026-09-17 20:16:09",Completed,"2026-09-17 20:15:44",Completed,"2026-09-23 00:40:33",Completed,"2026-09-17 20:16:54",Completed,"2026-09-24 09:03:01",Completed,"2026-09-17 20:17:26",Completed,"2026-09-24 09:09:23","Completed (achieved pass grade)","2026-09-24 09:22:22",Completed,"2026-09-17 20:17:29",Completed,"2026-09-22 15:19:01",Completed,"2026-09-22 23:17:31",Completed,"2026-09-22 23:34:45",Completed,"2026-09-22 23:43:02",Completed,"2026-09-23 00:03:32",Completed,"2026-09-24 09:35:08",Completed,"2026-09-23 00:13:16",Completed,"2026-09-23 00:30:02",Completed,"2026-09-23 00:47:11",Completed,"2026-09-23 22:42:52",Completed,"2026-09-23 22:30:26",Completed,"2026-09-23 23:02:15",Completed,"2026-09-23 22:56:35",Completed,"2026-09-23 23:15:29",Completed,"2026-09-23 23:23:36",Completed,"2026-09-24 08:55:10"
"ABUBAKAR IBRAHIM",abubakarismail0973@gmail.com,Completed,"2026-09-16 12:02:15",Completed,"2026-09-16 12:03:02",Completed,"2026-09-16 12:05:55",Completed,"2026-09-16 12:08:48",Completed,"2026-09-16 12:08:52",Completed,"2026-09-16 12:08:55",Completed,"2026-09-16 12:08:59",Completed,"2026-09-16 12:09:03",Completed,"2026-09-16 12:09:06",Completed,"2026-09-16 12:09:18",Completed,"2026-09-19 11:21:38",Completed,"2026-09-19 12:11:02",Completed,"2026-09-20 12:40:53",Completed,"2026-09-20 12:41:10",Completed,"2026-09-28 11:07:36","Completed (achieved pass grade)","2026-09-20 12:49:13",Completed,"2026-09-20 12:49:45",Completed,"2026-09-16 12:12:46",Completed,"2026-09-16 12:18:52",Completed,"2026-09-21 06:08:21",Completed,"2026-09-19 10:49:44",Completed,"2026-09-21 09:30:52",Completed,"2026-09-20 12:53:45",Completed,"2026-09-19 11:17:17",Completed,"2026-09-19 12:04:56",Completed,"2026-09-19 12:15:24",Completed,"2026-09-19 12:20:23",Completed,"2026-09-19 12:33:04",Completed,"2026-09-23 20:30:56",Completed,"2026-09-20 12:24:35",Completed,"2026-09-28 11:32:33",Completed,"2026-09-20 12:37:14","Not completed","1970-01-01 01:00:00"
"ADAM IBRAHIM",adamdauda2424@gmail.com,Completed,"2026-09-11 15:07:54",Completed,"2026-09-11 15:08:11",Completed,"2026-09-11 15:14:01",Completed,"2026-09-11 15:15:33",Completed,"2026-09-11 15:15:40",Completed,"2026-09-11 15:15:43",Completed,"2026-09-11 15:15:45",Completed,"2026-09-11 15:15:47",Completed,"2026-09-11 15:15:49",Completed,"2026-09-11 15:15:51",Completed,"2026-09-16 16:11:31",Completed,"2026-09-16 16:13:28",Completed,"2026-09-16 16:25:06",Completed,"2026-09-16 16:13:08",Completed,"2026-09-17 14:07:41","Completed (achieved pass grade)","2026-09-16 16:32:55",Completed,"2026-09-16 16:26:07",Completed,"2026-09-17 14:24:07",Completed,"2026-09-16 16:05:35",Completed,"2026-09-16 19:09:29",Completed,"2026-09-16 16:01:30",Completed,"2026-09-16 19:18:10",Completed,"2026-09-17 14:11:27",Completed,"2026-09-16 15:55:30",Completed,"2026-09-16 19:25:34",Completed,"2026-09-16 16:09:40",Completed,"2026-09-17 13:42:14",Completed,"2026-09-16 16:16:59",Completed,"2026-09-17 13:48:33",Completed,"2026-09-16 16:20:57",Completed,"2026-09-17 13:53:54",Completed,"2026-09-16 15:47:09",Completed,"2026-09-17 14:02:16"
"ALMUSTAPHA IBRAHIM",inuwaalmustapha55@gmail.com,Completed,"2026-09-14 11:13:03",Completed,"2026-09-13 18:20:17",Completed,"2026-09-13 18:25:32",Completed,"2026-09-13 18:20:27",Completed,"2026-09-13 18:20:32",Completed,"2026-09-13 18:20:34",Completed,"2026-09-13 18:20:35",Completed,"2026-09-13 18:20:37",Completed,"2026-09-13 18:20:39",Completed,"2026-09-13 18:20:41",Completed,"2026-09-13 20:30:32",Completed,"2026-09-13 20:44:55",Completed,"2026-09-14 10:32:40",Completed,"2026-09-14 10:33:14",Completed,"2026-09-14 10:42:51","Completed (achieved pass grade)","2026-09-14 11:00:53",Completed,"2026-09-14 10:33:24",Completed,"2026-09-13 18:33:45",Completed,"2026-09-13 20:01:22",Completed,"2026-09-13 23:50:25",Completed,"2026-09-13 20:07:58",Completed,"2026-09-14 08:40:40",Completed,"2026-09-14 10:50:24",Completed,"2026-09-13 20:26:36",Completed,"2026-09-14 09:06:18",Completed,"2026-09-13 20:32:58",Completed,"2026-09-14 09:29:50",Completed,"2026-09-13 20:35:59",Completed,"2026-09-14 09:50:00",Completed,"2026-09-14 11:07:02",Completed,"2026-09-14 10:06:11",Completed,"2026-09-14 11:10:12",Completed,"2026-09-14 10:23:46"
"AMINU IBRAHIM",aminurano913@gmail.com,Completed,"2026-08-26 14:43:50",Completed,"2026-08-26 14:44:02",Completed,"2026-08-27 10:06:16",Completed,"2026-08-27 10:07:06",Completed,"2026-08-27 10:08:13",Completed,"2026-08-27 10:09:17",Completed,"2026-08-27 10:09:24",Completed,"2026-08-27 10:09:33",Completed,"2026-08-27 10:09:48",Completed,"2026-08-27 10:09:55",Completed,"2026-08-27 11:14:16",Completed,"2026-08-27 11:15:06",Completed,"2026-08-27 11:18:39",Completed,"2026-08-27 11:16:12",Completed,"2026-08-26 18:34:18","Completed (achieved pass grade)","2026-08-27 11:27:12",Completed,"2026-08-27 11:19:28",Completed,"2026-08-27 10:15:42",Completed,"2026-08-27 10:20:35",Completed,"2026-08-26 15:06:19",Completed,"2026-08-27 10:26:47",Completed,"2026-08-26 15:28:54",Completed,"2026-08-27 10:44:26",Completed,"2026-08-27 10:52:41",Completed,"2026-08-26 16:43:34",Completed,"2026-08-27 10:57:23",Completed,"2026-08-26 17:03:39",Completed,"2026-08-27 11:01:34",Completed,"2026-08-26 17:25:13",Completed,"2026-08-27 11:05:40",Completed,"2026-08-26 17:46:09",Completed,"2026-08-27 11:10:02",Completed,"2026-08-26 18:02:47"
"AMINU IBRAHIM",officialalamin090@gmail.com,Completed,"2026-09-17 08:18:55",Completed,"2026-09-16 22:51:40",Completed,"2026-09-16 22:51:22",Completed,"2026-09-16 22:51:44",Completed,"2026-09-16 22:51:45",Completed,"2026-09-16 22:51:46",Completed,"2026-09-16 22:51:47",Completed,"2026-09-16 22:51:48",Completed,"2026-09-16 22:51:48",Completed,"2026-09-16 22:51:49",Completed,"2026-09-17 07:52:39",Completed,"2026-09-17 08:18:16",Completed,"2026-09-18 16:03:18",Completed,"2026-09-17 08:18:40",Completed,"2026-09-18 16:19:06","Completed (achieved pass grade)","2026-09-18 10:37:41",Completed,"2026-09-17 08:18:47",Completed,"2026-09-16 22:56:55",Completed,"2026-09-16 23:04:02",Completed,"2026-09-16 23:07:24",Completed,"2026-09-16 23:23:09",Completed,"2026-09-16 23:42:13",Completed,"2026-09-18 16:29:37",Completed,"2026-09-16 23:49:56",Completed,"2026-09-17 00:04:05",Completed,"2026-09-17 07:56:54",Completed,"2026-09-17 08:00:09",Completed,"2026-09-17 08:26:42",Completed,"2026-09-17 22:07:56",Completed,"2026-09-17 09:25:38",Completed,"2026-09-17 09:51:59",Completed,"2026-09-18 10:18:09",Completed,"2026-09-18 15:33:21"
"AUWAL IBRAHIM",aiadamu441@gmail.com,Completed,"2026-07-24 14:09:43",Completed,"2026-07-24 14:07:42",Completed,"2026-07-24 14:12:23",Completed,"2026-07-24 14:12:57",Completed,"2026-07-24 14:12:58",Completed,"2026-07-24 14:13:00",Completed,"2026-07-24 14:13:02",Completed,"2026-07-24 14:13:04",Completed,"2026-07-24 14:13:05",Completed,"2026-07-24 14:13:08",Completed,"2026-07-25 13:34:16",Completed,"2026-07-25 14:44:34",Completed,"2026-07-29 15:21:45",Completed,"2026-07-26 13:44:50","Not completed",,"Not completed","1970-01-01 01:00:00",Completed,"2026-07-26 13:44:52",Completed,"2026-07-24 14:17:20",Completed,"2026-07-24 14:19:55",Completed,"2026-07-24 15:00:07",Completed,"2026-07-24 15:05:24",Completed,"2026-07-24 16:01:07",Completed,"2026-07-24 16:03:05",Completed,"2026-07-24 16:07:14",Completed,"2026-07-24 17:09:40",Completed,"2026-07-24 17:11:10",Completed,"2026-07-25 14:42:39",Completed,"2026-07-25 14:47:01",Completed,"2026-07-25 15:09:46",Completed,"2026-07-25 15:12:14",Completed,"2026-07-29 13:45:59",Completed,"2026-07-29 13:55:24",Completed,"2026-07-29 15:10:34"
"BELLO IBRAHIM",belloibrahimyusuf07@gmail.com,Completed,"2026-09-11 21:43:04",Completed,"2026-09-11 21:43:16",Completed,"2026-09-11 21:46:01",Completed,"2026-09-12 06:54:41",Completed,"2026-09-12 06:54:42",Completed,"2026-09-12 06:54:43",Completed,"2026-09-12 06:54:44",Completed,"2026-09-12 06:54:45",Completed,"2026-09-12 06:54:48",Completed,"2026-09-12 06:54:47",Completed,"2026-09-12 07:21:42",Completed,"2026-09-12 06:55:20",Completed,"2026-09-12 07:59:42",Completed,"2026-09-12 06:55:37",Completed,"2026-09-12 08:01:17","Completed (achieved pass grade)","2026-09-12 07:02:04",Completed,"2026-09-11 22:06:14",Completed,"2026-09-11 21:50:33",Completed,"2026-09-11 21:54:31",Completed,"2026-09-11 21:57:08",Completed,"2026-09-11 22:12:21",Completed,"2026-09-12 07:03:53",Completed,"2026-09-11 22:20:17",Completed,"2026-09-11 22:30:59",Completed,"2026-09-12 07:14:24",Completed,"2026-09-11 22:35:40",Completed,"2026-09-12 07:22:55",Completed,"2026-09-11 22:43:03",Completed,"2026-09-12 07:28:54",Completed,"2026-09-12 07:37:51",Completed,"2026-09-12 07:48:35",Completed,"2026-09-12 07:41:07",Completed,"2026-09-12 07:42:48"
"HAPSATU IBRAHIM",hapsat5212@gmail.com,Completed,"2026-09-01 00:57:07",Completed,"2026-08-31 17:15:10",Completed,"2026-08-31 17:17:36",Completed,"2026-08-31 17:18:01",Completed,"2026-08-31 17:18:01",Completed,"2026-08-31 17:18:02",Completed,"2026-08-31 17:18:03",Completed,"2026-08-31 17:18:04",Completed,"2026-08-31 17:18:05",Completed,"2026-08-31 17:18:06",Completed,"2026-08-31 21:24:56",Completed,"2026-08-31 18:56:08",Completed,"2026-08-31 23:20:44",Completed,"2026-08-31 18:55:44",Completed,"2026-09-01 00:42:48","Completed (achieved pass grade)","2026-09-01 00:51:38",Completed,"2026-09-01 00:51:57",Completed,"2026-08-31 17:21:17",Completed,"2026-08-31 17:24:55",Completed,"2026-08-31 17:43:52",Completed,"2026-08-31 18:43:31",Completed,"2026-08-31 18:51:43",Completed,"2026-09-01 00:56:04",Completed,"2026-08-31 19:06:25",Completed,"2026-08-31 21:20:14",Completed,"2026-08-31 21:28:14",Completed,"2026-08-31 21:48:03",Completed,"2026-08-31 22:56:31",Completed,"2026-08-31 23:07:05",Completed,"2026-08-31 21:55:57",Completed,"2026-08-31 22:25:11",Completed,"2026-08-31 22:32:22",Completed,"2026-08-31 22:50:02"
"IBRAHIM IBRAHIM",hassanibrahimibrahim946@gmail.com,Completed,"2026-08-26 19:02:02",Completed,"2026-08-26 14:23:03",Completed,"2026-08-26 14:25:26",Completed,"2026-08-26 14:52:21",Completed,"2026-08-26 14:52:19",Completed,"2026-08-26 14:52:22",Completed,"2026-08-26 14:52:24",Completed,"2026-08-26 14:52:25",Completed,"2026-08-26 14:52:25",Completed,"2026-08-26 14:52:27",Completed,"2026-08-26 15:12:29",Completed,"2026-08-26 15:01:19",Completed,"2026-08-26 17:26:48",Completed,"2026-08-26 14:52:44",Completed,"2026-08-26 17:33:46","Completed (achieved pass grade)","2026-08-26 17:23:58",Completed,"2026-08-26 14:52:42",Completed,"2026-08-26 14:30:58",Completed,"2026-08-26 14:33:52",Completed,"2026-08-26 14:37:59",Completed,"2026-08-26 14:57:58",Completed,"2026-08-26 14:58:44",Completed,"2026-08-26 17:17:01",Completed,"2026-08-26 15:07:33",Completed,"2026-08-26 15:08:30",Completed,"2026-08-26 17:06:24",Completed,"2026-08-26 17:09:09",Completed,"2026-08-26 18:15:32",Completed,"2026-08-26 18:16:36",Completed,"2026-08-26 18:48:00",Completed,"2026-08-26 18:49:44",Completed,"2026-08-26 18:26:34",Completed,"2026-08-26 18:29:50"
"MUHAMMAD IBRAHIM",mnajii98@gmail.com,Completed,"2026-09-21 14:26:26",Completed,"2026-08-17 15:22:49",Completed,"2026-08-18 14:00:43",Completed,"2026-08-18 15:43:39",Completed,"2026-08-18 14:35:49",Completed,"2026-08-18 14:46:08",Completed,"2026-08-18 14:59:20",Completed,"2026-08-18 15:17:56",Completed,"2026-08-18 15:30:27",Completed,"2026-08-18 15:41:07",Completed,"2026-09-17 14:06:31",Completed,"2026-09-08 13:12:58","Not completed",,Completed,"2026-09-09 16:28:19","Not completed",,"Completed (achieved pass grade)","2026-09-09 16:37:06","Not completed",,Completed,"2026-08-18 16:12:37",Completed,"2026-08-20 13:17:15",Completed,"2026-09-10 12:48:35",Completed,"2026-08-20 14:33:33",Completed,"2026-09-14 00:01:15","Not completed",,Completed,"2026-08-26 16:39:19",Completed,"2026-09-17 13:51:57",Completed,"2026-08-27 17:10:18",Completed,"2026-09-17 14:18:47",Completed,"2026-08-31 16:47:50",Completed,"2026-09-21 14:36:52",Completed,"2026-09-09 15:35:32",Completed,"2026-09-22 14:47:55",Completed,"2026-09-09 16:24:20","Not completed",
"SHUAIBU IBRAHIM",shuaibu817@gmail.com,"Not completed",,Completed,"2026-09-04 10:08:51",Completed,"2026-09-04 10:08:34",Completed,"2026-09-04 10:09:00",Completed,"2026-09-04 10:09:02",Completed,"2026-09-04 10:09:03",Completed,"2026-09-04 10:09:06",Completed,"2026-09-04 10:09:08",Completed,"2026-09-04 10:09:09",Completed,"2026-09-04 10:09:10","Not completed",,"Not completed",,"Not completed",,"Not completed",,"Not completed",,"Not completed",,"Not completed",,Completed,"2026-09-04 10:13:43",Completed,"2026-09-04 10:17:21","Not completed","1970-01-01 01:00:00",Completed,"2026-09-04 10:23:24","Not completed","1970-01-01 01:00:00",Completed,"2026-09-04 10:33:37","Not completed",,"Not completed",,"Not completed",,"Not completed",,"Not completed",,"Not completed",,"Not completed",,"Not completed",,"Not completed",,"Not completed",
"UMAR IBRAHIM",umaribrahimgarba392@gmail.com,"Not completed",,"Not completed",,"Not completed",,"Not completed",,"Not completed",,"Not completed",,"Not completed",,"Not completed",,"Not completed",,"Not completed",,"Not completed",,"Not completed",,"Not completed",,"Not completed",,"Not completed",,"Not completed",,"Not completed",,"Not completed",,"Not completed",,"Not completed",,"Not completed",,"Not completed",,"Not completed",,"Not completed",,"Not completed",,"Not completed",,"Not completed",,"Not completed",,"Not completed",,"Not completed",,"Not completed",,"Not completed",,"Not completed",
"UMAR IBRAHIM",umaribrahim3959@gmail.com,Completed,"2026-09-14 20:46:24",Completed,"2026-09-14 20:47:41",Completed,"2026-09-15 20:29:41",Completed,"2026-09-15 20:33:51",Completed,"2026-09-15 20:36:08",Completed,"2026-09-15 20:38:54",Completed,"2026-09-15 20:46:15",Completed,"2026-09-15 20:47:33",Completed,"2026-09-16 13:19:45",Completed,"2026-09-16 13:20:03",Completed,"2026-09-20 18:29:38",Completed,"2026-09-18 21:41:41",Completed,"2026-09-20 18:26:10",Completed,"2026-09-19 14:44:05","Not completed",,"Completed (achieved pass grade)","2026-09-18 18:19:04",Completed,"2026-09-19 14:00:36",Completed,"2026-09-15 19:03:40",Completed,"2026-09-15 19:06:46",Completed,"2026-09-23 10:56:58",Completed,"2026-09-15 19:11:22",Completed,"2026-09-23 18:12:04",Completed,"2026-09-24 12:16:14",Completed,"2026-09-18 17:53:55","Not completed","1970-01-01 01:00:00",Completed,"2026-09-18 17:42:08",Completed,"2026-09-19 09:15:13",Completed,"2026-09-18 17:58:28",Completed,"2026-09-23 18:27:25",Completed,"2026-09-18 18:01:27",Completed,"2026-09-23 18:45:17",Completed,"2026-09-20 18:22:24","Not completed","1970-01-01 01:00:00"
"UMAR IBRAHIM",umarahmadibrahim17@gmail.com,Completed,"2026-09-09 14:25:59",Completed,"2026-09-14 18:58:24",Completed,"2026-09-14 19:30:59",Completed,"2026-09-15 14:41:23",Completed,"2026-09-15 15:13:15",Completed,"2026-09-15 15:18:59",Completed,"2026-09-15 15:25:46",Completed,"2026-09-19 18:04:28",Completed,"2026-09-19 18:05:36",Completed,"2026-09-19 18:06:55","Not completed",,"Not completed",,"Not completed",,"Not completed",,"Not completed",,"Not completed",,"Not completed",,Completed,"2026-09-19 18:11:56",Completed,"2026-09-19 18:17:05",Completed,"2026-09-19 20:59:19","Not completed","1970-01-01 01:00:00","Not completed",,"Not completed",,"Not completed",,"Not completed",,"Not completed",,"Not completed",,"Not completed",,"Not completed",,"Not completed",,"Not completed",,"Not completed",,"Not completed",
"USMAN IBRAHIM",usmanmuhammadibrahim33@gmail.com,Completed,"2026-08-23 17:49:17",Completed,"2026-08-23 16:57:25",Completed,"2026-08-23 16:59:11",Completed,"2026-08-23 16:57:32",Completed,"2026-08-23 16:57:34",Completed,"2026-08-23 16:57:35",Completed,"2026-08-23 16:57:36",Completed,"2026-08-23 16:57:37",Completed,"2026-08-23 16:57:38",Completed,"2026-08-23 16:57:40",Completed,"2026-08-23 17:38:02",Completed,"2026-08-23 16:57:52",Completed,"2026-08-23 17:40:45",Completed,"2026-08-23 17:41:00",Completed,"2026-08-23 17:42:39","Completed (achieved pass grade)","2026-08-23 17:19:18",Completed,"2026-08-23 17:19:47",Completed,"2026-08-23 17:02:54",Completed,"2026-08-23 17:04:11",Completed,"2026-08-23 17:06:59",Completed,"2026-08-23 17:09:38",Completed,"2026-08-23 17:10:43",Completed,"2026-08-23 17:14:47",Completed,"2026-08-23 17:21:52",Completed,"2026-08-23 17:23:32",Completed,"2026-08-23 17:25:05",Completed,"2026-08-23 17:26:22",Completed,"2026-08-23 17:27:44",Completed,"2026-08-23 17:28:51",Completed,"2026-08-23 17:30:30",Completed,"2026-08-23 17:31:41",Completed,"2026-08-23 17:33:17",Completed,"2026-08-23 17:34:58"
"UTUBA IBRAHIM",utubaibrahim100@gmail.com,Completed,"2026-09-09 19:00:28",Completed,"2026-09-09 18:32:27",Completed,"2026-09-09 19:27:11",Completed,"2026-09-09 19:43:27",Completed,"2026-09-09 19:36:41",Completed,"2026-09-09 19:37:02",Completed,"2026-09-09 19:37:13",Completed,"2026-09-09 19:37:28",Completed,"2026-09-09 19:37:38",Completed,"2026-09-09 19:37:47",Completed,"2026-09-10 11:26:54",Completed,"2026-09-10 17:40:17",Completed,"2026-09-10 17:49:12",Completed,"2026-09-10 11:23:26",Completed,"2026-09-10 11:16:37","Completed (achieved pass grade)","2026-09-10 18:32:05",Completed,"2026-09-10 11:23:46",Completed,"2026-09-09 19:45:04",Completed,"2026-09-10 16:32:55",Completed,"2026-09-10 11:01:10",Completed,"2026-09-10 16:41:46",Completed,"2026-09-10 11:04:48",Completed,"2026-09-10 11:32:44",Completed,"2026-09-10 16:51:31",Completed,"2026-09-10 11:06:42",Completed,"2026-09-10 17:08:27",Completed,"2026-09-10 11:08:40",Completed,"2026-09-10 17:38:30",Completed,"2026-09-10 11:10:15",Completed,"2026-09-10 17:44:44",Completed,"2026-09-10 11:12:49",Completed,"2026-09-10 17:00:42",Completed,"2026-09-10 11:14:11"
"GODSWILL IDOGHOR",Idoghorgodswill7@gmail.com,"Not completed",,"Not completed",,"Not completed",,"Not completed",,"Not completed",,"Not completed",,"Not completed",,"Not completed",,"Not completed",,"Not completed",,"Not completed",,"Not completed",,"Not completed",,"Not completed",,"Not completed",,"Not completed",,"Not completed",,"Not completed",,"Not completed",,"Not completed",,"Not completed",,"Not completed",,"Not completed",,"Not completed",,"Not completed",,"Not completed",,"Not completed",,"Not completed",,"Not completed",,"Not completed",,"Not completed",,"Not completed",,"Not completed",
"OLUWATOSIN IDOWU",idowutosin70@gmail.com,Completed,"2026-08-30 11:17:02",Completed,"2026-08-22 02:19:23",Completed,"2026-08-25 12:00:53",Completed,"2026-08-25 12:01:59",Completed,"2026-08-25 12:02:07",Completed,"2026-08-25 12:02:12",Completed,"2026-08-25 12:02:18",Completed,"2026-08-25 12:02:24",Completed,"2026-08-25 12:02:29",Completed,"2026-08-25 12:02:36",Completed,"2026-08-29 17:25:51",Completed,"2026-08-25 15:10:08",Completed,"2026-08-30 08:04:24",Completed,"2026-08-30 08:04:37",Completed,"2026-08-30 08:10:05","Completed (achieved pass grade)","2026-08-30 11:14:20",Completed,"2026-08-30 11:15:27",Completed,"2026-08-29 19:11:45",Completed,"2026-08-25 12:05:32",Completed,"2026-08-25 12:27:16",Completed,"2026-08-25 12:37:29",Completed,"2026-08-25 14:11:15",Completed,"2026-08-30 11:16:49",Completed,"2026-08-25 14:21:49",Completed,"2026-08-25 14:44:35",Completed,"2026-08-25 14:57:48",Completed,"2026-08-25 15:06:46",Completed,"2026-08-29 17:29:35",Completed,"2026-08-29 17:48:04",Completed,"2026-08-25 15:12:20",Completed,"2026-08-30 07:27:11",Completed,"2026-08-30 07:35:37",Completed,"2026-08-30 07:46:26"
"IDRIS IDRIS",idrisadamuidris700@gmail.com,Completed,"2026-08-17 16:38:52",Completed,"2026-08-23 09:58:02",Completed,"2026-08-23 10:49:43",Completed,"2026-08-23 09:58:03",Completed,"2026-08-23 09:58:04",Completed,"2026-08-23 09:58:06",Completed,"2026-08-23 09:58:07",Completed,"2026-08-23 09:58:09",Completed,"2026-08-23 09:58:10",Completed,"2026-08-23 09:58:11",Completed,"2026-08-23 10:36:32",Completed,"2026-08-23 09:58:28",Completed,"2026-08-23 14:24:10",Completed,"2026-08-23 09:58:34",Completed,"2026-08-23 10:18:33","Completed (achieved pass grade)","2026-08-23 14:47:26",Completed,"2026-08-23 09:58:35",Completed,"2026-08-23 10:56:16",Completed,"2026-08-23 13:33:03",Completed,"2026-08-18 10:43:50",Completed,"2026-08-23 13:40:31",Completed,"2026-08-18 10:50:03",Completed,"2026-08-23 10:37:38",Completed,"2026-08-23 13:51:06",Completed,"2026-08-23 10:03:37",Completed,"2026-08-23 13:57:49",Completed,"2026-08-23 10:10:21",Completed,"2026-08-23 14:04:16",Completed,"2026-08-23 10:23:27",Completed,"2026-08-23 14:11:00",Completed,"2026-08-23 10:33:05",Completed,"2026-08-23 14:18:15",Completed,"2026-08-23 10:28:06"
"KHALID IDRIS",khalidmuhammadidris@gmail.com,Completed,"2026-06-16 12:37:37",Completed,"2026-06-16 12:38:25",Completed,"2026-06-16 12:43:55",Completed,"2026-06-16 12:51:32",Completed,"2026-09-07 14:17:04",Completed,"2026-09-07 14:17:16",Completed,"2026-09-07 14:17:23",Completed,"2026-09-07 14:17:30",Completed,"2026-09-07 14:17:34",Completed,"2026-09-07 14:17:36",Completed,"2026-09-22 22:11:13","Not completed",,Completed,"2026-09-22 22:41:55","Not completed",,"Not completed",,"Not completed",,"Not completed",,Completed,"2026-09-07 14:22:33",Completed,"2026-09-22 21:27:16","Not completed","1970-01-01 01:00:00",Completed,"2026-09-22 21:36:22","Not completed","1970-01-01 01:00:00","Not completed",,Completed,"2026-09-22 21:55:59","Not completed","1970-01-01 01:00:00",Completed,"2026-09-22 22:21:40","Not completed","1970-01-01 01:00:00",Completed,"2026-09-22 22:27:00","Not completed","1970-01-01 01:00:00",Completed,"2026-09-22 22:34:51","Not completed","1970-01-01 01:00:00",Completed,"2026-09-22 22:39:11","Not completed","1970-01-01 01:00:00"
"MUSTAPHA IDRIS",mustapha.idris.saa@gmail.com,"Not completed",,Completed,"2026-09-16 11:25:17",Completed,"2026-09-16 11:29:21",Completed,"2026-09-16 11:31:41",Completed,"2026-09-16 11:31:41",Completed,"2026-09-16 11:31:43",Completed,"2026-09-16 11:31:47",Completed,"2026-09-16 11:31:46",Completed,"2026-09-16 11:31:49",Completed,"2026-09-16 11:31:57","Not completed",,"Not completed",,"Not completed",,"Not completed",,"Not completed",,"Not completed",,"Not completed",,Completed,"2026-09-16 11:38:43",Completed,"2026-09-16 11:58:17","Not completed","1970-01-01 01:00:00",Completed,"2026-09-16 12:11:05","Not completed",,"Not completed",,"Not completed",,"Not completed",,"Not completed",,"Not completed",,"Not completed",,"Not completed",,"Not completed",,"Not completed",,"Not completed",,"Not completed",
"PRAISE IGBINOSE",praizoskyi@gmail.com,Completed,"2026-08-21 09:01:14",Completed,"2026-08-20 21:06:41",Completed,"2026-08-20 21:09:21",Completed,"2026-08-20 21:10:01",Completed,"2026-08-20 21:10:02",Completed,"2026-08-20 21:10:03",Completed,"2026-08-20 21:10:04",Completed,"2026-08-20 21:10:05",Completed,"2026-08-20 21:10:07",Completed,"2026-08-20 21:10:08",Completed,"2026-08-21 06:49:23",Completed,"2026-08-21 06:49:41",Completed,"2026-08-21 06:51:39",Completed,"2026-08-21 06:50:09",Completed,"2026-08-21 08:23:01","Completed (achieved pass grade)","2026-08-21 08:43:15",Completed,"2026-08-21 08:43:55",Completed,"2026-08-20 21:15:35",Completed,"2026-08-20 21:19:26",Completed,"2026-08-20 22:37:35",Completed,"2026-08-20 22:48:47",Completed,"2026-08-20 22:58:43",Completed,"2026-08-20 23:11:06",Completed,"2026-08-20 23:15:53",Completed,"2026-08-20 23:31:40",Completed,"2026-08-20 23:38:51",Completed,"2026-08-20 23:51:23",Completed,"2026-08-21 05:40:33",Completed,"2026-08-21 05:58:51",Completed,"2026-08-21 06:06:14",Completed,"2026-08-21 06:23:49",Completed,"2026-08-21 06:30:38",Completed,"2026-08-21 06:41:11"
"CHIDIEBUBE IHUARULAM",chidiebubelawrence@gmail.com,Completed,"2026-08-06 12:40:34",Completed,"2026-08-06 12:43:59",Completed,"2026-08-06 12:45:49",Completed,"2026-08-06 12:47:36",Completed,"2026-08-06 12:55:00",Completed,"2026-08-06 13:01:16",Completed,"2026-08-06 13:15:10",Completed,"2026-08-06 13:34:16",Completed,"2026-08-06 13:36:52",Completed,"2026-08-14 10:36:26",Completed,"2026-08-19 11:22:46",Completed,"2026-08-19 14:07:41",Completed,"2026-08-28 12:27:03",Completed,"2026-08-28 13:02:53",Completed,"2026-08-28 12:54:45","Completed (achieved pass grade)","2026-08-28 14:30:53",Completed,"2026-08-28 14:23:23",Completed,"2026-08-14 16:05:13",Completed,"2026-08-14 16:15:48",Completed,"2026-08-17 10:45:41",Completed,"2026-08-17 11:19:05",Completed,"2026-08-17 11:33:01",Completed,"2026-08-28 13:07:27",Completed,"2026-08-19 11:08:46",Completed,"2026-08-19 11:16:45",Completed,"2026-08-19 13:12:53",Completed,"2026-08-19 13:45:08",Completed,"2026-08-19 14:21:51",Completed,"2026-08-19 14:43:05",Completed,"2026-08-19 16:21:40",Completed,"2026-08-28 14:00:59",Completed,"2026-08-28 11:45:28",Completed,"2026-08-28 12:16:48"
"OJIYA IKO",ojiyapatrick@gmail.com,Completed,"2026-07-30 17:25:44",Completed,"2026-06-12 11:08:17",Completed,"2026-06-12 11:13:18",Completed,"2026-06-12 14:40:40",Completed,"2026-06-12 16:10:15",Completed,"2026-06-12 16:20:36",Completed,"2026-06-12 16:28:03",Completed,"2026-06-12 16:35:45",Completed,"2026-06-12 16:50:03",Completed,"2026-06-12 17:02:41",Completed,"2026-06-15 16:10:49",Completed,"2026-06-15 14:40:12",Completed,"2026-06-15 16:14:19",Completed,"2026-06-15 16:25:51",Completed,"2026-06-15 22:28:42","Not completed",,Completed,"2026-06-15 22:37:49",Completed,"2026-06-12 17:07:02",Completed,"2026-06-12 17:11:06",Completed,"2026-06-13 18:52:55",Completed,"2026-06-12 18:49:13",Completed,"2026-06-13 22:22:51",Completed,"2026-06-12 20:15:42",Completed,"2026-06-13 23:11:09",Completed,"2026-06-14 12:45:23",Completed,"2026-06-14 12:48:02",Completed,"2026-06-15 00:24:52",Completed,"2026-06-14 12:52:36",Completed,"2026-06-15 04:50:09",Completed,"2026-06-14 12:56:35",Completed,"2026-06-15 07:57:47",Completed,"2026-06-14 12:59:49",Completed,"2026-06-15 16:07:38"
"JOHN IKPETAPE",ikpetapejohn@gmail.com,"Not completed",,"Not completed",,"Not completed",,"Not completed",,"Not completed",,"Not completed",,"Not completed",,"Not completed",,"Not completed",,"Not completed",,"Not completed",,"Not completed",,"Not completed",,"Not completed",,"Not completed",,"Not completed",,"Not completed",,"Not completed",,"Not completed",,"Not completed",,"Not completed",,"Not completed",,"Not completed",,"Not completed",,"Not completed",,"Not completed",,"Not completed",,"Not completed",,"Not completed",,"Not completed",,"Not completed",,"Not completed",,"Not completed",
"MUSA ILIYA",moseselijah821@gmail.com,Completed,"2026-09-03 13:41:16",Completed,"2026-09-03 13:42:45",Completed,"2026-09-03 13:45:53",Completed,"2026-09-03 14:12:02",Completed,"2026-09-04 14:40:29",Completed,"2026-09-04 14:44:13",Completed,"2026-09-04 14:49:33",Completed,"2026-09-04 17:31:51",Completed,"2026-09-06 15:05:14",Completed,"2026-09-06 19:11:38","Not completed",,"Not completed",,"Not completed",,"Not completed",,"Not completed",,"Not completed",,Completed,"2026-09-03 14:00:49",Completed,"2026-09-06 19:31:24",Completed,"2026-09-11 18:45:01",Completed,"2026-09-11 19:02:01",Completed,"2026-09-11 19:51:40",Completed,"2026-09-20 13:23:45","Not completed",,Completed,"2026-09-20 17:06:11","Not completed","1970-01-01 01:00:00","Not completed",,"Not completed",,"Not completed",,"Not completed",,"Not completed",,"Not completed",,"Not completed",,"Not completed",
"BASHIR ILIYASU",bashiriliyaau@gmail.com,Completed,"2026-09-18 14:00:42",Completed,"2026-09-18 14:01:18",Completed,"2026-09-18 14:04:32",Completed,"2026-09-18 14:12:52",Completed,"2026-09-18 14:14:47",Completed,"2026-09-18 14:16:31",Completed,"2026-09-18 14:17:28",Completed,"2026-09-18 14:18:04",Completed,"2026-09-18 14:18:21",Completed,"2026-09-18 14:20:28",Completed,"2026-09-21 00:11:28",Completed,"2026-09-18 15:00:20",Completed,"2026-09-21 08:01:26",Completed,"2026-09-18 15:04:30",Completed,"2026-09-21 07:45:32","Completed (achieved pass grade)","2026-09-21 07:55:20",Completed,"2026-09-18 15:02:48",Completed,"2026-09-18 14:25:47",Completed,"2026-09-18 14:40:16",Completed,"2026-09-20 12:55:24",Completed,"2026-09-18 14:36:03",Completed,"2026-09-20 13:04:16",Completed,"2026-09-21 08:10:12",Completed,"2026-09-18 14:55:24",Completed,"2026-09-20 13:20:24",Completed,"2026-09-21 00:03:06",Completed,"2026-09-21 00:16:05",Completed,"2026-09-21 00:25:05",Completed,"2026-09-21 00:57:04",Completed,"2026-09-21 01:14:29",Completed,"2026-09-21 01:26:55",Completed,"2026-09-21 07:20:34",Completed,"2026-09-21 07:28:32"
"MURTALA ILYASU",murtalailiyasu828@gmail.com,Completed,"2026-08-31 11:01:50",Completed,"2026-08-31 11:04:38",Completed,"2026-08-31 11:08:53",Completed,"2026-09-17 00:34:07",Completed,"2026-08-31 11:19:12",Completed,"2026-08-31 11:27:19",Completed,"2026-08-31 11:31:30",Completed,"2026-08-31 11:33:45",Completed,"2026-08-31 11:40:13",Completed,"2026-08-31 11:46:42",Completed,"2026-09-17 11:05:54",Completed,"2026-08-31 12:02:43",Completed,"2026-09-16 10:38:12",Completed,"2026-09-16 10:38:43",Completed,"2026-09-17 10:23:59","Completed (achieved pass grade)","2026-09-16 11:15:05",Completed,"2026-09-16 20:54:32",Completed,"2026-09-16 10:00:03",Completed,"2026-09-16 11:31:08",Completed,"2026-09-17 10:33:46",Completed,"2026-09-16 11:54:29",Completed,"2026-09-16 20:59:29",Completed,"2026-09-17 10:13:54",Completed,"2026-09-16 10:13:18",Completed,"2026-09-17 10:41:14",Completed,"2026-09-16 10:19:56",Completed,"2026-09-17 11:09:27",Completed,"2026-09-17 01:17:54",Completed,"2026-09-17 11:15:14",Completed,"2026-09-17 01:29:36",Completed,"2026-09-17 11:23:15",Completed,"2026-09-17 01:34:49",Completed,"2026-09-17 01:36:30"
"ANWAR IMAM",sadathanwarig@gmail.com,Completed,"2026-09-27 12:17:51",Completed,"2026-09-27 12:18:17",Completed,"2026-09-27 12:21:24",Completed,"2026-09-27 12:23:53",Completed,"2026-09-27 12:24:50",Completed,"2026-09-27 12:27:51",Completed,"2026-09-27 12:31:44",Completed,"2026-09-27 12:35:27",Completed,"2026-09-27 12:36:10",Completed,"2026-09-27 12:36:38","Not completed",,"Not completed",,"Not completed",,"Not completed",,"Not completed",,"Not completed",,"Not completed",,Completed,"2026-09-27 12:44:58",Completed,"2026-09-27 12:53:35",Completed,"2026-09-27 13:19:19",Completed,"2026-09-27 13:36:39",Completed,"2026-09-27 13:42:48","Not completed",,Completed,"2026-09-27 13:58:42","Not completed","1970-01-01 01:00:00","Not completed",,"Not completed",,"Not completed",,"Not completed",,"Not completed",,"Not completed",,"Not completed",,"Not completed",
"SURAJDEEN IMRAN",imranxyraj@gmail.com,Completed,"2026-08-26 12:20:21",Completed,"2026-08-26 12:20:11",Completed,"2026-09-10 13:28:57",Completed,"2026-08-26 12:25:06",Completed,"2026-08-26 12:50:18",Completed,"2026-08-26 13:12:10",Completed,"2026-08-26 13:19:39",Completed,"2026-08-26 13:43:26",Completed,"2026-08-26 13:55:55",Completed,"2026-08-26 13:56:03","Not completed",,Completed,"2026-09-03 13:44:07",Completed,"2026-09-10 13:32:07",Completed,"2026-09-10 15:01:48","Not completed",,"Completed (achieved pass grade)","2026-09-10 13:45:28",Completed,"2026-09-10 15:08:24",Completed,"2026-08-26 14:12:27",Completed,"2026-08-26 14:17:49","Not completed","1970-01-01 01:00:00",Completed,"2026-09-03 14:58:47","Not completed","1970-01-01 01:00:00","Not completed",,Completed,"2026-09-03 14:52:21","Not completed","1970-01-01 01:00:00",Completed,"2026-09-03 15:04:06","Not completed",,Completed,"2026-09-03 15:07:34","Not completed",,Completed,"2026-09-03 14:03:56","Not completed","1970-01-01 01:00:00",Completed,"2026-09-03 15:42:45","Not completed","1970-01-01 01:00:00"
"HASSAN INUWA",ibrahimidrisshadow@gmail.com,Completed,"2026-09-17 17:11:42",Completed,"2026-09-17 17:12:42",Completed,"2026-09-17 17:13:37",Completed,"2026-09-17 17:14:20",Completed,"2026-09-17 17:14:27",Completed,"2026-09-17 17:14:33",Completed,"2026-09-17 17:14:54",Completed,"2026-09-17 17:14:48",Completed,"2026-09-17 17:15:01",Completed,"2026-09-17 17:15:07","Not completed",,Completed,"2026-09-17 17:25:25",Completed,"2026-09-18 01:06:02",Completed,"2026-09-18 01:06:38","Not completed",,"Not completed","1970-01-01 01:00:00",Completed,"2026-09-18 01:09:44",Completed,"2026-09-17 17:16:36",Completed,"2026-09-17 17:18:25",Completed,"2026-09-26 09:28:02",Completed,"2026-09-17 17:21:43",Completed,"2026-09-26 09:51:01","Not completed",,Completed,"2026-09-17 17:24:22","Not completed",,Completed,"2026-09-18 01:00:54","Not completed","1970-01-01 01:00:00",Completed,"2026-09-18 01:11:37","Not completed",,Completed,"2026-09-18 01:03:05","Not completed","1970-01-01 01:00:00",Completed,"2026-09-18 01:04:42","Not completed","1970-01-01 01:00:00"
"OLUWATOSIN IREWOLE",hellotosin.sm@gmail.com,Completed,"2026-06-11 10:44:35",Completed,"2026-06-11 10:46:50",Completed,"2026-06-11 10:48:26",Completed,"2026-06-11 10:49:41",Completed,"2026-06-11 10:52:41",Completed,"2026-06-11 11:03:41",Completed,"2026-06-11 11:14:09",Completed,"2026-06-11 11:20:37",Completed,"2026-06-11 11:33:05",Completed,"2026-06-11 11:42:10",Completed,"2026-06-24 11:53:24",Completed,"2026-06-24 11:22:12",Completed,"2026-06-25 17:56:39",Completed,"2026-06-25 17:57:22",Completed,"2026-06-25 18:29:50","Completed (achieved pass grade)","2026-07-05 09:40:28",Completed,"2026-06-24 12:03:19",Completed,"2026-06-24 12:03:33",Completed,"2026-06-24 12:06:12",Completed,"2026-06-16 15:09:10",Completed,"2026-06-22 09:33:33",Completed,"2026-06-22 11:47:21",Completed,"2026-06-22 11:49:50",Completed,"2026-06-22 13:36:50",Completed,"2026-06-22 13:44:51",Completed,"2026-06-22 14:14:05",Completed,"2026-06-22 14:39:11",Completed,"2026-06-22 15:14:16",Completed,"2026-06-22 15:32:47",Completed,"2026-06-24 11:11:09",Completed,"2026-06-24 11:21:05",Completed,"2026-06-24 11:38:59",Completed,"2026-06-24 11:49:25"
"PROVIDENCE ISAAC-VICTOR",isaacvictorprovidence@gmail.com,Completed,"2026-07-13 15:21:31",Completed,"2026-07-13 15:21:43",Completed,"2026-07-13 15:23:06",Completed,"2026-07-13 15:29:07","Not completed",,"Not completed",,"Not completed",,"Not completed",,"Not completed",,"Not completed",,"Not completed",,"Not completed",,"Not completed",,"Not completed",,"Not completed",,"Not completed",,"Not completed",,"Not completed",,"Not completed",,"Not completed",,"Not completed",,"Not completed",,"Not completed",,"Not completed",,"Not completed",,"Not completed",,"Not completed",,"Not completed",,"Not completed",,"Not completed",,"Not completed",,"Not completed",,"Not completed",
"ABDULRAHMAN ISAH",youngdeboiii313@gmail.com,Completed,"2026-09-14 13:41:17",Completed,"2026-09-14 13:41:45",Completed,"2026-09-15 12:35:09",Completed,"2026-09-14 13:42:22",Completed,"2026-09-14 13:42:30",Completed,"2026-09-14 13:42:37",Completed,"2026-09-14 13:42:55",Completed,"2026-09-14 13:43:01",Completed,"2026-09-14 13:43:09",Completed,"2026-09-14 13:43:21",Completed,"2026-09-14 15:30:43",Completed,"2026-09-14 13:46:01",Completed,"2026-09-14 14:57:41",Completed,"2026-09-14 13:47:07",Completed,"2026-09-14 13:49:18","Completed (achieved pass grade)","2026-09-14 15:13:33",Completed,"2026-09-14 13:47:31",Completed,"2026-09-15 12:42:24",Completed,"2026-09-15 13:02:48",Completed,"2026-09-14 14:00:09",Completed,"2026-09-14 15:36:59",Completed,"2026-09-14 14:14:03",Completed,"2026-09-14 15:04:01",Completed,"2026-09-14 15:29:16",Completed,"2026-09-14 14:19:39",Completed,"2026-09-14 15:26:01",Completed,"2026-09-14 14:08:16",Completed,"2026-09-14 15:21:47",Completed,"2026-09-14 14:25:20",Completed,"2026-09-14 15:18:39",Completed,"2026-09-14 14:30:42",Completed,"2026-09-14 15:01:19",Completed,"2026-09-14 14:35:34"
"ABUBAKAR ISAH",abuisah1998@gmail.com,Completed,"2026-08-21 22:09:16",Completed,"2026-08-20 21:08:29",Completed,"2026-08-20 21:10:30",Completed,"2026-08-21 00:51:52",Completed,"2026-08-20 21:10:59",Completed,"2026-08-20 21:11:00",Completed,"2026-08-20 21:11:01",Completed,"2026-08-20 21:11:01",Completed,"2026-08-20 21:11:02",Completed,"2026-08-20 21:11:03",Completed,"2026-08-20 21:43:48",Completed,"2026-08-20 21:24:29",Completed,"2026-08-20 22:32:56",Completed,"2026-08-28 18:42:04",Completed,"2026-08-20 22:34:08","Not completed","1970-01-01 01:00:00",Completed,"2026-08-20 21:24:36",Completed,"2026-08-20 21:13:41",Completed,"2026-08-20 21:15:00",Completed,"2026-08-20 21:22:19",Completed,"2026-08-20 21:27:19",Completed,"2026-08-20 21:28:57",Completed,"2026-08-20 22:46:18",Completed,"2026-08-20 21:42:34",Completed,"2026-08-20 21:33:16",Completed,"2026-08-20 21:45:34",Completed,"2026-08-20 21:46:39",Completed,"2026-08-20 21:53:19",Completed,"2026-08-20 21:53:58",Completed,"2026-08-20 22:03:02",Completed,"2026-08-20 22:04:34",Completed,"2026-08-20 22:20:03",Completed,"2026-08-20 22:21:16"
"ALKASIM ISAH",alkasimmukhtar75@gmail.com,Completed,"2026-09-20 06:46:13",Completed,"2026-09-17 20:08:04",Completed,"2026-09-17 20:11:24",Completed,"2026-09-18 13:44:31",Completed,"2026-09-18 13:45:32",Completed,"2026-09-18 13:46:29",Completed,"2026-09-18 13:47:42",Completed,"2026-09-18 13:50:24",Completed,"2026-09-18 13:52:43",Completed,"2026-09-18 13:56:26",Completed,"2026-09-20 06:45:18",Completed,"2026-09-20 02:21:51",Completed,"2026-09-20 02:09:04",Completed,"2026-09-20 01:50:19",Completed,"2026-09-20 01:55:38","Completed (achieved pass grade)","2026-09-20 02:16:34",Completed,"2026-09-18 05:32:36",Completed,"2026-09-18 06:29:19",Completed,"2026-09-18 06:34:36",Completed,"2026-09-18 06:50:54",Completed,"2026-09-18 06:56:34",Completed,"2026-09-19 07:32:43",Completed,"2026-09-18 06:13:38",Completed,"2026-09-19 07:46:53",Completed,"2026-09-20 00:25:35",Completed,"2026-09-20 00:32:45",Completed,"2026-09-20 00:47:35",Completed,"2026-09-20 00:51:09",Completed,"2026-09-20 01:05:59",Completed,"2026-09-20 01:09:29",Completed,"2026-09-20 01:29:23",Completed,"2026-09-20 01:33:07",Completed,"2026-09-20 01:44:36"
"DAVID ISAH",davidisah32@gmail.com,Completed,"2026-06-09 13:31:33",Completed,"2026-06-09 13:30:27",Completed,"2026-06-09 13:37:23",Completed,"2026-06-09 13:41:03",Completed,"2026-06-09 13:41:30",Completed,"2026-06-09 13:55:51",Completed,"2026-06-09 13:55:59",Completed,"2026-06-09 13:56:07",Completed,"2026-06-09 13:56:17",Completed,"2026-06-09 13:56:30",Completed,"2026-06-10 17:01:38",Completed,"2026-06-10 17:07:38",Completed,"2026-06-10 17:18:26",Completed,"2026-06-10 17:18:52",Completed,"2026-06-10 19:00:14","Completed (achieved pass grade)","2026-07-05 09:40:28",Completed,"2026-06-10 17:30:31",Completed,"2026-06-09 14:01:42",Completed,"2026-06-10 16:32:51",Completed,"2026-06-10 17:52:49",Completed,"2026-06-10 16:48:44",Completed,"2026-06-10 17:56:07",Completed,"2026-06-10 17:31:12",Completed,"2026-06-10 16:55:01",Completed,"2026-06-10 18:01:50",Completed,"2026-06-10 17:07:12",Completed,"2026-06-10 18:17:34",Completed,"2026-06-10 17:10:03",Completed,"2026-06-10 18:20:34",Completed,"2026-06-10 17:12:19",Completed,"2026-06-10 18:25:29",Completed,"2026-06-10 17:16:50",Completed,"2026-06-10 18:54:53"
"HASSAN ISAH",hassanisahassan12@gmail.com,Completed,"2026-08-30 21:15:21",Completed,"2026-08-30 21:15:39",Completed,"2026-08-30 21:18:32",Completed,"2026-08-30 21:21:23",Completed,"2026-08-30 21:22:04",Completed,"2026-08-30 21:22:28",Completed,"2026-08-30 21:23:12",Completed,"2026-08-30 21:23:19",Completed,"2026-08-30 21:23:25",Completed,"2026-08-30 21:23:32",Completed,"2026-09-05 16:28:30",Completed,"2026-09-10 12:15:49",Completed,"2026-09-10 11:24:22",Completed,"2026-09-10 11:25:11",Completed,"2026-09-10 12:08:34","Completed (achieved pass grade)","2026-09-10 11:40:04",Completed,"2026-09-10 12:13:35",Completed,"2026-09-10 12:20:05",Completed,"2026-08-30 21:27:31",Completed,"2026-09-03 13:48:19",Completed,"2026-09-03 14:03:43",Completed,"2026-09-03 14:22:25",Completed,"2026-09-10 12:15:28",Completed,"2026-09-03 17:49:01",Completed,"2026-09-03 18:13:43",Completed,"2026-09-10 09:16:58",Completed,"2026-09-10 10:32:51",Completed,"2026-09-10 09:20:40",Completed,"2026-09-10 10:44:28",Completed,"2026-09-10 09:44:14",Completed,"2026-09-10 10:55:47",Completed,"2026-09-10 09:46:59",Completed,"2026-09-10 11:08:30"
"KHADIJA ISAH",Khadijaibrahimisah214@gmail.com,Completed,"2026-09-23 17:43:18",Completed,"2026-09-23 17:44:09",Completed,"2026-09-23 18:23:50",Completed,"2026-09-23 17:49:57",Completed,"2026-09-23 17:48:22",Completed,"2026-09-23 17:47:32",Completed,"2026-09-23 17:49:13",Completed,"2026-09-23 17:45:49",Completed,"2026-09-23 17:46:40",Completed,"2026-09-23 17:44:59","Not completed",,Completed,"2026-09-23 17:56:29","Not completed",,Completed,"2026-09-23 17:57:20","Not completed",,"Not completed","1970-01-01 01:00:00",Completed,"2026-09-23 17:58:30",Completed,"2026-09-23 18:06:08","Not completed",,"Not completed",,"Not completed",,"Not completed",,"Not completed",,"Not completed",,"Not completed",,"Not completed",,"Not completed",,"Not completed",,"Not completed",,"Not completed",,"Not completed",,"Not completed",,"Not completed",
"SAGIRU ISAH",sagiru08064299797@gmail.com,Completed,"2026-09-02 17:56:50",Completed,"2026-09-02 17:54:49",Completed,"2026-09-02 18:02:47",Completed,"2026-09-02 17:54:56",Completed,"2026-09-02 17:54:58",Completed,"2026-09-02 17:54:59",Completed,"2026-09-02 17:55:01",Completed,"2026-09-02 17:55:01",Completed,"2026-09-02 17:55:03",Completed,"2026-09-02 17:55:04","Not completed",,Completed,"2026-09-02 17:55:41","Not completed",,Completed,"2026-09-02 17:56:13","Not completed",,"Not completed",,Completed,"2026-09-02 17:56:20",Completed,"2026-09-02 18:28:29",Completed,"2026-09-02 18:33:27",Completed,"2026-09-02 18:34:41",Completed,"2026-09-10 21:45:44",Completed,"2026-09-10 21:52:49",Completed,"2026-09-10 22:31:50",Completed,"2026-09-10 22:55:58",Completed,"2026-09-10 22:57:50",Completed,"2026-09-10 23:38:02",Completed,"2026-09-10 23:39:03",Completed,"2026-09-11 05:49:25",Completed,"2026-09-11 05:51:20",Completed,"2026-09-11 05:59:08",Completed,"2026-09-11 06:00:48",Completed,"2026-09-11 06:08:47",Completed,"2026-09-11 06:09:38"
"SULAIMAN ISAH",sulaimanlawani2018@gmail.com,Completed,"2026-09-18 18:06:16",Completed,"2026-09-18 18:06:25",Completed,"2026-09-18 18:09:20",Completed,"2026-09-18 18:11:20",Completed,"2026-09-18 18:11:21",Completed,"2026-09-18 18:11:22",Completed,"2026-09-18 18:11:23",Completed,"2026-09-18 18:11:25",Completed,"2026-09-18 18:11:26",Completed,"2026-09-18 18:11:27",Completed,"2026-09-21 23:27:54",Completed,"2026-09-19 11:34:15",Completed,"2026-09-21 23:54:15",Completed,"2026-09-19 16:11:36",Completed,"2026-09-23 14:08:22","Completed (achieved pass grade)","2026-09-23 13:16:58",Completed,"2026-09-19 16:11:40",Completed,"2026-09-18 18:16:04",Completed,"2026-09-19 11:43:44",Completed,"2026-09-22 19:24:29",Completed,"2026-09-19 16:20:00",Completed,"2026-09-22 19:40:57",Completed,"2026-09-21 23:38:37",Completed,"2026-09-21 23:13:34",Completed,"2026-09-22 23:49:18",Completed,"2026-09-21 23:33:08",Completed,"2026-09-23 05:46:35",Completed,"2026-09-22 19:07:28",Completed,"2026-09-23 12:32:24",Completed,"2026-09-22 19:13:40",Completed,"2026-09-23 12:51:34",Completed,"2026-09-23 13:02:51",Completed,"2026-09-23 13:34:45"
"YUSUF ISAH",yusufisaotrike412@gmail.com,Completed,"2026-09-07 21:19:52",Completed,"2026-09-12 12:53:22",Completed,"2026-09-11 11:33:03",Completed,"2026-09-11 11:45:05",Completed,"2026-09-11 11:58:27",Completed,"2026-09-11 12:06:06",Completed,"2026-09-11 12:13:28",Completed,"2026-09-11 12:20:05",Completed,"2026-09-12 11:09:08",Completed,"2026-09-12 11:18:26",Completed,"2026-09-17 14:32:42",Completed,"2026-09-12 13:21:41",Completed,"2026-09-16 13:57:53",Completed,"2026-09-16 14:17:59",Completed,"2026-09-16 14:22:01","Completed (achieved pass grade)","2026-09-16 14:37:11",Completed,"2026-09-17 14:49:22",Completed,"2026-09-12 12:57:41",Completed,"2026-09-12 13:01:36",Completed,"2026-09-16 14:03:30",Completed,"2026-09-12 13:10:10",Completed,"2026-09-16 14:46:04",Completed,"2026-09-26 19:59:17",Completed,"2026-09-12 13:17:05",Completed,"2026-09-16 21:28:47",Completed,"2026-09-12 12:48:26",Completed,"2026-09-17 14:36:24",Completed,"2026-09-11 11:35:43",Completed,"2026-09-18 11:54:44",Completed,"2026-09-17 15:14:16",Completed,"2026-09-17 15:19:43",Completed,"2026-09-16 13:52:55",Completed,"2026-09-17 14:59:45"
"YUSUF ISAH",yusufisahgambo2003@gmail.com,Completed,"2026-06-12 11:10:28",Completed,"2026-06-12 11:13:36",Completed,"2026-06-12 11:17:21",Completed,"2026-06-12 11:18:38",Completed,"2026-06-12 11:19:00",Completed,"2026-06-12 11:19:26",Completed,"2026-06-12 11:22:13",Completed,"2026-06-12 11:20:21",Completed,"2026-06-12 11:20:54",Completed,"2026-06-12 11:21:14",Completed,"2026-06-14 14:59:35",Completed,"2026-06-16 12:49:59",Completed,"2026-06-16 13:04:47",Completed,"2026-06-16 13:06:37","Not completed",,"Completed (achieved pass grade)","2026-07-05 09:40:28",Completed,"2026-06-13 00:47:42",Completed,"2026-06-12 11:27:45",Completed,"2026-06-13 01:28:47",Completed,"2026-06-13 01:57:34",Completed,"2026-06-14 14:10:59",Completed,"2026-06-14 14:19:47",Completed,"2026-06-16 13:06:15",Completed,"2026-06-14 14:29:20",Completed,"2026-06-14 14:56:40",Completed,"2026-06-16 12:43:51",Completed,"2026-09-01 17:39:10",Completed,"2026-06-16 12:53:54","Not completed",,Completed,"2026-06-16 13:01:33","Not completed",,Completed,"2026-06-13 00:54:52",Completed,"2026-06-13 01:24:11"
"ABDULRAHMAN ISHAK",iabdurrahman602@gmail.com,Completed,"2026-09-05 21:19:07",Completed,"2026-09-05 21:19:23",Completed,"2026-09-05 21:22:08",Completed,"2026-09-05 21:23:17",Completed,"2026-09-05 21:23:18",Completed,"2026-09-05 21:23:20",Completed,"2026-09-05 21:23:21",Completed,"2026-09-05 21:23:23",Completed,"2026-09-05 21:23:25",Completed,"2026-09-05 21:23:27",Completed,"2026-09-14 10:40:10",Completed,"2026-09-14 10:25:15",Completed,"2026-09-16 18:24:51",Completed,"2026-09-14 10:25:37",Completed,"2026-09-16 17:46:52","Completed (achieved pass grade)","2026-09-05 21:30:50",Completed,"2026-09-05 21:31:45",Completed,"2026-09-14 09:27:42",Completed,"2026-09-14 09:31:48",Completed,"2026-09-05 22:15:17",Completed,"2026-09-14 09:38:20",Completed,"2026-09-14 10:14:44",Completed,"2026-09-14 10:57:52",Completed,"2026-09-14 10:32:20",Completed,"2026-09-14 11:04:49",Completed,"2026-09-14 10:36:43",Completed,"2026-09-15 10:31:30",Completed,"2026-09-14 10:45:52",Completed,"2026-09-14 18:31:37",Completed,"2026-09-14 10:50:04",Completed,"2026-09-16 18:10:16",Completed,"2026-09-14 10:54:22",Completed,"2026-09-15 12:04:58"
"AHMAD ISHAQ",Ahmadnazeerhambali@gmail.com,Completed,"2026-09-08 12:58:41",Completed,"2026-09-08 12:59:52",Completed,"2026-09-08 13:05:08",Completed,"2026-09-08 13:14:58",Completed,"2026-09-08 13:17:04",Completed,"2026-09-08 13:21:28",Completed,"2026-09-08 13:23:07",Completed,"2026-09-08 13:25:35",Completed,"2026-09-08 13:36:39",Completed,"2026-09-08 13:38:01",Completed,"2026-09-09 11:27:56",Completed,"2026-09-09 12:12:48",Completed,"2026-09-09 14:27:21",Completed,"2026-09-09 14:27:42",Completed,"2026-09-09 15:06:11","Completed (achieved pass grade)","2026-09-09 14:36:32",Completed,"2026-09-09 12:13:08",Completed,"2026-09-08 13:46:05",Completed,"2026-09-08 13:58:18",Completed,"2026-09-08 15:18:20",Completed,"2026-09-08 15:30:03",Completed,"2026-09-08 16:15:36",Completed,"2026-09-09 15:15:06",Completed,"2026-09-09 10:31:50",Completed,"2026-09-09 11:16:29",Completed,"2026-09-09 11:33:13",Completed,"2026-09-09 12:06:46",Completed,"2026-09-09 12:17:57",Completed,"2026-09-09 12:54:15",Completed,"2026-09-09 13:03:07",Completed,"2026-09-09 13:48:38",Completed,"2026-09-09 13:59:04",Completed,"2026-09-09 14:38:58"
"VICTOR ISHOLA",victorishola580@gmail.com,Completed,"2026-07-23 13:27:31",Completed,"2026-07-23 13:28:28",Completed,"2026-07-23 13:30:15",Completed,"2026-07-23 13:33:06",Completed,"2026-07-23 13:38:23",Completed,"2026-07-23 13:47:38",Completed,"2026-07-23 13:57:12",Completed,"2026-07-23 13:57:51",Completed,"2026-07-23 14:07:26",Completed,"2026-07-23 14:08:56",Completed,"2026-07-27 11:32:47",Completed,"2026-07-28 11:27:18",Completed,"2026-07-27 22:55:40",Completed,"2026-07-27 22:56:58",Completed,"2026-07-28 11:21:43","Completed (achieved pass grade)","2026-07-28 11:50:23",Completed,"2026-07-28 11:37:10",Completed,"2026-07-23 14:22:24",Completed,"2026-07-23 14:49:37",Completed,"2026-07-23 15:21:30",Completed,"2026-07-23 17:19:23",Completed,"2026-07-23 18:12:45",Completed,"2026-07-23 18:13:39",Completed,"2026-07-26 23:45:31",Completed,"2026-07-26 23:55:00",Completed,"2026-07-27 12:08:44",Completed,"2026-07-27 12:19:51",Completed,"2026-07-27 13:34:56",Completed,"2026-07-27 13:43:55",Completed,"2026-07-27 14:07:02",Completed,"2026-07-27 14:26:45",Completed,"2026-07-27 22:39:27",Completed,"2026-07-27 22:49:38"
"KELECHI ISIOLU",kelechiisiolu@gmail.com,Completed,"2026-07-26 20:22:42","Not completed",,"Not completed",,Completed,"2026-07-26 20:27:13",Completed,"2026-07-26 20:41:16",Completed,"2026-07-26 20:52:26",Completed,"2026-07-26 21:47:49",Completed,"2026-07-26 22:51:41",Completed,"2026-07-26 23:04:06","Not completed",,"Not completed",,"Not completed",,"Not completed",,"Not completed",,"Not completed",,"Not completed",,"Not completed",,"Not completed",,"Not completed",,"Not completed",,"Not completed",,"Not completed",,"Not completed",,"Not completed",,"Not completed",,"Not completed",,"Not completed",,"Not completed",,"Not completed",,"Not completed",,"Not completed",,"Not completed",,"Not completed",
"FATIMA ISMA&#039;IL",fatimagamboismail4@gmail.com,Completed,"2026-09-16 12:02:04",Completed,"2026-09-16 12:02:42",Completed,"2026-09-16 12:20:33",Completed,"2026-09-16 12:03:58",Completed,"2026-09-16 12:04:13",Completed,"2026-09-16 12:04:25",Completed,"2026-09-16 12:04:45",Completed,"2026-09-16 12:04:54",Completed,"2026-09-16 12:05:06",Completed,"2026-09-16 12:05:15",Completed,"2026-09-17 12:31:55",Completed,"2026-09-17 11:27:26",Completed,"2026-09-17 11:55:01",Completed,"2026-09-17 10:35:37",Completed,"2026-09-17 11:56:34","Completed (achieved pass grade)","2026-09-17 12:09:46",Completed,"2026-09-17 10:36:26",Completed,"2026-09-16 12:23:28",Completed,"2026-09-16 12:26:28",Completed,"2026-09-16 12:27:11",Completed,"2026-09-17 11:01:29",Completed,"2026-09-17 11:04:52",Completed,"2026-09-17 12:12:17",Completed,"2026-09-17 12:23:25",Completed,"2026-09-17 12:24:57",Completed,"2026-09-17 12:34:58",Completed,"2026-09-17 12:36:14",Completed,"2026-09-17 11:26:40",Completed,"2026-09-17 11:29:14",Completed,"2026-09-17 11:36:59",Completed,"2026-09-17 11:38:42",Completed,"2026-09-17 11:46:16",Completed,"2026-09-17 11:47:32"
"MUSTAFA ISMAEL",princegwaegwae@gmail.com,Completed,"2026-08-22 18:13:24",Completed,"2026-08-22 18:14:28",Completed,"2026-08-22 18:18:22",Completed,"2026-08-22 19:50:45",Completed,"2026-08-22 19:50:48",Completed,"2026-08-22 19:50:50",Completed,"2026-08-22 19:50:52",Completed,"2026-08-22 19:50:55",Completed,"2026-08-22 19:50:57",Completed,"2026-08-22 19:50:58",Completed,"2026-08-23 10:12:41",Completed,"2026-08-23 10:37:05",Completed,"2026-08-23 13:48:54",Completed,"2026-08-23 13:49:33",Completed,"2026-08-23 14:44:58","Completed (achieved pass grade)","2026-08-23 14:58:02",Completed,"2026-08-23 14:58:20",Completed,"2026-08-22 18:22:25",Completed,"2026-08-22 18:26:04",Completed,"2026-08-22 19:30:40",Completed,"2026-08-22 19:41:51",Completed,"2026-08-23 01:53:23",Completed,"2026-08-23 14:59:57",Completed,"2026-08-23 07:20:45",Completed,"2026-08-23 07:34:14",Completed,"2026-08-23 10:16:16",Completed,"2026-08-23 10:30:43",Completed,"2026-08-23 10:40:05",Completed,"2026-08-23 11:06:57",Completed,"2026-08-23 11:27:50",Completed,"2026-08-23 11:58:17",Completed,"2026-08-23 13:11:52",Completed,"2026-08-23 13:42:02"
"AHMAD ISMAIL",ameersoja1414@gmail.com,Completed,"2026-08-17 13:07:38",Completed,"2026-07-31 13:34:45",Completed,"2026-07-31 13:39:15",Completed,"2026-08-04 13:12:53",Completed,"2026-08-04 13:09:03",Completed,"2026-08-04 13:12:10",Completed,"2026-08-04 13:14:19",Completed,"2026-08-04 13:14:19",Completed,"2026-08-04 13:14:19",Completed,"2026-08-04 13:14:22","Not completed","1970-01-01 01:00:00",Completed,"2026-08-05 13:39:11",Completed,"2026-08-12 12:03:46",Completed,"2026-08-12 12:02:57","Not completed",,"Completed (achieved pass grade)","2026-08-07 12:42:28","Not completed",,Completed,"2026-08-04 13:20:09",Completed,"2026-08-04 13:29:38","Not completed","1970-01-01 01:00:00",Completed,"2026-08-05 12:33:20",Completed,"2026-08-06 12:24:09","Not completed","1970-01-01 01:00:00",Completed,"2026-08-05 12:55:52","Not completed","1970-01-01 01:00:00",Completed,"2026-08-06 13:06:52","Not completed","1970-01-01 01:00:00",Completed,"2026-08-07 12:13:49","Not completed","1970-01-01 01:00:00",Completed,"2026-08-06 12:44:08","Not completed","1970-01-01 01:00:00",Completed,"2026-08-07 12:30:22","Not completed","1970-01-01 01:00:00"
"AUWAL ISMAIL",auwalismailharuna1992@gmail.com,Completed,"2026-09-18 15:10:36",Completed,"2026-09-18 15:10:48",Completed,"2026-09-18 15:14:04",Completed,"2026-09-18 15:19:31",Completed,"2026-09-18 15:19:42",Completed,"2026-09-18 15:19:51",Completed,"2026-09-18 15:19:59",Completed,"2026-09-18 15:20:09",Completed,"2026-09-18 15:20:16",Completed,"2026-09-18 15:20:31",Completed,"2026-09-20 12:57:17",Completed,"2026-09-19 14:17:57",Completed,"2026-09-20 12:07:38",Completed,"2026-09-19 14:18:06",Completed,"2026-09-20 12:20:37","Completed (achieved pass grade)","2026-09-20 12:17:08",Completed,"2026-09-19 14:18:03",Completed,"2026-09-19 13:04:41",Completed,"2026-09-19 13:08:41",Completed,"2026-09-18 15:24:08",Completed,"2026-09-19 13:14:34",Completed,"2026-09-19 12:45:58",Completed,"2026-09-20 12:59:57",Completed,"2026-09-19 14:25:31",Completed,"2026-09-19 13:21:35",Completed,"2026-09-19 13:34:11",Completed,"2026-09-19 13:38:33",Completed,"2026-09-19 13:48:08",Completed,"2026-09-19 13:49:52",Completed,"2026-09-19 14:10:06",Completed,"2026-09-20 11:25:47",Completed,"2026-09-20 11:53:38",Completed,"2026-09-20 11:55:35"
"IBRAHIM ISMAIL",heetlar33@gmail.com,Completed,"2026-07-20 13:18:53",Completed,"2026-07-18 14:02:32",Completed,"2026-07-20 11:20:24",Completed,"2026-07-18 14:02:46",Completed,"2026-07-18 14:02:47",Completed,"2026-07-18 14:02:48",Completed,"2026-07-18 14:02:49",Completed,"2026-07-18 14:02:50",Completed,"2026-07-18 14:02:51",Completed,"2026-07-18 14:02:59",Completed,"2026-07-20 12:24:55",Completed,"2026-07-18 14:03:20",Completed,"2026-07-20 13:13:22",Completed,"2026-07-18 14:03:33",Completed,"2026-07-20 13:46:16","Completed (achieved pass grade)","2026-07-20 13:36:21",Completed,"2026-07-18 14:03:42",Completed,"2026-07-20 11:30:21",Completed,"2026-07-20 11:42:20",Completed,"2026-07-20 13:58:06",Completed,"2026-07-20 12:00:04",Completed,"2026-07-20 13:57:18",Completed,"2026-07-20 13:18:34",Completed,"2026-07-20 12:17:46",Completed,"2026-07-20 13:55:38",Completed,"2026-07-20 12:30:11",Completed,"2026-07-20 13:53:51",Completed,"2026-07-20 12:39:31",Completed,"2026-07-20 13:52:15",Completed,"2026-07-20 12:53:49",Completed,"2026-07-20 13:50:53",Completed,"2026-07-20 13:06:09",Completed,"2026-07-20 13:49:10"
"MUSTAPHA ISMAIL",lisanul63@gmail.com,Completed,"2026-08-30 22:54:10",Completed,"2026-08-30 22:54:55",Completed,"2026-08-30 22:59:55",Completed,"2026-08-30 22:55:01",Completed,"2026-08-30 22:55:02",Completed,"2026-08-30 22:55:07",Completed,"2026-08-30 22:55:10",Completed,"2026-08-30 22:55:12",Completed,"2026-08-30 22:55:12",Completed,"2026-08-30 22:55:13",Completed,"2026-09-08 13:24:59",Completed,"2026-09-08 13:25:59","Not completed",,"Not completed",,"Not completed",,"Not completed",,"Not completed",,Completed,"2026-08-31 16:42:25",Completed,"2026-08-30 23:04:39",Completed,"2026-08-31 16:49:59",Completed,"2026-08-30 23:20:29",Completed,"2026-09-08 13:21:28","Not completed",,Completed,"2026-09-08 12:26:08",Completed,"2026-09-08 12:37:39","Not completed","1970-01-01 01:00:00","Not completed",,Completed,"2026-09-08 13:33:04","Not completed",,"Not completed",,"Not completed",,"Not completed",,"Not completed",
"MUSTAPHA ISYAKU",mustaphaisyakunakumbo@gmail.com,Completed,"2026-08-28 09:29:00",Completed,"2026-08-25 12:39:21",Completed,"2026-08-25 12:45:05",Completed,"2026-08-25 12:39:28",Completed,"2026-08-25 12:39:30",Completed,"2026-08-25 12:39:31",Completed,"2026-08-25 12:39:32",Completed,"2026-08-25 12:39:33",Completed,"2026-08-25 12:39:34",Completed,"2026-08-25 12:39:35",Completed,"2026-08-26 21:40:32",Completed,"2026-08-25 12:40:03",Completed,"2026-08-27 20:45:48",Completed,"2026-08-25 12:40:13",Completed,"2026-08-28 09:10:29","Completed (achieved pass grade)","2026-08-28 09:28:18",Completed,"2026-08-25 12:40:17",Completed,"2026-08-25 12:50:41",Completed,"2026-08-25 12:56:17",Completed,"2026-08-27 08:46:57",Completed,"2026-08-26 14:52:30",Completed,"2026-08-27 12:04:02",Completed,"2026-08-26 14:55:15",Completed,"2026-08-26 15:03:24",Completed,"2026-08-27 12:26:06",Completed,"2026-08-26 21:42:28",Completed,"2026-08-27 12:48:03",Completed,"2026-08-26 21:44:48",Completed,"2026-08-28 08:54:29",Completed,"2026-08-26 21:46:10",Completed,"2026-08-28 09:02:05",Completed,"2026-08-26 21:55:32",Completed,"2026-08-28 08:48:40"
"PRISCA IWUCHUKWU",priscachinazomiwuchukwu@gmail.com,Completed,"2026-08-30 03:55:45",Completed,"2026-08-30 03:53:45",Completed,"2026-08-30 04:03:16",Completed,"2026-08-30 04:09:52",Completed,"2026-08-30 04:34:12",Completed,"2026-08-30 04:41:27",Completed,"2026-08-30 04:49:35",Completed,"2026-08-30 04:53:27",Completed,"2026-08-30 05:01:59",Completed,"2026-08-30 05:06:07",Completed,"2026-08-30 13:54:59",Completed,"2026-08-30 15:39:37",Completed,"2026-09-04 04:39:51",Completed,"2026-09-04 04:42:13",Completed,"2026-09-04 09:01:12","Completed (achieved pass grade)","2026-09-04 04:56:26",Completed,"2026-09-04 04:56:54",Completed,"2026-08-30 05:10:52",Completed,"2026-08-30 06:54:04",Completed,"2026-09-04 07:51:40",Completed,"2026-08-30 13:01:43",Completed,"2026-09-04 07:58:32",Completed,"2026-09-04 04:58:07",Completed,"2026-08-30 13:53:59",Completed,"2026-09-04 08:08:34",Completed,"2026-08-30 16:27:15",Completed,"2026-09-04 08:16:51",Completed,"2026-08-30 17:12:42",Completed,"2026-09-04 08:24:12",Completed,"2026-08-30 17:43:41",Completed,"2026-09-04 08:37:02",Completed,"2026-08-30 18:02:09",Completed,"2026-09-04 08:44:34"
"OLUWADAMILARE IYIOLA",iyiolaoluwadamilare887@yahoo.com,"Not completed",,"Not completed",,"Not completed",,"Not completed",,"Not completed",,"Not completed",,"Not completed",,"Not completed",,"Not completed",,"Not completed",,"Not completed",,"Not completed",,"Not completed",,"Not completed",,"Not completed",,"Not completed",,"Not completed",,"Not completed",,"Not completed",,"Not completed",,"Not completed",,"Not completed",,"Not completed",,"Not completed",,"Not completed",,"Not completed",,"Not completed",,"Not completed",,"Not completed",,"Not completed",,"Not completed",,"Not completed",,"Not completed",
"MAHMUD JAFAR",mahmudjaafmass@gmail.com,Completed,"2026-09-06 13:22:19",Completed,"2026-09-06 13:22:21",Completed,"2026-09-06 18:12:15",Completed,"2026-09-06 13:22:29",Completed,"2026-09-06 13:22:31",Completed,"2026-09-06 13:22:32",Completed,"2026-09-06 13:22:34",Completed,"2026-09-06 13:22:35",Completed,"2026-09-06 13:22:38",Completed,"2026-09-06 13:22:41",Completed,"2026-09-06 15:19:14",Completed,"2026-09-06 17:45:45",Completed,"2026-09-06 18:01:06",Completed,"2026-09-06 18:01:25",Completed,"2026-09-06 18:02:01","Completed (achieved pass grade)","2026-09-06 18:08:08",Completed,"2026-09-06 18:01:28",Completed,"2026-09-06 13:26:26",Completed,"2026-09-06 13:29:25",Completed,"2026-09-06 13:33:49",Completed,"2026-09-06 13:39:57",Completed,"2026-09-06 13:41:09",Completed,"2026-09-06 18:08:55",Completed,"2026-09-06 15:23:38",Completed,"2026-09-06 17:44:24",Completed,"2026-09-06 15:11:25",Completed,"2026-09-06 15:17:35",Completed,"2026-09-06 17:48:32",Completed,"2026-09-06 17:49:36",Completed,"2026-09-06 17:53:23",Completed,"2026-09-06 17:54:15",Completed,"2026-09-06 17:57:27",Completed,"2026-09-06 17:58:18"
"EFFIONG JAMES",mfavoure@gmail.com,Completed,"2026-07-25 19:59:15",Completed,"2026-07-25 20:01:29",Completed,"2026-07-25 20:04:00",Completed,"2026-07-25 20:10:06",Completed,"2026-07-25 20:15:23",Completed,"2026-07-25 20:23:09",Completed,"2026-07-25 20:29:52",Completed,"2026-07-25 20:31:16",Completed,"2026-07-25 21:17:13",Completed,"2026-07-25 21:36:15",Completed,"2026-07-30 14:58:06",Completed,"2026-08-02 14:49:53",Completed,"2026-08-02 19:08:24",Completed,"2026-08-02 19:11:23",Completed,"2026-08-03 17:43:40","Completed (achieved pass grade)","2026-08-03 17:56:50",Completed,"2026-08-03 17:57:55",Completed,"2026-07-30 10:26:32",Completed,"2026-07-25 21:40:38",Completed,"2026-07-28 17:03:15",Completed,"2026-07-28 17:15:48",Completed,"2026-07-30 11:44:56",Completed,"2026-07-30 11:58:24",Completed,"2026-07-30 14:49:15",Completed,"2026-07-30 14:38:50",Completed,"2026-08-02 14:08:16",Completed,"2026-08-02 13:50:56",Completed,"2026-08-02 15:35:04",Completed,"2026-08-02 15:13:14",Completed,"2026-08-02 17:33:36",Completed,"2026-08-02 17:25:35",Completed,"2026-08-02 19:05:38",Completed,"2026-08-02 18:52:42"
"OJOMUGBO JAMES",jamessuccess090@gmail.com,Completed,"2026-07-21 21:12:35",Completed,"2026-07-21 21:13:21",Completed,"2026-07-21 21:15:39",Completed,"2026-08-01 03:29:22",Completed,"2026-08-01 03:29:28",Completed,"2026-07-22 03:01:06",Completed,"2026-07-22 02:34:55",Completed,"2026-07-21 22:57:41",Completed,"2026-07-22 02:43:13",Completed,"2026-07-22 03:22:30",Completed,"2026-07-26 01:59:40",Completed,"2026-07-22 00:32:15",Completed,"2026-07-22 01:00:17",Completed,"2026-07-29 01:04:33",Completed,"2026-07-22 00:53:17","Completed (achieved pass grade)","2026-08-03 20:10:13",Completed,"2026-07-26 02:16:11",Completed,"2026-07-21 21:21:03",Completed,"2026-07-21 21:24:08",Completed,"2026-07-21 22:37:07",Completed,"2026-07-21 22:42:22",Completed,"2026-07-21 22:51:04",Completed,"2026-07-21 22:51:57",Completed,"2026-07-21 23:08:30",Completed,"2026-07-21 23:26:21",Completed,"2026-07-21 23:30:02",Completed,"2026-07-21 23:40:01",Completed,"2026-07-21 23:42:53",Completed,"2026-07-21 23:55:07",Completed,"2026-07-22 00:57:33",Completed,"2026-07-22 00:11:28",Completed,"2026-07-22 00:14:39",Completed,"2026-07-22 00:30:12"
"MUJAHID JAMIL",mujahidjameal@gmail.com,Completed,"2026-09-14 15:03:17",Completed,"2026-09-14 15:04:08",Completed,"2026-09-14 15:09:30",Completed,"2026-09-14 15:14:00",Completed,"2026-09-14 15:21:04",Completed,"2026-09-14 15:26:29",Completed,"2026-09-14 15:31:49",Completed,"2026-09-14 15:32:31",Completed,"2026-09-14 15:40:06",Completed,"2026-09-14 16:04:26",Completed,"2026-09-15 15:28:47",Completed,"2026-09-15 17:29:32",Completed,"2026-09-16 14:53:45",Completed,"2026-09-16 14:55:46",Completed,"2026-09-16 15:32:43","Completed (achieved pass grade)","2026-09-16 16:26:17",Completed,"2026-09-16 16:15:05",Completed,"2026-09-14 16:10:25",Completed,"2026-09-14 16:14:17",Completed,"2026-09-14 17:11:06",Completed,"2026-09-14 17:21:38",Completed,"2026-09-15 14:40:14",Completed,"2026-09-15 14:52:00",Completed,"2026-09-15 15:25:30",Completed,"2026-09-15 16:24:08",Completed,"2026-09-15 16:36:49",Completed,"2026-09-15 16:45:42",Completed,"2026-09-15 16:56:36",Completed,"2026-09-15 17:07:50",Completed,"2026-09-15 17:16:19",Completed,"2026-09-15 17:22:14",Completed,"2026-09-15 17:33:55",Completed,"2026-09-16 14:44:32"
"TOBILOBA JAYEOBA",jayeobatobiloba1@gmail.com,Completed,"2026-06-17 01:25:49",Completed,"2026-06-17 01:26:37",Completed,"2026-06-17 01:30:48",Completed,"2026-06-18 01:20:45",Completed,"2026-06-18 01:20:52",Completed,"2026-06-18 01:20:58",Completed,"2026-06-18 01:21:03",Completed,"2026-06-18 01:21:10",Completed,"2026-06-18 01:21:15",Completed,"2026-06-18 01:21:23",Completed,"2026-06-18 02:32:51",Completed,"2026-06-18 02:29:15",Completed,"2026-06-18 02:48:22",Completed,"2026-06-18 02:48:32",Completed,"2026-06-18 02:55:23","Completed (achieved pass grade)","2026-07-05 09:40:28",Completed,"2026-06-18 03:05:40",Completed,"2026-06-17 01:37:43",Completed,"2026-06-18 00:43:48",Completed,"2026-06-18 01:04:31",Completed,"2026-06-18 01:10:09",Completed,"2026-06-18 01:18:17",Completed,"2026-06-18 01:19:38",Completed,"2026-06-18 02:41:54",Completed,"2026-06-18 01:27:54",Completed,"2026-06-18 01:33:10",Completed,"2026-06-18 01:44:27",Completed,"2026-06-18 01:49:54",Completed,"2026-06-18 01:58:09",Completed,"2026-06-18 02:04:02",Completed,"2026-06-18 02:16:58",Completed,"2026-06-18 02:21:23",Completed,"2026-06-18 02:27:44"
"TUNMISE JAYEOBA",tunmisejayeoba@gmail.com,Completed,"2026-08-04 04:01:09",Completed,"2026-07-31 06:30:23",Completed,"2026-07-31 17:14:04",Completed,"2026-07-31 17:16:29",Completed,"2026-07-31 17:17:16",Completed,"2026-07-31 17:17:38",Completed,"2026-07-31 17:17:53",Completed,"2026-07-31 17:17:59",Completed,"2026-07-31 17:18:08",Completed,"2026-07-31 17:18:43",Completed,"2026-08-04 04:17:08",Completed,"2026-08-04 04:17:33",Completed,"2026-08-04 04:15:18",Completed,"2026-08-04 04:17:35",Completed,"2026-08-04 04:34:33","Completed (achieved pass grade)","2026-08-04 04:11:13",Completed,"2026-08-04 04:11:37",Completed,"2026-07-31 17:29:33",Completed,"2026-08-02 16:50:59",Completed,"2026-08-02 16:34:01",Completed,"2026-08-02 16:56:43",Completed,"2026-08-02 17:04:50",Completed,"2026-08-02 17:27:31",Completed,"2026-08-02 17:42:04",Completed,"2026-08-02 18:58:40",Completed,"2026-08-04 01:58:59",Completed,"2026-08-04 02:06:41",Completed,"2026-08-04 02:37:26",Completed,"2026-08-04 02:58:38",Completed,"2026-08-04 03:12:34",Completed,"2026-08-04 03:26:51",Completed,"2026-08-04 03:36:48",Completed,"2026-08-04 03:50:06"
"OLUSEGUN JEGEDE",olusegunjegede26@gmail.com,Completed,"2026-08-21 15:40:50",Completed,"2026-08-21 15:10:29",Completed,"2026-08-21 15:42:18",Completed,"2026-08-21 15:10:40",Completed,"2026-08-21 15:10:41",Completed,"2026-08-21 15:10:43",Completed,"2026-08-21 15:10:44",Completed,"2026-08-21 15:10:45",Completed,"2026-08-21 15:10:47",Completed,"2026-08-21 15:10:49",Completed,"2026-08-24 11:55:41",Completed,"2026-08-21 15:26:50",Completed,"2026-08-24 12:33:31",Completed,"2026-08-21 15:27:08",Completed,"2026-08-24 12:50:09","Completed (achieved pass grade)","2026-08-21 16:29:16",Completed,"2026-08-21 16:29:54",Completed,"2026-08-21 15:33:12",Completed,"2026-08-21 15:15:18",Completed,"2026-08-21 15:21:06",Completed,"2026-08-21 15:39:37",Completed,"2026-08-21 16:32:42",Completed,"2026-08-21 15:40:32",Completed,"2026-08-21 15:48:43",Completed,"2026-08-24 11:14:00",Completed,"2026-08-21 15:51:13",Completed,"2026-08-24 11:42:46",Completed,"2026-08-21 15:54:23",Completed,"2026-08-24 12:05:47",Completed,"2026-08-21 15:56:23",Completed,"2026-08-24 12:20:46",Completed,"2026-08-21 15:29:05",Completed,"2026-08-21 16:11:16"
"MUHAMMAD JIBRIN",muhammadjibringiginyu@gmail.com,Completed,"2026-09-06 20:17:28",Completed,"2026-08-03 16:14:06",Completed,"2026-08-03 16:18:20",Completed,"2026-08-03 16:28:22",Completed,"2026-08-03 16:33:39",Completed,"2026-08-03 16:41:12",Completed,"2026-08-03 16:45:32",Completed,"2026-08-03 16:45:38",Completed,"2026-08-03 16:47:52",Completed,"2026-08-03 16:48:35",Completed,"2026-08-13 11:26:15",Completed,"2026-08-12 12:09:40",Completed,"2026-09-02 17:00:02",Completed,"2026-09-02 17:28:40",Completed,"2026-09-06 19:22:12","Completed (achieved pass grade)","2026-09-10 17:21:03",Completed,"2026-08-03 16:23:03",Completed,"2026-08-03 16:51:52",Completed,"2026-08-03 16:56:10",Completed,"2026-08-03 18:01:36",Completed,"2026-08-04 12:29:09",Completed,"2026-08-09 20:59:18",Completed,"2026-09-23 13:46:28",Completed,"2026-08-09 21:17:37",Completed,"2026-08-12 18:46:27",Completed,"2026-08-13 11:45:47",Completed,"2026-08-13 17:01:53",Completed,"2026-08-13 17:15:37",Completed,"2026-08-17 20:54:21",Completed,"2026-08-18 10:23:30",Completed,"2026-08-26 22:18:35",Completed,"2026-09-02 16:55:54",Completed,"2026-09-02 16:46:17"
"MUSH&#039;AL JIBRIN",mishalyusufjibril597@gmail.com,Completed,"2026-08-28 07:42:49",Completed,"2026-08-28 07:42:58",Completed,"2026-08-28 07:45:54",Completed,"2026-08-28 07:48:38",Completed,"2026-08-28 07:48:52",Completed,"2026-08-28 07:49:02",Completed,"2026-08-28 07:49:10",Completed,"2026-08-28 07:49:18",Completed,"2026-08-28 07:49:26",Completed,"2026-08-28 07:49:34",Completed,"2026-08-28 10:17:21",Completed,"2026-08-28 08:53:15",Completed,"2026-08-28 08:59:20",Completed,"2026-08-28 10:52:30",Completed,"2026-08-28 10:54:20","Completed (achieved pass grade)","2026-08-28 11:16:29",Completed,"2026-08-28 11:01:31",Completed,"2026-08-28 07:53:40",Completed,"2026-08-28 08:10:42",Completed,"2026-08-28 08:48:31",Completed,"2026-08-28 09:06:51",Completed,"2026-08-28 09:30:45",Completed,"2026-08-28 11:06:22",Completed,"2026-08-28 10:05:15",Completed,"2026-08-28 10:08:38",Completed,"2026-08-28 10:22:13",Completed,"2026-08-28 10:25:17",Completed,"2026-08-28 10:34:53",Completed,"2026-08-28 10:36:50",Completed,"2026-08-28 11:26:18",Completed,"2026-08-28 11:27:45",Completed,"2026-08-28 10:51:51",Completed,"2026-08-28 11:35:24"
"SALIM JIBRIN",flamespoet578@gmail.com,Completed,"2026-09-21 12:02:04",Completed,"2026-09-21 09:30:09",Completed,"2026-09-21 17:25:56",Completed,"2026-09-21 12:08:59",Completed,"2026-09-23 16:04:38",Completed,"2026-09-23 16:03:47",Completed,"2026-09-23 16:05:53",Completed,"2026-09-23 16:06:50",Completed,"2026-09-23 16:07:49",Completed,"2026-09-23 16:08:45","Not completed",,"Not completed",,"Not completed",,"Not completed",,"Not completed",,"Not completed",,"Not completed",,Completed,"2026-09-23 16:17:08",Completed,"2026-09-27 11:00:59",Completed,"2026-09-27 11:37:53",Completed,"2026-09-23 16:31:22",Completed,"2026-09-28 11:49:13","Not completed",,Completed,"2026-09-27 16:27:49","Not completed","1970-01-01 01:00:00","Not completed",,"Not completed",,"Not completed",,"Not completed",,Completed,"2026-09-28 10:58:44",Completed,"2026-09-28 11:03:35",Completed,"2026-09-28 11:28:36","Not completed","1970-01-01 01:00:00"
"MICAIAH JOSEPH",micaiahjock55@gmail.com,Completed,"2026-09-12 09:09:42",Completed,"2026-09-12 09:11:18",Completed,"2026-09-12 09:18:10",Completed,"2026-09-12 09:24:31",Completed,"2026-09-12 09:26:17",Completed,"2026-09-12 09:29:41",Completed,"2026-09-12 09:34:12",Completed,"2026-09-12 09:39:06",Completed,"2026-09-12 09:40:05",Completed,"2026-09-12 10:16:06",Completed,"2026-09-14 18:11:53",Completed,"2026-09-15 17:32:51",Completed,"2026-09-17 13:46:07",Completed,"2026-09-17 13:47:29",Completed,"2026-09-17 15:08:36","Completed (achieved pass grade)","2026-09-18 12:34:14",Completed,"2026-09-17 18:46:14",Completed,"2026-09-12 09:23:31",Completed,"2026-09-12 11:49:48",Completed,"2026-09-12 12:39:46",Completed,"2026-09-12 12:50:31",Completed,"2026-09-12 14:14:03",Completed,"2026-09-12 14:29:31",Completed,"2026-09-14 17:32:48",Completed,"2026-09-14 17:35:05",Completed,"2026-09-15 16:28:00",Completed,"2026-09-15 17:06:26",Completed,"2026-09-15 18:01:16",Completed,"2026-09-15 18:15:12",Completed,"2026-09-16 22:08:50",Completed,"2026-09-16 22:10:29",Completed,"2026-09-17 09:02:22",Completed,"2026-09-17 12:45:44"
"OYINDAMOLA JOSEPH",oyindamolateniola7@gmail.com,Completed,"2026-06-17 23:17:06",Completed,"2026-06-17 23:17:25",Completed,"2026-06-17 23:18:45",Completed,"2026-08-06 14:55:07",Completed,"2026-08-09 09:34:09",Completed,"2026-08-09 09:39:14",Completed,"2026-08-09 09:43:14",Completed,"2026-08-09 09:45:31",Completed,"2026-08-09 09:50:44",Completed,"2026-08-09 09:51:59",Completed,"2026-08-09 18:31:52",Completed,"2026-08-10 00:05:51",Completed,"2026-08-11 17:53:30",Completed,"2026-08-11 17:55:16",Completed,"2026-08-12 01:02:00","Completed (achieved pass grade)","2026-08-11 18:05:58",Completed,"2026-08-11 18:07:09",Completed,"2026-08-09 09:57:00",Completed,"2026-08-09 10:12:04",Completed,"2026-08-09 10:24:02",Completed,"2026-08-09 10:54:25",Completed,"2026-08-09 11:15:38",Completed,"2026-08-11 18:09:13",Completed,"2026-08-09 18:11:56",Completed,"2026-08-09 18:25:24",Completed,"2026-08-09 19:04:19",Completed,"2026-08-12 01:08:43",Completed,"2026-08-10 00:17:45",Completed,"2026-08-12 01:19:29",Completed,"2026-08-11 17:29:45",Completed,"2026-08-12 01:28:45",Completed,"2026-08-11 17:48:29",Completed,"2026-08-12 01:35:02"
"THEOPHILUS JUSTIN",theophilusjustin614@gmail.com,Completed,"2026-08-29 07:19:46",Completed,"2026-08-29 07:17:54",Completed,"2026-08-29 08:35:10",Completed,"2026-08-29 07:17:57",Completed,"2026-08-29 07:17:59",Completed,"2026-08-29 07:18:01",Completed,"2026-08-29 07:18:00",Completed,"2026-08-29 07:18:02",Completed,"2026-08-29 07:18:03",Completed,"2026-08-29 07:18:04","Not completed",,Completed,"2026-08-29 07:19:31","Not completed",,Completed,"2026-08-29 07:19:42","Not completed",,"Not completed",,Completed,"2026-08-29 07:19:45",Completed,"2026-08-29 08:38:36",Completed,"2026-08-29 08:48:12",Completed,"2026-08-29 13:55:46",Completed,"2026-09-02 07:33:47",Completed,"2026-09-02 07:42:07","Not completed","1970-01-01 01:00:00",Completed,"2026-09-03 06:34:49","Not completed","1970-01-01 01:00:00","Not completed",,"Not completed",,"Not completed",,"Not completed",,"Not completed",,"Not completed",,"Not completed",,"Not completed",
"NUSAIBA KABIR",kabirnusaibaado@gmail.com,Completed,"2026-09-05 02:14:11",Completed,"2026-08-30 07:04:16",Completed,"2026-08-30 07:07:47",Completed,"2026-08-30 07:30:39",Completed,"2026-08-30 07:30:40",Completed,"2026-08-30 07:30:42",Completed,"2026-08-30 07:30:44",Completed,"2026-08-30 07:30:45",Completed,"2026-08-30 07:30:46",Completed,"2026-08-30 07:30:48",Completed,"2026-08-30 19:16:17",Completed,"2026-08-31 03:23:10",Completed,"2026-09-16 02:10:07",Completed,"2026-09-16 02:12:06",Completed,"2026-09-17 21:22:10","Completed (achieved pass grade)","2026-09-16 05:18:49",Completed,"2026-08-30 07:08:57",Completed,"2026-08-30 07:13:02",Completed,"2026-08-30 07:17:17",Completed,"2026-08-30 16:31:55",Completed,"2026-08-30 18:50:41",Completed,"2026-08-30 22:11:08",Completed,"2026-08-30 07:35:47",Completed,"2026-08-30 19:10:31",Completed,"2026-08-30 19:30:25",Completed,"2026-08-31 03:17:57",Completed,"2026-09-02 07:00:56",Completed,"2026-08-31 03:21:32",Completed,"2026-09-12 15:30:22",Completed,"2026-09-04 22:27:33",Completed,"2026-09-13 03:12:47",Completed,"2026-09-15 03:07:04",Completed,"2026-09-15 21:48:59"
"REENATU KABIR",rabiatumuhammadkabir66@gmail.com,Completed,"2026-09-09 12:23:17",Completed,"2026-08-22 16:51:15",Completed,"2026-08-28 13:14:04",Completed,"2026-08-22 16:53:09",Completed,"2026-08-22 16:53:10",Completed,"2026-08-22 16:53:12",Completed,"2026-08-22 16:53:14",Completed,"2026-08-22 16:53:14",Completed,"2026-08-22 16:53:16",Completed,"2026-08-22 16:53:17",Completed,"2026-09-07 11:25:28",Completed,"2026-08-30 20:57:32",Completed,"2026-09-09 22:35:08",Completed,"2026-08-30 20:58:00",Completed,"2026-09-12 12:57:50","Completed (achieved pass grade)","2026-09-10 10:55:02",Completed,"2026-09-10 20:57:55",Completed,"2026-08-28 11:52:21",Completed,"2026-08-28 11:57:23",Completed,"2026-08-28 12:17:45",Completed,"2026-08-28 12:28:02",Completed,"2026-09-07 11:21:10",Completed,"2026-08-28 13:08:56",Completed,"2026-08-28 13:40:04",Completed,"2026-09-09 21:36:23",Completed,"2026-08-28 15:07:01",Completed,"2026-09-09 22:06:07",Completed,"2026-09-04 12:36:07",Completed,"2026-09-09 22:12:10",Completed,"2026-09-04 12:41:53",Completed,"2026-09-09 22:15:53",Completed,"2026-09-04 18:20:14",Completed,"2026-09-09 22:26:26"
"USMAN KABIRU",kabirelderusman@gmail.com,Completed,"2026-09-09 14:28:05",Completed,"2026-09-05 13:03:56",Completed,"2026-09-07 10:00:13",Completed,"2026-09-05 13:04:06",Completed,"2026-09-05 13:04:08",Completed,"2026-09-05 13:04:12",Completed,"2026-09-05 13:04:11",Completed,"2026-09-05 13:04:16",Completed,"2026-09-05 13:04:19",Completed,"2026-09-05 13:04:21",Completed,"2026-09-08 10:23:17",Completed,"2026-09-05 13:04:53",Completed,"2026-09-09 13:57:37",Completed,"2026-09-05 13:05:25",Completed,"2026-09-09 14:04:25","Completed (achieved pass grade)","2026-09-09 14:24:09",Completed,"2026-09-05 13:05:34",Completed,"2026-09-07 10:08:10",Completed,"2026-09-07 10:22:05",Completed,"2026-09-07 10:40:26",Completed,"2026-09-07 11:14:47",Completed,"2026-09-08 09:50:05",Completed,"2026-09-07 11:07:50",Completed,"2026-09-08 10:00:35",Completed,"2026-09-08 10:13:06",Completed,"2026-09-08 10:27:26",Completed,"2026-09-08 10:31:49",Completed,"2026-09-08 10:40:49",Completed,"2026-09-09 12:43:11",Completed,"2026-09-08 10:46:40",Completed,"2026-09-09 13:29:08",Completed,"2026-09-08 10:55:04",Completed,"2026-09-09 13:44:14"
"IBRAHIM KANKAROFI",ibrahimnasirkk111@gmail.com,"Not completed",,Completed,"2026-09-15 10:01:15","Not completed","1970-01-01 01:00:00",Completed,"2026-09-15 10:01:33",Completed,"2026-09-15 10:01:35",Completed,"2026-09-15 10:01:35",Completed,"2026-09-15 10:01:36",Completed,"2026-09-15 10:01:37",Completed,"2026-09-15 10:01:38",Completed,"2026-09-15 10:01:38","Not completed",,"Not completed",,"Not completed",,Completed,"2026-09-15 10:02:24","Not completed",,"Not completed",,Completed,"2026-09-15 10:02:21","Not completed",,"Not completed",,"Not completed",,"Not completed",,"Not completed",,"Not completed",,"Not completed",,"Not completed",,"Not completed",,"Not completed",,"Not completed",,"Not completed",,"Not completed",,"Not completed",,"Not completed",,"Not completed",
"GBOLAHAN KAREEM",gfaruk632@gmail.com,Completed,"2026-07-06 18:54:20",Completed,"2026-07-06 19:55:51",Completed,"2026-07-06 16:24:25",Completed,"2026-06-04 03:56:11",Completed,"2026-06-04 03:56:14",Completed,"2026-06-04 03:56:15",Completed,"2026-06-04 03:56:16",Completed,"2026-06-04 03:56:17",Completed,"2026-06-04 03:56:18",Completed,"2026-06-04 03:56:19",Completed,"2026-07-06 19:07:30",Completed,"2026-07-06 16:21:14",Completed,"2026-07-06 19:58:34",Completed,"2026-07-06 16:21:02",Completed,"2026-07-12 08:53:30","Completed (achieved pass grade)","2026-07-06 19:03:45",Completed,"2026-07-06 16:20:58",Completed,"2026-07-06 16:29:39",Completed,"2026-07-06 16:34:15",Completed,"2026-07-06 19:46:25",Completed,"2026-07-06 16:57:35",Completed,"2026-07-06 19:47:19",Completed,"2026-07-06 17:03:44",Completed,"2026-07-06 17:12:44",Completed,"2026-07-06 17:24:33",Completed,"2026-07-06 17:27:58",Completed,"2026-07-06 19:49:36",Completed,"2026-07-06 17:37:06",Completed,"2026-07-06 19:53:10",Completed,"2026-07-06 19:15:28",Completed,"2026-07-06 19:53:43",Completed,"2026-07-06 19:21:37",Completed,"2026-07-06 19:54:10"
"JESSE KATUNG",jesskatung@gmail.com,"Not completed",,Completed,"2026-06-10 16:14:32",Completed,"2026-06-10 16:16:31",Completed,"2026-06-10 16:20:26",Completed,"2026-06-10 16:27:25",Completed,"2026-06-10 16:30:01",Completed,"2026-06-15 08:20:25",Completed,"2026-06-15 08:20:27",Completed,"2026-06-15 08:20:29",Completed,"2026-06-15 08:20:31","Not completed",,"Not completed",,"Not completed",,"Not completed",,"Not completed",,"Not completed",,"Not completed",,Completed,"2026-06-15 08:25:18",Completed,"2026-06-28 18:14:09","Not completed","1970-01-01 01:00:00",Completed,"2026-06-28 18:22:39","Not completed",,"Not completed",,"Not completed",,"Not completed",,"Not completed",,"Not completed",,"Not completed",,"Not completed",,"Not completed",,"Not completed",,"Not completed",,"Not completed",
"FOLARIN KAYODE",forlarinkayode@gmail.com,Completed,"2026-06-25 13:24:52",Completed,"2026-06-25 13:29:01",Completed,"2026-06-25 13:30:41",Completed,"2026-06-25 13:34:17",Completed,"2026-06-25 13:34:38",Completed,"2026-06-25 13:40:08",Completed,"2026-06-28 23:40:51",Completed,"2026-06-29 00:07:03",Completed,"2026-06-29 00:44:27",Completed,"2026-06-29 00:48:25",Completed,"2026-07-07 10:10:36",Completed,"2026-07-24 11:24:17",Completed,"2026-07-07 11:10:36",Completed,"2026-07-07 11:10:56",Completed,"2026-07-23 18:06:27","Completed (achieved pass grade)","2026-07-23 17:43:28",Completed,"2026-07-07 11:13:37",Completed,"2026-06-29 00:56:40",Completed,"2026-06-29 01:16:53",Completed,"2026-07-23 17:24:43",Completed,"2026-06-29 01:29:42",Completed,"2026-07-23 17:24:18",Completed,"2026-07-23 17:44:49",Completed,"2026-06-29 02:12:01",Completed,"2026-07-23 17:23:59",Completed,"2026-07-07 10:13:52",Completed,"2026-07-23 17:23:44",Completed,"2026-07-07 10:19:18",Completed,"2026-07-23 17:27:11",Completed,"2026-07-07 11:04:45",Completed,"2026-07-23 17:33:14",Completed,"2026-07-07 11:08:53",Completed,"2026-07-23 17:33:50"
"MUBARAK KEHINDE",Kehindemobarak@gmail.com,Completed,"2026-09-10 22:08:48",Completed,"2026-09-09 17:02:58",Completed,"2026-09-09 17:06:01",Completed,"2026-09-09 17:07:47",Completed,"2026-09-09 17:11:15",Completed,"2026-09-09 17:11:29",Completed,"2026-09-09 17:12:14",Completed,"2026-09-09 17:12:50",Completed,"2026-09-09 17:13:26",Completed,"2026-09-09 17:15:03",Completed,"2026-09-10 14:41:45",Completed,"2026-09-10 19:54:34",Completed,"2026-09-10 21:18:49",Completed,"2026-09-10 21:19:50",Completed,"2026-09-10 21:40:59","Completed (achieved pass grade)","2026-09-10 22:05:32",Completed,"2026-09-10 21:14:42",Completed,"2026-09-09 17:21:59",Completed,"2026-09-09 17:26:12",Completed,"2026-09-09 17:37:45",Completed,"2026-09-09 17:50:23",Completed,"2026-09-09 17:56:04",Completed,"2026-09-10 22:07:28",Completed,"2026-09-09 22:10:17",Completed,"2026-09-09 22:23:08",Completed,"2026-09-10 14:45:35",Completed,"2026-09-10 15:04:29",Completed,"2026-09-10 15:14:33",Completed,"2026-09-10 20:23:39",Completed,"2026-09-10 20:34:27",Completed,"2026-09-10 20:46:46",Completed,"2026-09-10 20:59:24",Completed,"2026-09-10 21:06:28"
"EMMANUEL KIYICHUKWU",emmanuelkiyichukwu21@gmail.com,Completed,"2026-06-04 11:31:23",Completed,"2026-06-04 11:27:42",Completed,"2026-06-04 11:30:56",Completed,"2026-06-04 11:27:50",Completed,"2026-06-04 11:27:53",Completed,"2026-06-04 11:31:54",Completed,"2026-06-04 11:31:55",Completed,"2026-06-04 11:31:57",Completed,"2026-06-04 11:31:58",Completed,"2026-06-04 11:32:00",Completed,"2026-06-09 16:19:31",Completed,"2026-06-04 11:39:00",Completed,"2026-06-09 17:04:22",Completed,"2026-06-04 11:38:42",Completed,"2026-06-09 16:56:39","Completed (achieved pass grade)","2026-07-05 09:40:28",Completed,"2026-06-09 17:02:33",Completed,"2026-06-04 11:35:39",Completed,"2026-06-04 11:42:11",Completed,"2026-06-09 00:30:14",Completed,"2026-06-09 00:33:56",Completed,"2026-06-09 00:42:09",Completed,"2026-06-09 00:43:02",Completed,"2026-06-09 00:45:57",Completed,"2026-06-09 00:58:56",Completed,"2026-06-09 01:02:44",Completed,"2026-06-09 16:29:09",Completed,"2026-06-09 16:18:05",Completed,"2026-06-09 16:30:25",Completed,"2026-06-09 16:21:23",Completed,"2026-06-09 16:34:42",Completed,"2026-06-09 16:23:09",Completed,"2026-06-09 16:49:45"
"KAZEEM KOLAWOLE",kazillousdoyin12@gmail.com,Completed,"2026-09-22 11:56:37",Completed,"2026-09-22 11:54:35",Completed,"2026-09-22 12:05:07",Completed,"2026-09-22 12:09:57",Completed,"2026-09-22 12:13:10",Completed,"2026-09-22 12:15:20",Completed,"2026-09-22 12:16:39",Completed,"2026-09-22 12:17:39",Completed,"2026-09-22 12:18:33",Completed,"2026-09-22 12:22:20","Not completed",,"Not completed",,"Not completed",,"Not completed",,"Not completed",,"Not completed",,"Not completed",,Completed,"2026-09-22 12:30:32",Completed,"2026-09-22 12:54:57","Not completed","1970-01-01 01:00:00","Not completed",,"Not completed",,"Not completed",,"Not completed",,"Not completed",,"Not completed",,"Not completed",,"Not completed",,"Not completed",,"Not completed",,"Not completed",,"Not completed",,"Not completed",
"ABIOLA KUTELU",kuteluabiola@gmail.com,Completed,"2026-09-07 12:45:20",Completed,"2026-09-07 12:46:41","Not completed","1970-01-01 01:00:00","Not completed",,"Not completed",,"Not completed",,"Not completed",,"Not completed",,"Not completed",,"Not completed",,"Not completed",,"Not completed",,"Not completed",,"Not completed",,"Not completed",,"Not completed",,"Not completed",,"Not completed",,"Not completed",,"Not completed",,"Not completed",,"Not completed",,"Not completed",,"Not completed",,"Not completed",,"Not completed",,"Not completed",,"Not completed",,"Not completed",,"Not completed",,"Not completed",,"Not completed",,"Not completed",
"ABUBAKAR LAWAL",abbakarlawn@gmail.com,Completed,"2026-09-15 11:21:42",Completed,"2026-09-15 11:18:47",Completed,"2026-09-15 11:27:41",Completed,"2026-09-15 11:19:02",Completed,"2026-09-15 11:19:04",Completed,"2026-09-15 11:19:06",Completed,"2026-09-15 11:19:07",Completed,"2026-09-15 11:19:09",Completed,"2026-09-15 12:08:25",Completed,"2026-09-15 11:19:11","Not completed",,Completed,"2026-09-15 11:20:03",Completed,"2026-09-15 12:44:35",Completed,"2026-09-15 12:44:44","Not completed",,"Completed (achieved pass grade)","2026-09-15 12:54:32",Completed,"2026-09-15 11:20:35",Completed,"2026-09-15 11:37:35",Completed,"2026-09-15 11:44:58",Completed,"2026-09-16 12:14:53",Completed,"2026-09-15 12:05:01",Completed,"2026-09-16 14:03:45",Completed,"2026-09-15 12:57:25",Completed,"2026-09-15 12:21:21",Completed,"2026-09-22 12:53:21",Completed,"2026-09-15 12:25:37",Completed,"2026-09-22 12:09:27",Completed,"2026-09-15 12:30:48",Completed,"2026-09-22 12:39:14",Completed,"2026-09-15 12:35:49","Not completed","1970-01-01 01:00:00",Completed,"2026-09-15 12:41:12","Not completed","1970-01-01 01:00:00"
"HABEEB LAWAL",habeeblawal2020@gmail.com,Completed,"2026-09-17 17:44:42",Completed,"2026-09-17 13:23:11",Completed,"2026-09-17 13:25:38",Completed,"2026-09-17 13:23:28",Completed,"2026-09-17 13:23:29",Completed,"2026-09-17 13:23:30",Completed,"2026-09-17 13:23:30",Completed,"2026-09-17 13:23:31",Completed,"2026-09-17 13:23:34",Completed,"2026-09-17 13:23:35",Completed,"2026-09-17 15:13:17",Completed,"2026-09-17 15:34:51",Completed,"2026-09-17 17:05:47",Completed,"2026-09-17 17:06:10",Completed,"2026-09-17 17:29:35","Completed (achieved pass grade)","2026-09-17 17:42:41",Completed,"2026-09-17 17:35:00",Completed,"2026-09-17 13:29:50",Completed,"2026-09-17 13:39:20",Completed,"2026-09-17 13:59:02",Completed,"2026-09-17 14:09:58",Completed,"2026-09-17 14:29:24",Completed,"2026-09-17 17:44:00",Completed,"2026-09-17 14:47:42",Completed,"2026-09-17 15:05:52",Completed,"2026-09-17 15:16:25",Completed,"2026-09-17 15:27:22",Completed,"2026-09-17 15:39:09",Completed,"2026-09-17 15:49:57",Completed,"2026-09-17 15:56:39",Completed,"2026-09-17 16:18:16",Completed,"2026-09-17 16:26:19",Completed,"2026-09-17 16:57:06"
"IMRAN LAWAL",imranlawal785@gmail.com,Completed,"2026-09-23 18:22:25",Completed,"2026-09-23 18:23:41",Completed,"2026-09-23 18:27:56",Completed,"2026-09-27 11:43:39",Completed,"2026-09-27 11:44:52",Completed,"2026-09-27 11:52:43",Completed,"2026-09-27 12:01:17","Not completed",,"Not completed",,"Not completed",,"Not completed",,"Not completed",,"Not completed",,"Not completed",,"Not completed",,"Not completed",,"Not completed",,"Not completed",,"Not completed",,"Not completed",,"Not completed",,"Not completed",,"Not completed",,"Not completed",,"Not completed",,"Not completed",,"Not completed",,"Not completed",,"Not completed",,"Not completed",,"Not completed",,"Not completed",,"Not completed",
"YUSUF LAWALI",yusuflawalibmh@gmail.com,Completed,"2026-08-28 22:25:43",Completed,"2026-08-28 22:25:54",Completed,"2026-08-28 22:28:29",Completed,"2026-08-28 22:45:17",Completed,"2026-08-28 22:45:18",Completed,"2026-08-28 22:45:19",Completed,"2026-08-28 22:45:19",Completed,"2026-08-28 22:45:20",Completed,"2026-08-28 22:45:21",Completed,"2026-08-28 22:45:21",Completed,"2026-08-28 23:47:17",Completed,"2026-08-28 22:45:57",Completed,"2026-08-28 23:55:49",Completed,"2026-08-28 22:46:09",Completed,"2026-08-28 23:56:19","Completed (achieved pass grade)","2026-08-28 23:37:13",Completed,"2026-08-28 22:46:20",Completed,"2026-08-28 22:33:34",Completed,"2026-08-28 22:37:25",Completed,"2026-08-28 23:22:55",Completed,"2026-08-28 22:43:09",Completed,"2026-08-28 23:25:02",Completed,"2026-08-28 22:44:39",Completed,"2026-08-28 23:42:13",Completed,"2026-08-28 23:45:26",Completed,"2026-08-28 22:48:25",Completed,"2026-08-28 23:27:07",Completed,"2026-08-28 22:50:39",Completed,"2026-08-28 23:29:00",Completed,"2026-08-28 22:53:55",Completed,"2026-08-28 23:48:22",Completed,"2026-08-28 22:57:36",Completed,"2026-08-28 23:15:41"
"ABDUSSALAM LAWAN",abdussalamyahuzaimam@gmail.com,Completed,"2026-09-15 12:37:40",Completed,"2026-09-15 12:37:24",Completed,"2026-09-18 09:28:13",Completed,"2026-09-18 09:31:37",Completed,"2026-09-18 09:31:38",Completed,"2026-09-18 09:31:39",Completed,"2026-09-18 09:31:40",Completed,"2026-09-18 09:31:40",Completed,"2026-09-18 09:31:41",Completed,"2026-09-18 09:31:42","Not completed",,"Not completed",,"Not completed",,"Not completed",,"Not completed",,"Not completed",,"Not completed",,Completed,"2026-09-18 09:41:04",Completed,"2026-09-18 09:47:59",Completed,"2026-09-18 11:02:49",Completed,"2026-09-18 11:16:48",Completed,"2026-09-18 11:43:03","Not completed",,Completed,"2026-09-18 11:55:52",Completed,"2026-09-22 09:49:13",Completed,"2026-09-22 10:22:55","Not completed","1970-01-01 01:00:00","Not completed",,"Not completed",,"Not completed",,"Not completed",,"Not completed",,"Not completed",
"SALAHUDDIN LAWAN",salahuddinlawan066@gmail.com,Completed,"2026-09-09 15:33:21",Completed,"2026-09-08 15:20:55",Completed,"2026-09-09 11:30:26",Completed,"2026-09-09 11:31:05",Completed,"2026-09-09 11:31:06",Completed,"2026-09-09 11:31:09",Completed,"2026-09-09 11:31:11",Completed,"2026-09-09 11:31:13",Completed,"2026-09-09 11:31:15",Completed,"2026-09-09 15:58:26",Completed,"2026-09-09 13:38:58",Completed,"2026-09-09 15:32:56",Completed,"2026-09-10 12:00:54",Completed,"2026-09-09 15:33:12",Completed,"2026-09-10 11:56:51","Completed (achieved pass grade)","2026-09-10 11:24:30",Completed,"2026-09-09 15:33:18",Completed,"2026-09-09 11:35:29",Completed,"2026-09-09 11:40:50",Completed,"2026-09-09 11:45:00",Completed,"2026-09-09 11:54:17",Completed,"2026-09-09 12:03:36",Completed,"2026-09-10 10:27:57",Completed,"2026-09-09 12:12:59",Completed,"2026-09-09 12:35:28",Completed,"2026-09-09 15:23:18",Completed,"2026-09-10 11:09:32",Completed,"2026-09-09 15:26:02",Completed,"2026-09-10 11:27:13",Completed,"2026-09-09 15:28:53",Completed,"2026-09-10 11:40:51",Completed,"2026-09-09 15:30:55",Completed,"2026-09-10 11:48:48"
"UMAR LAWAN",umarlawanusman77@gmail.com,Completed,"2026-09-20 16:23:29",Completed,"2026-09-20 16:23:32",Completed,"2026-09-20 16:30:00",Completed,"2026-09-20 16:23:43",Completed,"2026-09-20 16:23:43",Completed,"2026-09-20 16:23:42",Completed,"2026-09-20 16:23:41",Completed,"2026-09-20 16:23:41",Completed,"2026-09-20 16:23:39",Completed,"2026-09-20 16:23:39",Completed,"2026-09-21 17:19:27",Completed,"2026-09-20 16:24:27",Completed,"2026-09-25 00:26:43",Completed,"2026-09-20 16:25:08",Completed,"2026-09-22 20:19:01","Completed (achieved pass grade)","2026-09-21 16:20:17",Completed,"2026-09-27 07:45:29",Completed,"2026-09-20 16:36:25",Completed,"2026-09-20 16:40:45",Completed,"2026-09-20 16:43:07","Not completed","1970-01-01 01:00:00",Completed,"2026-09-27 08:03:10",Completed,"2026-09-21 16:06:21",Completed,"2026-09-21 16:48:41",Completed,"2026-09-21 16:52:56",Completed,"2026-09-21 20:46:45",Completed,"2026-09-22 20:00:54",Completed,"2026-09-22 20:17:13",Completed,"2026-09-27 00:14:29",Completed,"2026-09-26 23:55:53",Completed,"2026-09-27 00:00:55",Completed,"2026-09-25 00:30:30",Completed,"2026-09-25 00:34:51"
"OLUWANIFEMI LIADI",independentjoseph1@gmail.com,"Not completed",,Completed,"2026-08-09 13:27:30","Not completed",,"Not completed",,"Not completed",,"Not completed",,"Not completed",,"Not completed",,"Not completed",,"Not completed",,"Not completed",,"Not completed",,"Not completed",,"Not completed",,"Not completed",,"Not completed",,"Not completed",,"Not completed",,"Not completed",,"Not completed",,"Not completed",,"Not completed",,"Not completed",,"Not completed",,"Not completed",,"Not completed",,"Not completed",,"Not completed",,"Not completed",,"Not completed",,"Not completed",,"Not completed",,"Not completed",
"ABDULRAZAK MAGAJI",magajiabdulrazak880@gmail.com,Completed,"2026-08-21 10:51:57",Completed,"2026-08-16 18:25:11",Completed,"2026-08-16 18:26:53",Completed,"2026-08-16 18:27:18",Completed,"2026-08-16 18:27:20",Completed,"2026-08-16 18:27:21",Completed,"2026-08-16 18:27:22",Completed,"2026-08-16 18:27:23",Completed,"2026-08-16 18:27:24",Completed,"2026-08-16 18:27:25",Completed,"2026-08-16 19:20:58",Completed,"2026-08-17 15:09:09",Completed,"2026-08-17 14:27:35",Completed,"2026-08-18 14:03:18",Completed,"2026-08-17 10:36:42","Completed (achieved pass grade)","2026-09-10 13:53:52",Completed,"2026-08-17 18:21:23",Completed,"2026-08-16 18:29:26",Completed,"2026-08-16 18:30:57",Completed,"2026-08-16 18:38:02",Completed,"2026-08-16 18:47:58",Completed,"2026-08-16 18:53:22",Completed,"2026-08-17 10:18:35",Completed,"2026-08-16 19:07:43",Completed,"2026-08-16 19:14:10",Completed,"2026-08-16 19:23:59",Completed,"2026-08-17 08:00:41",Completed,"2026-08-17 08:24:38",Completed,"2026-08-17 08:35:25",Completed,"2026-08-17 14:30:23",Completed,"2026-08-17 14:38:09",Completed,"2026-08-17 14:45:18",Completed,"2026-08-17 14:49:39"
"HASSAN MAGAJI",hassansunnah0@gmail.com,Completed,"2026-06-08 08:07:47",Completed,"2026-06-08 08:11:51","Not completed","1970-01-01 01:00:00",Completed,"2026-06-11 06:35:41",Completed,"2026-06-11 06:36:30",Completed,"2026-06-11 06:43:58",Completed,"2026-06-11 06:53:45",Completed,"2026-06-11 07:04:01",Completed,"2026-06-11 07:06:14",Completed,"2026-06-11 07:11:28","Not completed",,"Not completed",,"Not completed","1970-01-01 01:00:00",Completed,"2026-06-11 07:36:44","Not completed",,"Not completed",,Completed,"2026-06-11 07:48:21","Not completed","1970-01-01 01:00:00","Not completed","1970-01-01 01:00:00","Not completed","1970-01-01 01:00:00","Not completed",,"Not completed",,"Not completed",,"Not completed",,"Not completed",,"Not completed",,"Not completed",,"Not completed",,"Not completed",,"Not completed",,"Not completed",,"Not completed",,"Not completed",
"SAIFULLAHI MAGAJI",smagajishuaibu@gmail.com,Completed,"2026-09-08 11:19:13",Completed,"2026-09-08 11:17:58",Completed,"2026-09-08 11:28:02",Completed,"2026-09-08 11:32:08",Completed,"2026-09-08 11:47:55",Completed,"2026-09-08 11:59:26",Completed,"2026-09-08 12:10:35",Completed,"2026-09-08 12:15:07",Completed,"2026-09-08 12:40:23",Completed,"2026-09-08 12:41:21","Not completed",,"Not completed",,Completed,"2026-09-11 10:40:54",Completed,"2026-09-11 10:46:25","Not completed",,"Not completed","1970-01-01 01:00:00","Not completed",,Completed,"2026-09-08 12:47:01",Completed,"2026-09-08 12:52:49","Not completed","1970-01-01 01:00:00",Completed,"2026-09-08 13:10:52","Not completed","1970-01-01 01:00:00",Completed,"2026-09-08 13:15:38",Completed,"2026-09-11 09:59:21","Not completed","1970-01-01 01:00:00",Completed,"2026-09-11 10:04:15","Not completed","1970-01-01 01:00:00",Completed,"2026-09-11 10:08:45","Not completed","1970-01-01 01:00:00",Completed,"2026-09-11 10:18:24","Not completed","1970-01-01 01:00:00",Completed,"2026-09-11 10:24:03","Not completed","1970-01-01 01:00:00"
"HASSAN MAHMUD",mahmudadamh@gmail.com,Completed,"2026-09-11 08:38:05",Completed,"2026-09-11 08:38:15",Completed,"2026-09-14 20:54:02",Completed,"2026-09-11 08:37:06",Completed,"2026-09-11 08:37:06",Completed,"2026-09-11 08:37:08",Completed,"2026-09-11 08:37:08",Completed,"2026-09-11 08:37:10",Completed,"2026-09-11 08:37:10",Completed,"2026-09-11 08:37:11",Completed,"2026-09-16 10:09:53",Completed,"2026-09-11 08:37:36",Completed,"2026-09-16 12:01:47",Completed,"2026-09-11 08:37:58",Completed,"2026-09-16 12:29:52","Completed (achieved pass grade)","2026-09-16 12:09:20",Completed,"2026-09-11 08:38:02",Completed,"2026-09-14 21:05:58",Completed,"2026-09-14 21:09:19",Completed,"2026-09-16 11:03:28",Completed,"2026-09-14 21:14:57",Completed,"2026-09-16 11:08:36",Completed,"2026-09-16 12:21:37",Completed,"2026-09-16 10:00:09",Completed,"2026-09-16 11:20:37",Completed,"2026-09-16 10:13:24",Completed,"2026-09-16 11:27:57",Completed,"2026-09-16 10:17:00",Completed,"2026-09-16 11:36:05",Completed,"2026-09-16 10:21:34",Completed,"2026-09-16 11:45:19",Completed,"2026-09-16 10:25:14",Completed,"2026-09-16 11:53:51"
"MUSA MAHMUD",musaamahmud14@gmail.com,Completed,"2026-09-03 08:15:28",Completed,"2026-09-03 08:17:11",Completed,"2026-09-03 20:59:32",Completed,"2026-09-03 08:18:34",Completed,"2026-09-03 08:19:04",Completed,"2026-09-03 21:00:31",Completed,"2026-09-03 21:00:32",Completed,"2026-09-03 21:00:35",Completed,"2026-09-03 21:00:35",Completed,"2026-09-03 21:00:38",Completed,"2026-09-18 11:46:59",Completed,"2026-09-18 11:07:29",Completed,"2026-09-11 11:17:58",Completed,"2026-09-11 11:23:29","Not completed",,"Completed (achieved pass grade)","2026-09-18 12:11:30",Completed,"2026-09-11 11:24:20",Completed,"2026-09-04 11:55:52",Completed,"2026-09-04 11:59:24",Completed,"2026-09-04 12:17:32",Completed,"2026-09-04 12:29:11",Completed,"2026-09-13 20:42:13",Completed,"2026-09-18 17:38:29",Completed,"2026-09-11 11:02:14",Completed,"2026-09-18 11:31:41",Completed,"2026-09-11 11:05:27",Completed,"2026-09-18 11:45:24",Completed,"2026-09-11 11:08:27",Completed,"2026-09-18 11:57:57",Completed,"2026-09-11 11:11:35",Completed,"2026-09-18 17:43:33",Completed,"2026-09-11 11:15:18","Not completed","1970-01-01 01:00:00"
"BASHIR MAIWADA",bbmaiwada@gmail.com,Completed,"2026-08-24 00:49:02",Completed,"2026-08-24 00:09:18",Completed,"2026-08-24 00:13:30",Completed,"2026-08-24 00:09:13",Completed,"2026-08-24 00:09:22",Completed,"2026-08-24 00:09:23",Completed,"2026-08-24 00:09:25",Completed,"2026-08-24 00:09:27",Completed,"2026-08-24 00:09:28",Completed,"2026-08-24 00:09:30",Completed,"2026-08-24 01:21:16",Completed,"2026-08-24 00:09:45",Completed,"2026-08-24 01:51:59",Completed,"2026-08-24 00:09:58",Completed,"2026-08-24 01:53:38","Completed (achieved pass grade)","2026-08-24 02:01:17",Completed,"2026-08-24 00:10:01",Completed,"2026-08-24 00:53:33",Completed,"2026-08-24 00:56:25",Completed,"2026-08-24 00:58:04",Completed,"2026-08-24 01:06:34",Completed,"2026-08-24 01:07:38",Completed,"2026-08-24 02:02:32",Completed,"2026-08-24 01:14:52",Completed,"2026-08-24 01:16:17",Completed,"2026-08-24 01:23:18",Completed,"2026-08-24 01:24:29",Completed,"2026-08-24 01:31:00",Completed,"2026-08-24 01:31:57",Completed,"2026-08-24 01:39:33",Completed,"2026-08-24 01:40:28",Completed,"2026-08-24 01:46:02",Completed,"2026-08-24 01:46:59"
"ABUBAKAR MALAMI",sadiqhashimmalami@gmail.com,Completed,"2026-09-07 13:41:59",Completed,"2026-09-07 13:42:09",Completed,"2026-09-07 13:50:27",Completed,"2026-09-07 13:42:41",Completed,"2026-09-07 13:42:52",Completed,"2026-09-07 13:42:56",Completed,"2026-09-07 13:43:00",Completed,"2026-09-07 13:43:04",Completed,"2026-09-07 13:43:08",Completed,"2026-09-07 13:43:15",Completed,"2026-09-07 14:14:59",Completed,"2026-09-07 14:02:52",Completed,"2026-09-07 14:25:41",Completed,"2026-09-07 13:45:33",Completed,"2026-09-07 14:37:36","Completed (achieved pass grade)","2026-09-07 14:33:40",Completed,"2026-09-07 13:45:52",Completed,"2026-09-07 13:57:11",Completed,"2026-09-07 14:02:15",Completed,"2026-09-07 14:39:17",Completed,"2026-09-07 14:10:40",Completed,"2026-09-07 14:41:17",Completed,"2026-09-07 14:34:47",Completed,"2026-09-07 14:14:31",Completed,"2026-09-07 14:43:39",Completed,"2026-09-07 14:17:49",Completed,"2026-09-07 14:45:45",Completed,"2026-09-07 14:20:37",Completed,"2026-09-07 14:47:09",Completed,"2026-09-07 14:22:10",Completed,"2026-09-07 14:48:51",Completed,"2026-09-07 14:23:39",Completed,"2026-09-07 14:50:24"
"YAHAYA MANJO",abdullahimanjoyahaya@gmail.com,"Not completed",,Completed,"2026-09-04 10:46:28",Completed,"2026-09-04 10:50:39",Completed,"2026-09-04 10:46:33",Completed,"2026-09-04 10:46:34",Completed,"2026-09-04 10:46:35",Completed,"2026-09-04 10:46:36",Completed,"2026-09-04 10:46:37",Completed,"2026-09-04 10:46:37",Completed,"2026-09-04 10:46:39","Not completed","1970-01-01 01:00:00",Completed,"2026-09-04 10:57:17",Completed,"2026-09-22 07:15:44",Completed,"2026-09-06 20:00:39","Not completed",,"Completed (achieved pass grade)","2026-09-11 11:22:26",Completed,"2026-09-04 10:57:32",Completed,"2026-09-04 10:55:14",Completed,"2026-09-04 11:29:02","Not completed","1970-01-01 01:00:00",Completed,"2026-09-11 11:06:41","Not completed",,Completed,"2026-09-04 11:16:04","Not completed",,"Not completed",,"Not completed",,"Not completed",,"Not completed",,"Not completed",,"Not completed",,"Not completed",,"Not completed","1970-01-01 01:00:00","Not completed","1970-01-01 01:00:00"
"AHMAD MANYA",ahmadymanya@gmail.com,Completed,"2026-09-06 12:42:22",Completed,"2026-09-06 12:42:22",Completed,"2026-09-06 13:06:02",Completed,"2026-09-06 12:42:22",Completed,"2026-09-06 12:42:23",Completed,"2026-09-06 12:42:22",Completed,"2026-09-06 12:42:22",Completed,"2026-09-06 12:42:22",Completed,"2026-09-06 12:42:22",Completed,"2026-09-06 12:42:22",Completed,"2026-09-07 11:26:58",Completed,"2026-09-06 12:42:25",Completed,"2026-09-14 11:57:22",Completed,"2026-09-06 12:42:22","Not completed",,"Completed (achieved pass grade)","2026-09-14 12:03:02",Completed,"2026-09-06 12:42:23",Completed,"2026-09-06 13:10:55",Completed,"2026-09-06 12:57:47","Not completed","1970-01-01 01:00:00",Completed,"2026-09-06 13:16:51",Completed,"2026-09-28 11:59:45",Completed,"2026-09-07 10:53:50",Completed,"2026-09-14 11:33:03","Not completed","1970-01-01 01:00:00",Completed,"2026-09-14 11:36:50",Completed,"2026-09-28 11:42:06",Completed,"2026-09-14 11:39:53",Completed,"2026-09-28 11:30:44",Completed,"2026-09-14 11:52:30","Not completed","1970-01-01 01:00:00",Completed,"2026-09-14 11:55:09","Not completed","1970-01-01 01:00:00"
"DEBORAH MARTINS",debbymartins79@gmail.com,Completed,"2026-06-28 12:27:34",Completed,"2026-06-07 15:34:26",Completed,"2026-06-07 15:42:10",Completed,"2026-06-07 15:51:24",Completed,"2026-06-07 15:58:06",Completed,"2026-06-07 16:06:56",Completed,"2026-06-07 16:15:04",Completed,"2026-06-07 16:31:49",Completed,"2026-06-07 16:45:53",Completed,"2026-06-07 16:48:28",Completed,"2026-06-11 08:15:55",Completed,"2026-06-11 22:32:52",Completed,"2026-06-13 23:45:36",Completed,"2026-06-13 23:48:52",Completed,"2026-06-14 00:10:01","Completed (achieved pass grade)","2026-07-05 09:40:28",Completed,"2026-06-14 00:17:41",Completed,"2026-06-07 16:56:31",Completed,"2026-06-07 21:48:13",Completed,"2026-06-13 21:11:19",Completed,"2026-06-07 22:26:43",Completed,"2026-06-13 21:20:37",Completed,"2026-06-14 00:23:27",Completed,"2026-06-11 08:00:21",Completed,"2026-06-13 21:27:36",Completed,"2026-06-11 21:30:04",Completed,"2026-06-13 22:13:02",Completed,"2026-06-11 22:49:58",Completed,"2026-06-13 22:58:30",Completed,"2026-06-11 23:26:03",Completed,"2026-06-13 23:32:01",Completed,"2026-06-11 23:51:06",Completed,"2026-06-13 23:43:37"
"AMARACHI MBELU",goldenmbelu@gmail.com,"Not completed",,Completed,"2026-07-09 20:02:38",Completed,"2026-07-09 19:44:47",Completed,"2026-07-09 20:05:13",Completed,"2026-07-09 20:05:14",Completed,"2026-07-09 20:05:15",Completed,"2026-07-09 20:05:17",Completed,"2026-07-09 20:05:19",Completed,"2026-07-09 20:05:19",Completed,"2026-07-09 20:05:20","Not completed",,"Not completed",,"Not completed",,"Not completed",,"Not completed",,"Not completed",,"Not completed",,"Not completed",,"Not completed",,"Not completed",,"Not completed",,"Not completed",,"Not completed",,"Not completed",,"Not completed",,"Not completed",,"Not completed",,"Not completed",,"Not completed",,"Not completed",,"Not completed",,"Not completed",,"Not completed",
"OSEMUDIAMEN MILLER",osemudiamenmiller@gmail.com,Completed,"2026-09-23 09:38:24",Completed,"2026-09-23 09:39:54",Completed,"2026-09-23 09:50:43",Completed,"2026-09-23 09:52:01",Completed,"2026-09-23 10:33:35",Completed,"2026-09-23 10:36:22",Completed,"2026-09-23 10:41:33",Completed,"2026-09-23 10:47:54",Completed,"2026-09-23 11:21:54",Completed,"2026-09-23 11:22:54",Completed,"2026-09-23 16:05:41",Completed,"2026-09-24 12:21:35",Completed,"2026-09-28 11:22:24",Completed,"2026-09-28 11:24:08",Completed,"2026-09-28 11:53:24","Not completed","1970-01-01 01:00:00","Not completed",,Completed,"2026-09-23 11:46:54",Completed,"2026-09-23 11:57:26",Completed,"2026-09-23 12:15:12",Completed,"2026-09-23 12:57:23",Completed,"2026-09-23 13:12:06","Not completed",,Completed,"2026-09-23 15:48:37",Completed,"2026-09-23 15:58:02",Completed,"2026-09-24 11:23:05",Completed,"2026-09-24 12:04:18",Completed,"2026-09-24 12:30:58",Completed,"2026-09-24 13:31:34",Completed,"2026-09-24 14:06:16",Completed,"2026-09-28 10:07:56",Completed,"2026-09-28 10:22:31",Completed,"2026-09-28 11:12:44"
"SULEIMAN MODI",suleimanmodi2015@gmail.com,Completed,"2026-09-17 18:09:14",Completed,"2026-09-17 18:08:03",Completed,"2026-09-18 09:56:25",Completed,"2026-09-17 18:08:11",Completed,"2026-09-17 18:08:12",Completed,"2026-09-17 18:08:14",Completed,"2026-09-17 18:08:15",Completed,"2026-09-17 18:08:16",Completed,"2026-09-17 18:08:18",Completed,"2026-09-17 18:08:19",Completed,"2026-09-18 16:35:07",Completed,"2026-09-17 18:08:50",Completed,"2026-09-18 17:22:47",Completed,"2026-09-17 18:09:08",Completed,"2026-09-18 17:24:10","Completed (achieved pass grade)","2026-09-18 17:37:59",Completed,"2026-09-17 18:09:11",Completed,"2026-09-18 10:02:51",Completed,"2026-09-18 10:08:37",Completed,"2026-09-18 11:02:01",Completed,"2026-09-18 10:15:26",Completed,"2026-09-18 10:25:52",Completed,"2026-09-18 10:24:25",Completed,"2026-09-18 16:17:44",Completed,"2026-09-18 16:20:41",Completed,"2026-09-18 16:42:49",Completed,"2026-09-18 16:45:25",Completed,"2026-09-18 16:53:53",Completed,"2026-09-18 16:55:11",Completed,"2026-09-18 17:03:45",Completed,"2026-09-18 17:05:11",Completed,"2026-09-18 17:11:12",Completed,"2026-09-18 17:12:34"
"ANDREW MOGBOLU",andrewmogbolu2@gmail.com,Completed,"2026-06-02 12:59:58",Completed,"2026-06-02 13:00:07",Completed,"2026-06-02 21:53:24",Completed,"2026-06-02 13:00:22",Completed,"2026-06-02 13:00:24",Completed,"2026-06-02 13:00:25",Completed,"2026-06-02 13:00:27",Completed,"2026-06-02 13:00:28",Completed,"2026-06-02 13:00:30",Completed,"2026-06-02 13:00:32",Completed,"2026-06-02 22:05:30",Completed,"2026-06-02 22:03:07",Completed,"2026-06-09 14:14:59",Completed,"2026-06-02 22:03:58",Completed,"2026-06-09 14:34:46","Completed (achieved pass grade)","2026-07-05 09:40:28",Completed,"2026-06-02 22:09:16",Completed,"2026-06-02 15:07:31",Completed,"2026-06-02 15:12:59",Completed,"2026-06-02 15:37:22",Completed,"2026-06-02 15:47:43",Completed,"2026-06-02 15:56:34",Completed,"2026-06-02 16:02:32",Completed,"2026-06-02 16:10:56",Completed,"2026-06-04 10:09:49",Completed,"2026-06-02 16:30:12",Completed,"2026-06-04 10:39:30",Completed,"2026-06-02 16:34:49",Completed,"2026-06-05 10:28:07",Completed,"2026-06-02 16:38:16",Completed,"2026-06-05 10:36:04",Completed,"2026-06-02 16:41:51",Completed,"2026-06-05 10:44:44"
"ABDULMAJID MOHAMMED",Kawukawu0@gmail.com,Completed,"2026-09-11 09:54:54",Completed,"2026-09-09 09:40:52",Completed,"2026-09-09 09:50:04",Completed,"2026-09-09 09:57:03",Completed,"2026-09-09 09:57:06",Completed,"2026-09-09 09:57:09",Completed,"2026-09-09 09:57:11",Completed,"2026-09-09 09:57:12",Completed,"2026-09-09 09:57:14",Completed,"2026-09-09 09:57:19",Completed,"2026-09-09 10:16:27",Completed,"2026-09-09 10:18:28",Completed,"2026-09-09 10:39:05",Completed,"2026-09-09 10:22:12",Completed,"2026-09-12 20:18:54","Completed (achieved pass grade)","2026-09-09 10:31:21",Completed,"2026-09-09 10:32:06",Completed,"2026-09-08 10:15:06",Completed,"2026-09-08 10:31:54",Completed,"2026-09-11 18:05:39",Completed,"2026-09-08 14:24:37",Completed,"2026-09-11 18:11:42",Completed,"2026-09-09 10:10:45",Completed,"2026-09-09 10:49:51",Completed,"2026-09-12 20:01:06",Completed,"2026-09-09 10:55:01",Completed,"2026-09-12 20:05:52",Completed,"2026-09-09 10:59:39",Completed,"2026-09-12 20:09:41",Completed,"2026-09-09 11:05:19",Completed,"2026-09-12 20:12:47",Completed,"2026-09-09 11:09:37",Completed,"2026-09-12 20:15:29"
"ADAM MOHAMMED",adammyakub6@gmail.com,Completed,"2026-09-15 14:35:01",Completed,"2026-09-15 14:37:07",Completed,"2026-09-15 14:41:45",Completed,"2026-09-15 15:01:11",Completed,"2026-09-15 15:06:28",Completed,"2026-09-15 15:06:56",Completed,"2026-09-15 15:09:53",Completed,"2026-09-15 15:10:07",Completed,"2026-09-15 15:10:31",Completed,"2026-09-15 15:10:57",Completed,"2026-09-16 14:51:07",Completed,"2026-09-24 14:14:33",Completed,"2026-09-18 18:25:39",Completed,"2026-09-18 18:26:20",Completed,"2026-09-24 14:37:49","Completed (achieved pass grade)","2026-09-18 18:21:38",Completed,"2026-09-24 14:29:00",Completed,"2026-09-15 15:17:51",Completed,"2026-09-15 15:22:47",Completed,"2026-09-15 17:20:22",Completed,"2026-09-15 17:39:37",Completed,"2026-09-15 22:59:15",Completed,"2026-09-18 18:30:38",Completed,"2026-09-16 14:33:36",Completed,"2026-09-22 15:04:10",Completed,"2026-09-16 15:10:42",Completed,"2026-09-22 15:38:04",Completed,"2026-09-18 17:52:01",Completed,"2026-09-25 15:33:14",Completed,"2026-09-18 17:59:19",Completed,"2026-09-24 15:54:19",Completed,"2026-09-18 18:05:36",Completed,"2026-09-24 15:15:47"
"AHMAD MOHD",ahmadkiru1991@gmail.com,Completed,"2026-09-18 13:55:00",Completed,"2026-09-18 13:54:06",Completed,"2026-09-18 14:00:28",Completed,"2026-09-18 13:54:15",Completed,"2026-09-18 13:54:16",Completed,"2026-09-18 13:54:16",Completed,"2026-09-18 13:54:19",Completed,"2026-09-18 13:54:19",Completed,"2026-09-18 13:54:20",Completed,"2026-09-18 13:54:20",Completed,"2026-09-18 16:46:32",Completed,"2026-09-18 13:54:40",Completed,"2026-09-18 16:49:29",Completed,"2026-09-18 13:54:48",Completed,"2026-09-18 17:53:39","Completed (achieved pass grade)","2026-09-18 17:51:33",Completed,"2026-09-18 13:54:50",Completed,"2026-09-18 14:04:10",Completed,"2026-09-18 14:07:28",Completed,"2026-09-18 14:16:47",Completed,"2026-09-18 14:27:16",Completed,"2026-09-18 14:33:46",Completed,"2026-09-18 14:49:26",Completed,"2026-09-18 14:55:22",Completed,"2026-09-18 15:01:26",Completed,"2026-09-18 15:10:09",Completed,"2026-09-18 15:16:05",Completed,"2026-09-18 15:24:13",Completed,"2026-09-18 15:28:45",Completed,"2026-09-18 15:36:49",Completed,"2026-09-18 16:17:49",Completed,"2026-09-18 16:26:00",Completed,"2026-09-18 16:39:22"
"UNITY MOSES",mosesunity1@gmail.com,Completed,"2026-09-24 13:46:29",Completed,"2026-09-24 13:47:20",Completed,"2026-09-24 19:30:52",Completed,"2026-09-24 21:01:12",Completed,"2026-09-24 21:01:59",Completed,"2026-09-24 21:03:57",Completed,"2026-09-24 21:00:33",Completed,"2026-09-24 21:04:31",Completed,"2026-09-24 21:05:04",Completed,"2026-09-24 21:05:38",Completed,"2026-09-26 18:41:21",Completed,"2026-09-26 19:32:21","Not completed",,Completed,"2026-09-26 19:45:11","Not completed",,"Not completed",,Completed,"2026-09-26 19:16:23",Completed,"2026-09-24 19:46:00",Completed,"2026-09-24 20:56:09","Not completed","1970-01-01 01:00:00",Completed,"2026-09-24 21:13:39","Not completed",,"Not completed",,Completed,"2026-09-26 18:01:54","Not completed",,Completed,"2026-09-26 19:01:25","Not completed","1970-01-01 01:00:00",Completed,"2026-09-26 19:13:08","Not completed",,Completed,"2026-09-26 19:28:31","Not completed",,Completed,"2026-09-26 19:38:40","Not completed",
"FAVOURITE MOSURO",favoritemosuro@gmail.com,Completed,"2026-09-14 11:48:08",Completed,"2026-09-09 12:51:12",Completed,"2026-09-09 12:55:57",Completed,"2026-09-09 12:56:29",Completed,"2026-09-09 12:56:30",Completed,"2026-09-09 12:56:32",Completed,"2026-09-09 12:56:34",Completed,"2026-09-09 12:56:39",Completed,"2026-09-09 12:56:40",Completed,"2026-09-09 12:56:42",Completed,"2026-09-09 14:21:39",Completed,"2026-09-09 12:57:19",Completed,"2026-09-11 13:05:05",Completed,"2026-09-09 12:56:59",Completed,"2026-09-11 13:12:45","Completed (achieved pass grade)","2026-09-11 13:28:44",Completed,"2026-09-09 12:56:54",Completed,"2026-09-09 13:07:39",Completed,"2026-09-09 13:11:11",Completed,"2026-09-09 13:16:10",Completed,"2026-09-09 13:40:30",Completed,"2026-09-09 13:45:03",Completed,"2026-09-09 14:06:47",Completed,"2026-09-09 15:45:37",Completed,"2026-09-11 12:12:31",Completed,"2026-09-09 14:28:51",Completed,"2026-09-09 14:54:23",Completed,"2026-09-09 15:07:05",Completed,"2026-09-09 15:23:01",Completed,"2026-09-09 16:08:58",Completed,"2026-09-11 12:36:41",Completed,"2026-09-11 12:49:04",Completed,"2026-09-11 12:54:07"
"UMMUKULSUM MUAZ",idrisummukulsummuaz@gmail.com,Completed,"2026-09-07 10:33:45",Completed,"2026-09-07 10:38:25",Completed,"2026-09-07 10:37:51",Completed,"2026-09-07 10:43:24",Completed,"2026-09-07 10:43:26",Completed,"2026-09-07 10:43:29",Completed,"2026-09-07 10:43:32",Completed,"2026-09-07 10:43:34",Completed,"2026-09-07 10:43:36",Completed,"2026-09-07 10:43:37",Completed,"2026-09-08 11:13:05",Completed,"2026-09-08 12:04:10",Completed,"2026-09-08 12:08:52",Completed,"2026-09-08 12:30:52",Completed,"2026-09-08 12:43:40","Completed (achieved pass grade)","2026-09-28 11:10:59",Completed,"2026-09-08 12:49:30",Completed,"2026-09-07 10:48:34",Completed,"2026-09-07 11:04:17",Completed,"2026-09-07 11:47:38",Completed,"2026-09-07 11:13:04",Completed,"2026-09-08 11:23:45",Completed,"2026-09-28 11:31:56",Completed,"2026-09-08 10:50:05",Completed,"2026-09-08 10:55:03",Completed,"2026-09-08 10:11:10",Completed,"2026-09-08 11:50:30",Completed,"2026-09-08 09:34:45",Completed,"2026-09-08 09:56:20",Completed,"2026-09-08 10:06:23",Completed,"2026-09-08 12:25:02",Completed,"2026-09-08 10:17:03",Completed,"2026-09-28 12:10:45"
"ABUBAKAR MUHAMAMD",abubakarumarmuhammad1919@gmail.com,Completed,"2026-08-30 19:36:51",Completed,"2026-08-30 20:28:35",Completed,"2026-09-01 19:35:32",Completed,"2026-08-30 21:36:15",Completed,"2026-08-30 21:37:12",Completed,"2026-08-30 22:07:00",Completed,"2026-08-30 22:13:56",Completed,"2026-09-01 09:12:23",Completed,"2026-09-01 09:27:50",Completed,"2026-09-01 09:29:05",Completed,"2026-09-03 15:08:02",Completed,"2026-09-03 06:24:32",Completed,"2026-09-03 17:22:44",Completed,"2026-09-01 19:51:25",Completed,"2026-09-03 23:15:42","Completed (achieved pass grade)","2026-09-03 17:32:26",Completed,"2026-09-03 17:33:11",Completed,"2026-08-31 11:21:14",Completed,"2026-08-31 11:26:17",Completed,"2026-09-03 07:58:51",Completed,"2026-09-01 10:31:42",Completed,"2026-09-03 08:27:41",Completed,"2026-09-03 17:37:01",Completed,"2026-09-03 05:59:43",Completed,"2026-09-03 14:58:36",Completed,"2026-09-03 06:04:17",Completed,"2026-09-03 15:23:11",Completed,"2026-09-03 06:08:42",Completed,"2026-09-03 15:47:45",Completed,"2026-09-02 21:07:44",Completed,"2026-09-03 16:55:21",Completed,"2026-09-03 06:17:59",Completed,"2026-09-03 17:13:24"
"ABUBAKAR MUHAMMAD",haliphace@gmail.com,Completed,"2026-09-16 13:57:17",Completed,"2026-09-11 15:15:38",Completed,"2026-09-11 15:55:24",Completed,"2026-09-11 16:00:12",Completed,"2026-09-11 16:00:16",Completed,"2026-09-11 16:00:15",Completed,"2026-09-11 16:00:10",Completed,"2026-09-11 16:00:09",Completed,"2026-09-11 16:00:08",Completed,"2026-09-11 16:00:06",Completed,"2026-09-23 15:48:35",Completed,"2026-09-14 14:04:22",Completed,"2026-09-15 15:29:07",Completed,"2026-09-11 15:57:18",Completed,"2026-09-15 15:46:14","Completed (achieved pass grade)","2026-09-15 16:01:35",Completed,"2026-09-16 15:07:59",Completed,"2026-09-11 15:21:34",Completed,"2026-09-11 15:25:58",Completed,"2026-09-11 15:46:06",Completed,"2026-09-11 16:07:04",Completed,"2026-09-14 14:52:32",Completed,"2026-09-14 15:34:50",Completed,"2026-09-14 15:46:52",Completed,"2026-09-14 16:04:12",Completed,"2026-09-15 15:22:03",Completed,"2026-09-16 14:26:13",Completed,"2026-09-16 14:36:00",Completed,"2026-09-16 14:41:18",Completed,"2026-09-15 14:49:03",Completed,"2026-09-16 14:53:03",Completed,"2026-09-15 14:07:14",Completed,"2026-09-15 14:33:10"
"ABUBAKAR MUHAMMAD",sirdeyq208@gmail.com,Completed,"2026-08-27 09:50:27",Completed,"2026-08-27 09:51:06",Completed,"2026-08-27 09:53:42",Completed,"2026-08-27 10:18:04",Completed,"2026-08-27 10:45:39",Completed,"2026-08-27 11:02:54",Completed,"2026-08-27 11:14:10",Completed,"2026-08-27 11:14:51",Completed,"2026-08-27 11:16:38",Completed,"2026-08-27 11:23:23",Completed,"2026-08-31 10:07:59",Completed,"2026-09-02 09:52:49","Not completed",,Completed,"2026-09-03 10:16:12","Not completed",,"Completed (achieved pass grade)","2026-09-10 09:52:45",Completed,"2026-09-03 10:17:04",Completed,"2026-08-29 11:39:52",Completed,"2026-08-29 11:43:38","Not completed","1970-01-01 01:00:00",Completed,"2026-08-29 11:51:23",Completed,"2026-09-07 10:41:30",Completed,"2026-08-29 11:57:38",Completed,"2026-08-31 10:15:57",Completed,"2026-09-07 10:56:04",Completed,"2026-08-31 10:45:36","Not completed","1970-01-01 01:00:00",Completed,"2026-08-31 10:50:37","Not completed","1970-01-01 01:00:00",Completed,"2026-08-31 10:53:46","Not completed","1970-01-01 01:00:00",Completed,"2026-09-02 10:14:51","Not completed","1970-01-01 01:00:00"
"ABUBAKAR MUHAMMAD",exboycandyummi399@gmail.com,Completed,"2026-09-09 11:46:53",Completed,"2026-09-09 12:17:24",Completed,"2026-09-09 12:20:42",Completed,"2026-09-09 12:32:12",Completed,"2026-09-09 12:32:54",Completed,"2026-09-09 12:38:42",Completed,"2026-09-09 13:16:17",Completed,"2026-09-09 13:22:55",Completed,"2026-09-09 13:26:42",Completed,"2026-09-09 13:29:34",Completed,"2026-09-12 08:09:35",Completed,"2026-09-14 14:41:46",Completed,"2026-09-16 15:18:17",Completed,"2026-09-16 15:19:51",Completed,"2026-09-16 15:40:11","Completed (achieved pass grade)","2026-09-16 16:37:35",Completed,"2026-09-16 16:07:43",Completed,"2026-09-09 13:36:11",Completed,"2026-09-09 13:55:19",Completed,"2026-09-09 14:16:46",Completed,"2026-09-09 14:43:23",Completed,"2026-09-09 15:20:58",Completed,"2026-09-16 16:15:43",Completed,"2026-09-10 15:34:00",Completed,"2026-09-10 23:45:28",Completed,"2026-09-12 08:28:19",Completed,"2026-09-12 08:46:26",Completed,"2026-09-14 14:25:44",Completed,"2026-09-14 15:07:31",Completed,"2026-09-15 13:45:48",Completed,"2026-09-15 15:47:10",Completed,"2026-09-16 14:38:56",Completed,"2026-09-16 15:14:08"
"AL AMIN MUHAMMAD",sudawaalamin@gmail.com,Completed,"2026-07-27 22:30:35",Completed,"2026-07-27 22:10:11",Completed,"2026-07-27 22:12:50",Completed,"2026-07-27 22:15:57",Completed,"2026-07-27 22:16:00",Completed,"2026-07-27 22:16:02",Completed,"2026-07-27 22:16:04",Completed,"2026-07-27 22:16:05",Completed,"2026-07-27 22:16:06",Completed,"2026-07-27 22:16:08",Completed,"2026-07-28 12:04:42",Completed,"2026-07-27 22:30:24",Completed,"2026-07-28 13:13:56",Completed,"2026-07-27 22:30:32",Completed,"2026-07-28 11:53:28","Completed (achieved pass grade)","2026-07-28 13:22:57",Completed,"2026-07-28 13:23:30",Completed,"2026-07-27 22:19:56",Completed,"2026-07-27 22:23:44",Completed,"2026-07-27 22:24:23",Completed,"2026-07-27 22:29:34",Completed,"2026-07-28 11:30:30",Completed,"2026-07-27 22:15:50",Completed,"2026-07-28 11:45:54",Completed,"2026-07-28 11:47:16",Completed,"2026-07-28 12:09:20",Completed,"2026-07-28 11:58:58",Completed,"2026-07-28 12:28:56",Completed,"2026-07-28 12:12:47",Completed,"2026-07-28 12:52:27",Completed,"2026-07-28 12:31:40",Completed,"2026-07-28 13:08:58",Completed,"2026-07-28 12:39:16"
"AMMAR MUHAMMAD",ammarmuhammad2001@gmail.com,Completed,"2026-07-23 13:15:24",Completed,"2026-07-23 11:33:36",Completed,"2026-07-23 11:36:27",Completed,"2026-07-23 11:37:59",Completed,"2026-07-23 11:38:00",Completed,"2026-07-23 11:38:01",Completed,"2026-07-23 11:38:02",Completed,"2026-07-23 11:38:04",Completed,"2026-07-23 11:38:05",Completed,"2026-07-23 11:38:06",Completed,"2026-07-23 12:19:35",Completed,"2026-07-23 12:27:34",Completed,"2026-07-23 12:56:14",Completed,"2026-07-23 12:51:15",Completed,"2026-07-23 13:06:43","Completed (achieved pass grade)","2026-07-23 13:14:23",Completed,"2026-07-23 13:07:25",Completed,"2026-07-23 11:41:59",Completed,"2026-07-23 11:46:24",Completed,"2026-07-23 11:59:24",Completed,"2026-07-23 12:05:45",Completed,"2026-07-23 12:06:59",Completed,"2026-07-23 13:17:28",Completed,"2026-07-23 12:13:47",Completed,"2026-07-23 12:18:08",Completed,"2026-07-23 12:24:56",Completed,"2026-07-23 12:26:11",Completed,"2026-07-23 12:32:26",Completed,"2026-07-23 12:35:03",Completed,"2026-07-23 12:39:27",Completed,"2026-07-23 12:41:10",Completed,"2026-07-23 12:45:24",Completed,"2026-07-23 12:48:19"
"IBRAHIM MUHAMMAD",ibraheemhaneef8@gmail.com,Completed,"2026-09-02 11:58:01",Completed,"2026-09-02 12:01:27",Completed,"2026-09-02 12:06:13",Completed,"2026-09-02 12:17:27",Completed,"2026-09-02 12:24:15",Completed,"2026-09-02 12:34:32",Completed,"2026-09-02 12:40:40",Completed,"2026-09-02 14:08:45",Completed,"2026-09-02 12:54:28",Completed,"2026-09-02 13:02:00",Completed,"2026-09-09 10:52:17",Completed,"2026-09-09 10:53:34",Completed,"2026-09-11 09:56:44",Completed,"2026-09-11 10:02:46",Completed,"2026-09-11 11:20:59","Completed (achieved pass grade)","2026-09-11 10:29:31",Completed,"2026-09-11 10:29:56",Completed,"2026-09-02 13:07:29",Completed,"2026-09-02 13:10:54",Completed,"2026-09-02 14:09:23",Completed,"2026-09-02 14:20:51",Completed,"2026-09-02 15:25:17",Completed,"2026-09-11 11:03:07",Completed,"2026-09-02 15:49:33",Completed,"2026-09-09 11:11:50",Completed,"2026-09-02 15:57:28",Completed,"2026-09-09 11:38:37",Completed,"2026-09-09 11:47:08",Completed,"2026-09-10 14:59:01",Completed,"2026-09-10 15:06:35",Completed,"2026-09-10 15:30:39",Completed,"2026-09-10 15:38:05",Completed,"2026-09-10 16:09:47"
"IBRAHIM MUHAMMAD",ulamau82@gmail.com,Completed,"2026-09-13 03:52:39",Completed,"2026-09-13 03:53:35",Completed,"2026-09-14 07:40:41",Completed,"2026-09-14 07:41:26",Completed,"2026-09-14 07:41:28",Completed,"2026-09-14 07:41:29",Completed,"2026-09-14 07:41:30",Completed,"2026-09-16 22:36:00",Completed,"2026-09-14 10:56:28",Completed,"2026-09-14 07:41:39",Completed,"2026-09-16 22:46:11",Completed,"2026-09-18 12:17:14","Not completed","1970-01-01 01:00:00",Completed,"2026-09-17 14:52:21","Not completed",,"Not completed",,Completed,"2026-09-14 07:43:17",Completed,"2026-09-14 10:55:49",Completed,"2026-09-16 21:59:02",Completed,"2026-09-16 19:08:28",Completed,"2026-09-22 22:55:49",Completed,"2026-09-16 22:40:25","Not completed","1970-01-01 01:00:00",Completed,"2026-09-23 14:10:31",Completed,"2026-09-16 22:42:34",Completed,"2026-09-23 14:00:06",Completed,"2026-09-16 23:37:01",Completed,"2026-09-23 14:16:46",Completed,"2026-09-18 17:27:21",Completed,"2026-09-23 14:23:43",Completed,"2026-09-24 16:47:05",Completed,"2026-09-23 20:05:50","Not completed","1970-01-01 01:00:00"
"IBRAHIM-KHALIL MUHAMMAD",ibrahimkhalilnasirmuhammadyks@gmail.com,Completed,"2026-08-20 16:50:05",Completed,"2026-08-20 16:50:25",Completed,"2026-08-20 17:21:38",Completed,"2026-08-20 16:54:43",Completed,"2026-08-20 16:57:32",Completed,"2026-08-20 16:57:39",Completed,"2026-08-20 16:57:45",Completed,"2026-08-20 16:57:48",Completed,"2026-08-20 16:57:53",Completed,"2026-08-20 16:58:05",Completed,"2026-08-20 18:20:29",Completed,"2026-08-20 18:22:53",Completed,"2026-08-20 18:30:54",Completed,"2026-08-20 18:31:11",Completed,"2026-08-20 18:32:50","Completed (achieved pass grade)","2026-08-20 18:42:07",Completed,"2026-08-20 18:42:40",Completed,"2026-08-20 17:27:59",Completed,"2026-08-20 17:30:37",Completed,"2026-08-20 18:00:07",Completed,"2026-08-20 17:36:35",Completed,"2026-08-20 18:12:13",Completed,"2026-08-20 17:40:16",Completed,"2026-08-20 17:45:51",Completed,"2026-08-20 18:15:13",Completed,"2026-08-20 17:50:15",Completed,"2026-08-20 18:21:00",Completed,"2026-08-20 17:52:49",Completed,"2026-08-20 18:23:14",Completed,"2026-08-20 17:55:29",Completed,"2026-08-20 18:24:58",Completed,"2026-08-20 17:57:48",Completed,"2026-08-20 18:26:39"
"ISA MUHAMMAD",carematediagnosticservices@gmail.com,Completed,"2026-08-31 15:55:26",Completed,"2026-08-31 15:32:26",Completed,"2026-08-31 15:39:08",Completed,"2026-08-31 15:32:29",Completed,"2026-08-31 15:32:30",Completed,"2026-08-31 15:32:31",Completed,"2026-08-31 15:32:31",Completed,"2026-08-31 15:32:35",Completed,"2026-08-31 15:32:34",Completed,"2026-08-31 15:32:36",Completed,"2026-09-02 12:50:50",Completed,"2026-08-31 15:32:55",Completed,"2026-09-02 13:01:41",Completed,"2026-08-31 15:33:07",Completed,"2026-09-02 12:19:40","Completed (achieved pass grade)","2026-09-02 13:13:00",Completed,"2026-08-31 15:33:09",Completed,"2026-08-31 15:44:48",Completed,"2026-09-01 11:20:52",Completed,"2026-09-01 11:25:39",Completed,"2026-09-01 16:34:02",Completed,"2026-09-01 18:23:00",Completed,"2026-09-01 16:36:58",Completed,"2026-09-02 11:27:38",Completed,"2026-09-01 19:44:24",Completed,"2026-09-02 11:32:46",Completed,"2026-09-02 12:09:47",Completed,"2026-09-02 11:37:39",Completed,"2026-09-02 11:39:25",Completed,"2026-09-02 11:43:59",Completed,"2026-09-02 11:47:59",Completed,"2026-09-02 11:52:23",Completed,"2026-09-02 11:58:25"
"JAMILU MUHAMMAD",Jamilumuhammadkatagum@gmail.com,Completed,"2026-09-01 17:57:03",Completed,"2026-09-01 17:57:49",Completed,"2026-09-01 18:00:06",Completed,"2026-09-02 16:30:56",Completed,"2026-09-02 16:31:02",Completed,"2026-09-02 16:31:10",Completed,"2026-09-02 16:31:14",Completed,"2026-09-02 16:31:17",Completed,"2026-09-02 16:31:20",Completed,"2026-09-02 16:31:23",Completed,"2026-09-05 16:30:16",Completed,"2026-09-09 16:24:55",Completed,"2026-09-05 16:44:17",Completed,"2026-09-09 16:25:22",Completed,"2026-09-09 17:57:46","Completed (achieved pass grade)","2026-09-09 18:07:12",Completed,"2026-09-05 14:41:04",Completed,"2026-09-01 18:03:58",Completed,"2026-09-01 18:07:11",Completed,"2026-09-02 16:34:53",Completed,"2026-09-02 16:40:24",Completed,"2026-09-03 10:26:27",Completed,"2026-09-02 16:42:46",Completed,"2026-09-02 16:51:57",Completed,"2026-09-04 22:48:39",Completed,"2026-09-02 17:29:52",Completed,"2026-09-04 23:34:07",Completed,"2026-09-04 23:42:48",Completed,"2026-09-05 01:48:21",Completed,"2026-09-05 01:57:18",Completed,"2026-09-05 13:26:57",Completed,"2026-09-05 13:35:58",Completed,"2026-09-05 14:34:28"
"MUJAHID MUHAMMAD",mujahiddeenbnmusa1@gmail.com,Completed,"2026-09-15 15:19:30",Completed,"2026-09-15 12:24:40",Completed,"2026-09-15 13:48:48",Completed,"2026-09-15 13:49:24",Completed,"2026-09-15 13:49:27",Completed,"2026-09-15 13:49:28",Completed,"2026-09-15 13:49:34",Completed,"2026-09-15 13:49:38",Completed,"2026-09-15 13:49:43",Completed,"2026-09-15 13:49:44",Completed,"2026-09-23 12:23:32","Not completed",,"Not completed",,Completed,"2026-09-23 12:53:17","Not completed",,"Not completed",,Completed,"2026-09-23 12:53:49",Completed,"2026-09-15 15:24:59",Completed,"2026-09-15 15:29:07",Completed,"2026-09-16 10:50:13",Completed,"2026-09-16 11:27:34",Completed,"2026-09-23 11:59:58","Not completed",,Completed,"2026-09-23 12:42:23","Not completed","1970-01-01 01:00:00",Completed,"2026-09-23 13:46:48","Not completed","1970-01-01 01:00:00","Not completed",,"Not completed",,"Not completed",,"Not completed",,"Not completed",,"Not completed",
"NASIRU MUHAMMAD",nassgbuk15@gmail.com,Completed,"2026-09-02 20:20:23",Completed,"2026-08-17 22:21:59",Completed,"2026-08-17 22:30:29",Completed,"2026-08-17 22:35:21",Completed,"2026-08-17 22:35:30",Completed,"2026-08-20 12:20:32",Completed,"2026-08-20 12:20:34",Completed,"2026-08-20 12:20:34",Completed,"2026-08-20 12:20:35",Completed,"2026-08-20 12:20:36",Completed,"2026-09-02 20:36:21",Completed,"2026-08-21 11:40:08",Completed,"2026-09-02 20:40:21",Completed,"2026-08-21 11:40:27",Completed,"2026-09-02 22:19:05","Completed (achieved pass grade)","2026-09-02 21:33:45",Completed,"2026-08-21 11:41:07",Completed,"2026-08-21 11:46:00",Completed,"2026-09-02 17:52:37",Completed,"2026-08-21 12:05:31",Completed,"2026-08-21 12:16:06",Completed,"2026-08-21 12:27:38",Completed,"2026-08-21 12:17:56",Completed,"2026-09-02 18:09:52",Completed,"2026-09-02 20:28:03",Completed,"2026-09-02 18:22:11",Completed,"2026-09-02 18:37:25",Completed,"2026-09-02 18:47:06",Completed,"2026-09-02 19:05:28",Completed,"2026-09-02 19:34:21",Completed,"2026-09-02 19:46:30",Completed,"2026-09-02 19:56:13",Completed,"2026-09-02 20:09:21"
"TAJUDDEEN MUHAMMAD",tajuddinm444@gmail.com,Completed,"2026-09-07 10:25:51",Completed,"2026-09-07 10:26:54",Completed,"2026-09-07 10:40:26",Completed,"2026-09-07 10:44:06",Completed,"2026-09-07 10:48:47",Completed,"2026-09-07 10:49:41",Completed,"2026-09-07 10:51:07",Completed,"2026-09-07 10:54:00",Completed,"2026-09-07 10:55:26",Completed,"2026-09-07 11:00:09",Completed,"2026-09-08 09:29:51",Completed,"2026-09-08 09:52:22",Completed,"2026-09-08 11:04:01",Completed,"2026-09-08 11:05:44",Completed,"2026-09-08 11:08:12","Completed (achieved pass grade)","2026-09-08 11:23:05",Completed,"2026-09-08 11:23:39",Completed,"2026-09-07 11:23:57",Completed,"2026-09-07 11:06:37",Completed,"2026-09-07 11:13:00",Completed,"2026-09-07 11:29:31",Completed,"2026-09-07 11:31:34",Completed,"2026-09-08 11:29:03",Completed,"2026-09-07 12:00:52",Completed,"2026-09-08 09:22:48",Completed,"2026-09-08 09:36:13",Completed,"2026-09-08 09:42:53",Completed,"2026-09-08 09:59:37",Completed,"2026-09-08 10:01:41",Completed,"2026-09-08 10:26:48",Completed,"2026-09-08 10:30:54",Completed,"2026-09-08 10:49:20",Completed,"2026-09-08 10:51:10"
"UMAR MUHAMMAD",umarshehumuhammad8@gmail.com,Completed,"2026-08-29 11:56:44",Completed,"2026-08-29 11:57:11",Completed,"2026-08-29 11:59:51",Completed,"2026-08-29 12:01:16",Completed,"2026-08-29 12:01:30",Completed,"2026-08-29 12:01:59",Completed,"2026-08-29 12:02:11",Completed,"2026-08-29 12:02:20",Completed,"2026-08-29 12:02:27",Completed,"2026-08-29 12:02:34",Completed,"2026-09-04 12:45:39",Completed,"2026-09-04 12:04:27",Completed,"2026-09-04 11:12:30",Completed,"2026-09-04 11:13:42",Completed,"2026-09-07 09:53:10","Completed (achieved pass grade)","2026-09-04 11:24:12",Completed,"2026-09-04 11:24:42",Completed,"2026-08-29 12:06:45",Completed,"2026-08-29 12:11:43",Completed,"2026-09-04 03:04:22",Completed,"2026-08-29 12:17:26",Completed,"2026-09-04 08:24:15",Completed,"2026-09-04 11:31:06",Completed,"2026-08-29 12:25:04",Completed,"2026-09-04 10:49:45",Completed,"2026-09-04 03:00:44",Completed,"2026-09-05 21:17:34",Completed,"2026-08-29 12:29:07",Completed,"2026-09-14 08:59:08",Completed,"2026-09-04 11:59:21",Completed,"2026-09-14 08:44:18",Completed,"2026-08-29 12:33:22",Completed,"2026-09-05 21:23:44"
"YASIR MUHAMMAD",mmyasir013@gmail.com,Completed,"2026-08-17 14:14:34",Completed,"2026-08-16 09:21:40",Completed,"2026-08-16 09:27:04",Completed,"2026-08-16 09:27:41",Completed,"2026-08-16 09:27:43",Completed,"2026-08-16 09:27:45",Completed,"2026-08-16 09:27:50",Completed,"2026-08-16 09:27:51",Completed,"2026-08-16 09:27:52",Completed,"2026-08-16 09:27:54",Completed,"2026-08-16 11:43:35",Completed,"2026-08-16 11:39:21",Completed,"2026-08-17 14:01:04",Completed,"2026-08-16 11:40:15",Completed,"2026-08-17 13:10:32","Completed (achieved pass grade)","2026-08-17 14:12:45",Completed,"2026-08-17 14:13:08",Completed,"2026-08-16 09:32:17",Completed,"2026-08-16 09:38:02",Completed,"2026-08-16 09:51:27",Completed,"2026-08-16 19:30:22",Completed,"2026-08-16 10:59:56",Completed,"2026-08-16 11:42:19",Completed,"2026-08-17 10:46:45",Completed,"2026-08-16 11:29:42",Completed,"2026-08-17 13:39:28",Completed,"2026-08-16 11:38:14",Completed,"2026-08-17 13:46:38",Completed,"2026-08-16 14:14:14",Completed,"2026-08-17 13:50:27",Completed,"2026-08-17 09:22:32",Completed,"2026-08-17 13:56:16",Completed,"2026-08-17 09:54:29"
"YASIR MUHAMMAD",yasirmuhammadmas7@gmail.com,"Not completed",,Completed,"2026-09-12 19:23:46",Completed,"2026-09-12 19:26:51",Completed,"2026-09-20 18:46:37",Completed,"2026-09-20 18:46:40",Completed,"2026-09-20 18:46:40",Completed,"2026-09-20 18:46:41",Completed,"2026-09-20 18:46:41",Completed,"2026-09-20 18:46:42",Completed,"2026-09-20 18:46:42",Completed,"2026-09-20 19:39:17",Completed,"2026-09-22 19:42:02","Not completed",,"Not completed",,"Not completed",,"Not completed",,"Not completed",,Completed,"2026-09-12 19:40:54",Completed,"2026-09-13 08:41:45",Completed,"2026-09-20 18:49:00",Completed,"2026-09-13 08:58:10",Completed,"2026-09-20 18:56:26","Not completed",,Completed,"2026-09-20 19:17:24",Completed,"2026-09-20 19:27:42",Completed,"2026-09-22 18:56:00",Completed,"2026-09-22 19:35:17","Not completed","1970-01-01 01:00:00","Not completed",,"Not completed",,"Not completed",,"Not completed",,"Not completed",
"ABDULMUMIN MUHD",abdulmuminarabi0@gmail.com,Completed,"2026-09-17 12:08:09",Completed,"2026-09-17 11:48:31",Completed,"2026-09-17 11:51:13",Completed,"2026-09-17 11:56:58",Completed,"2026-09-17 12:00:39",Completed,"2026-09-17 12:05:50",Completed,"2026-09-17 12:05:52",Completed,"2026-09-17 12:05:53",Completed,"2026-09-17 12:05:55",Completed,"2026-09-17 12:06:00",Completed,"2026-09-17 14:26:11",Completed,"2026-09-17 12:06:59",Completed,"2026-09-17 15:47:23",Completed,"2026-09-17 12:07:51",Completed,"2026-09-18 07:21:37","Not completed","1970-01-01 01:00:00",Completed,"2026-09-17 12:07:59",Completed,"2026-09-17 12:19:42",Completed,"2026-09-17 12:36:00",Completed,"2026-09-17 13:33:56",Completed,"2026-09-17 14:05:20",Completed,"2026-09-17 14:30:55",Completed,"2026-09-18 09:51:36",Completed,"2026-09-17 13:58:55",Completed,"2026-09-17 14:15:57",Completed,"2026-09-17 14:46:09",Completed,"2026-09-17 14:45:44",Completed,"2026-09-17 15:10:06",Completed,"2026-09-17 15:01:58",Completed,"2026-09-17 14:55:37",Completed,"2026-09-17 15:24:49",Completed,"2026-09-17 15:35:02",Completed,"2026-09-17 15:40:01"
"SULEMAN MUHD",suleimanmuhammad2248@gmail.com,Completed,"2026-09-01 20:12:41",Completed,"2026-09-01 20:11:44",Completed,"2026-09-02 10:10:17",Completed,"2026-09-01 20:11:53",Completed,"2026-09-01 20:11:54",Completed,"2026-09-01 20:11:55",Completed,"2026-09-01 20:11:56",Completed,"2026-09-01 20:11:57",Completed,"2026-09-01 20:11:58",Completed,"2026-09-01 20:12:00",Completed,"2026-09-02 10:50:26",Completed,"2026-09-02 11:33:10",Completed,"2026-09-02 11:45:03",Completed,"2026-09-02 11:45:21",Completed,"2026-09-02 11:45:57","Completed (achieved pass grade)","2026-09-02 12:01:43",Completed,"2026-09-01 20:12:46",Completed,"2026-09-02 10:15:58",Completed,"2026-09-02 10:20:51",Completed,"2026-09-02 11:13:45",Completed,"2026-09-02 10:26:35",Completed,"2026-09-02 11:20:00",Completed,"2026-09-02 12:08:16",Completed,"2026-09-02 10:40:57",Completed,"2026-09-02 12:09:02",Completed,"2026-09-02 10:59:57",Completed,"2026-09-03 11:27:09",Completed,"2026-09-02 11:33:49",Completed,"2026-09-02 11:34:54",Completed,"2026-09-03 11:38:04",Completed,"2026-09-03 11:41:48",Completed,"2026-09-03 11:52:24",Completed,"2026-09-03 11:53:48"
"ABDULLAHI MUKARAM",Abayomiabdullahi2025@gmail.com,Completed,"2026-08-27 11:16:55",Completed,"2026-07-24 11:43:47",Completed,"2026-07-24 11:56:29",Completed,"2026-07-24 12:18:48",Completed,"2026-07-24 12:24:38",Completed,"2026-07-24 12:30:35",Completed,"2026-07-25 12:39:54",Completed,"2026-07-25 12:59:22",Completed,"2026-07-29 12:03:31",Completed,"2026-07-29 12:46:27",Completed,"2026-08-27 10:11:16",Completed,"2026-08-27 10:25:32",Completed,"2026-08-27 11:07:59",Completed,"2026-07-27 12:10:58",Completed,"2026-08-27 11:10:31","Completed (achieved pass grade)","2026-08-27 11:25:28",Completed,"2026-08-27 11:16:27",Completed,"2026-07-29 13:18:42",Completed,"2026-08-06 12:07:13",Completed,"2026-08-08 10:58:06",Completed,"2026-08-08 11:08:59",Completed,"2026-08-08 12:54:57",Completed,"2026-08-27 10:50:25",Completed,"2026-08-14 11:19:04",Completed,"2026-08-27 09:45:53",Completed,"2026-08-27 10:13:44",Completed,"2026-08-27 10:17:53",Completed,"2026-08-27 10:24:40",Completed,"2026-08-27 10:30:08",Completed,"2026-08-27 10:37:30",Completed,"2026-08-27 10:41:18",Completed,"2026-08-27 10:48:03",Completed,"2026-08-27 10:54:37"
"AMINU MUKHTAR",aminumukhtar008@gmail.com,Completed,"2026-08-23 17:31:26",Completed,"2026-08-23 17:31:37",Completed,"2026-08-23 17:42:19",Completed,"2026-08-23 17:32:04",Completed,"2026-08-23 17:32:08",Completed,"2026-08-23 17:32:13",Completed,"2026-08-23 17:32:15",Completed,"2026-08-23 17:32:19",Completed,"2026-08-23 17:32:23",Completed,"2026-08-23 17:32:59",Completed,"2026-08-25 19:53:32",Completed,"2026-08-25 19:56:14",Completed,"2026-08-24 20:25:16",Completed,"2026-08-24 20:26:10",Completed,"2026-08-24 20:43:00","Completed (achieved pass grade)","2026-08-24 20:55:07",Completed,"2026-08-23 18:04:19",Completed,"2026-08-23 17:38:22",Completed,"2026-08-23 17:56:03",Completed,"2026-08-23 18:07:12",Completed,"2026-08-25 14:42:29",Completed,"2026-08-25 14:46:59",Completed,"2026-08-24 20:56:48",Completed,"2026-08-25 19:33:47",Completed,"2026-08-25 19:35:41",Completed,"2026-08-25 19:45:07",Completed,"2026-08-25 19:46:41",Completed,"2026-08-25 11:37:35",Completed,"2026-08-25 12:40:49",Completed,"2026-08-24 21:08:34",Completed,"2026-08-25 20:01:15",Completed,"2026-08-24 21:02:21",Completed,"2026-08-25 20:08:31"
"HABIB MUKHTAR",habibsufyanmukhtar@gmail.com,Completed,"2026-09-14 11:50:06",Completed,"2026-09-14 11:50:13",Completed,"2026-09-14 11:53:44",Completed,"2026-09-14 11:54:24",Completed,"2026-09-14 11:54:34",Completed,"2026-09-14 11:54:41",Completed,"2026-09-14 11:54:48",Completed,"2026-09-14 11:54:54",Completed,"2026-09-14 11:54:59",Completed,"2026-09-14 11:55:03",Completed,"2026-09-18 10:20:23",Completed,"2026-09-18 10:58:04",Completed,"2026-09-18 12:12:48",Completed,"2026-09-18 12:14:18",Completed,"2026-09-19 11:07:18","Completed (achieved pass grade)","2026-09-19 11:44:02",Completed,"2026-09-19 11:30:23",Completed,"2026-09-14 12:00:25",Completed,"2026-09-14 12:07:03",Completed,"2026-09-14 12:09:58",Completed,"2026-09-14 12:17:09",Completed,"2026-09-14 12:18:36",Completed,"2026-09-19 11:34:15",Completed,"2026-09-18 10:18:12",Completed,"2026-09-18 10:02:42",Completed,"2026-09-18 10:22:44",Completed,"2026-09-18 10:53:03",Completed,"2026-09-18 11:11:03",Completed,"2026-09-18 11:30:06",Completed,"2026-09-18 11:16:18",Completed,"2026-09-18 11:44:33",Completed,"2026-09-18 11:57:18",Completed,"2026-09-18 12:05:02"
"IBRAHIM MUKHTAR",ibrahimunknown1290@gmail.com,Completed,"2026-09-20 10:54:57",Completed,"2026-09-19 17:31:31",Completed,"2026-09-20 05:56:55",Completed,"2026-09-19 17:31:38",Completed,"2026-09-19 17:31:39",Completed,"2026-09-19 17:31:40",Completed,"2026-09-19 17:31:41",Completed,"2026-09-19 17:31:42",Completed,"2026-09-19 17:31:44",Completed,"2026-09-19 17:31:44",Completed,"2026-09-20 09:17:03",Completed,"2026-09-19 17:32:28",Completed,"2026-09-20 10:27:26",Completed,"2026-09-19 17:32:55",Completed,"2026-09-20 10:44:05","Completed (achieved pass grade)","2026-09-20 10:21:26",Completed,"2026-09-19 17:32:59",Completed,"2026-09-20 06:05:19",Completed,"2026-09-20 06:10:05",Completed,"2026-09-20 06:11:31",Completed,"2026-09-20 08:16:19",Completed,"2026-09-20 08:21:35",Completed,"2026-09-20 10:11:04",Completed,"2026-09-20 08:55:24",Completed,"2026-09-20 08:56:37",Completed,"2026-09-20 09:31:02",Completed,"2026-09-20 09:52:17",Completed,"2026-09-20 09:08:22",Completed,"2026-09-20 09:09:54",Completed,"2026-09-20 09:36:19",Completed,"2026-09-20 10:03:13",Completed,"2026-09-20 09:40:42",Completed,"2026-09-20 10:29:43"
"SADIQ MUKHTAR",smbabayo@gmail.com,Completed,"2026-06-05 00:19:58",Completed,"2026-06-02 15:22:35",Completed,"2026-06-02 18:11:36",Completed,"2026-06-02 15:33:14",Completed,"2026-06-02 15:33:16",Completed,"2026-06-02 15:33:16",Completed,"2026-06-02 15:33:17",Completed,"2026-06-02 15:33:18",Completed,"2026-06-02 15:33:11",Completed,"2026-06-02 15:33:08",Completed,"2026-06-03 23:16:58",Completed,"2026-06-03 23:34:14",Completed,"2026-06-03 23:48:48",Completed,"2026-06-03 23:44:04",Completed,"2026-06-05 00:19:02","Completed (achieved pass grade)","2026-07-05 09:40:27",Completed,"2026-06-03 23:45:25",Completed,"2026-06-02 22:38:18",Completed,"2026-06-02 22:48:24",Completed,"2026-06-02 23:17:18",Completed,"2026-06-02 23:03:31",Completed,"2026-06-03 12:14:13",Completed,"2026-06-04 23:58:37",Completed,"2026-06-03 23:07:39",Completed,"2026-06-03 23:29:26",Completed,"2026-06-03 23:23:17",Completed,"2026-06-03 23:56:32",Completed,"2026-06-03 23:37:49",Completed,"2026-06-04 18:10:35",Completed,"2026-06-03 23:42:31",Completed,"2026-06-04 23:41:06",Completed,"2026-06-03 23:52:47",Completed,"2026-06-04 23:46:02"
"IYANU MURITALA",iyanu.olamide01@gmail.com,Completed,"2026-08-14 22:18:34",Completed,"2026-08-14 22:19:21",Completed,"2026-08-14 22:21:22",Completed,"2026-08-14 22:26:31",Completed,"2026-08-14 22:31:44",Completed,"2026-08-14 22:38:42",Completed,"2026-08-14 23:42:49",Completed,"2026-08-14 23:49:21",Completed,"2026-08-15 00:02:43",Completed,"2026-08-15 00:10:57",Completed,"2026-08-20 16:02:00",Completed,"2026-08-20 00:40:41",Completed,"2026-08-20 02:49:59",Completed,"2026-08-20 03:38:16",Completed,"2026-08-20 15:21:33","Completed (achieved pass grade)","2026-08-20 16:10:15",Completed,"2026-08-20 15:47:37",Completed,"2026-08-15 00:15:08",Completed,"2026-08-15 19:50:30",Completed,"2026-08-15 20:33:52",Completed,"2026-08-18 22:29:28",Completed,"2026-08-18 22:13:41",Completed,"2026-08-20 15:55:20",Completed,"2026-08-18 23:13:02",Completed,"2026-08-18 22:59:47",Completed,"2026-08-20 00:06:52",Completed,"2026-08-19 09:33:52",Completed,"2026-08-20 01:20:29",Completed,"2026-08-20 01:21:30",Completed,"2026-08-20 01:49:54",Completed,"2026-08-20 01:51:22",Completed,"2026-08-20 02:24:04",Completed,"2026-08-20 02:40:29"
"FARUK MURTALA",faruoqu146@gmail.com,Completed,"2026-08-26 20:37:56",Completed,"2026-08-26 20:42:55",Completed,"2026-08-26 20:41:30",Completed,"2026-08-27 15:48:41",Completed,"2026-08-27 15:48:41",Completed,"2026-08-27 15:48:41",Completed,"2026-08-27 15:48:43",Completed,"2026-08-27 15:48:45",Completed,"2026-08-27 15:48:47",Completed,"2026-08-27 15:48:47",Completed,"2026-08-30 01:24:24",Completed,"2026-08-30 17:37:45",Completed,"2026-08-30 18:11:49",Completed,"2026-08-30 18:12:42",Completed,"2026-08-30 19:39:20","Completed (achieved pass grade)","2026-08-30 18:59:50",Completed,"2026-08-30 19:59:48",Completed,"2026-08-27 15:58:10",Completed,"2026-08-27 16:00:42",Completed,"2026-08-28 20:04:17",Completed,"2026-08-27 16:04:45",Completed,"2026-08-28 21:03:57",Completed,"2026-08-27 16:05:39",Completed,"2026-08-30 00:41:04",Completed,"2026-08-30 19:01:21",Completed,"2026-08-30 01:27:47",Completed,"2026-08-30 19:07:20",Completed,"2026-08-30 17:39:45",Completed,"2026-08-30 19:14:09",Completed,"2026-08-30 17:47:53",Completed,"2026-08-30 19:21:49",Completed,"2026-08-30 18:03:36",Completed,"2026-08-30 19:31:12"
"SADIQ MURTALA",Abdullahisulaimandawud@gmail.com,Completed,"2026-09-04 13:00:27",Completed,"2026-09-04 12:54:47",Completed,"2026-09-04 12:58:47",Completed,"2026-09-04 12:59:32",Completed,"2026-09-04 12:59:33",Completed,"2026-09-04 12:59:34",Completed,"2026-09-04 12:59:35",Completed,"2026-09-04 12:59:37",Completed,"2026-09-04 12:59:42",Completed,"2026-09-04 12:59:41",Completed,"2026-09-05 12:24:38",Completed,"2026-09-04 12:59:58",Completed,"2026-09-05 14:10:22",Completed,"2026-09-04 13:00:12",Completed,"2026-09-05 14:14:26","Completed (achieved pass grade)","2026-09-05 14:29:24",Completed,"2026-09-04 13:00:20",Completed,"2026-09-04 13:06:19",Completed,"2026-09-05 11:34:48",Completed,"2026-09-04 13:08:11",Completed,"2026-09-05 11:41:24",Completed,"2026-09-05 11:44:53",Completed,"2026-09-05 14:32:53",Completed,"2026-09-05 12:05:50",Completed,"2026-09-05 12:14:50",Completed,"2026-09-05 12:29:37",Completed,"2026-09-05 12:34:04",Completed,"2026-09-05 13:14:41",Completed,"2026-09-05 13:27:27",Completed,"2026-09-05 13:40:31",Completed,"2026-09-05 13:44:34",Completed,"2026-09-05 13:57:31",Completed,"2026-09-05 14:01:23"
"ABDULHAMID MUSA",abdulhamidmkn340@gmail.com,Completed,"2026-09-11 14:16:14",Completed,"2026-09-11 14:13:03",Completed,"2026-09-11 14:54:54",Completed,"2026-09-11 14:18:23",Completed,"2026-09-11 14:20:02",Completed,"2026-09-11 14:22:21",Completed,"2026-09-11 14:24:16",Completed,"2026-09-11 14:38:34",Completed,"2026-09-11 14:39:17",Completed,"2026-09-11 14:42:10",Completed,"2026-09-12 07:18:59",Completed,"2026-09-11 14:49:08",Completed,"2026-09-11 15:42:08",Completed,"2026-09-11 15:42:41",Completed,"2026-09-12 13:47:45","Completed (achieved pass grade)","2026-09-11 15:55:31",Completed,"2026-09-11 15:56:14",Completed,"2026-09-11 15:00:32",Completed,"2026-09-11 15:06:04",Completed,"2026-09-12 07:01:26",Completed,"2026-09-11 15:12:38",Completed,"2026-09-12 06:51:29",Completed,"2026-09-11 16:01:26",Completed,"2026-09-11 16:10:20",Completed,"2026-09-12 07:15:14",Completed,"2026-09-11 15:16:45",Completed,"2026-09-12 06:45:12",Completed,"2026-09-11 15:33:02",Completed,"2026-09-12 07:19:45",Completed,"2026-09-12 06:37:41",Completed,"2026-09-12 13:25:44",Completed,"2026-09-11 15:38:19",Completed,"2026-09-12 13:32:18"
"AHMAD MUSA",ahmadmusa4242@gmail.com,Completed,"2026-09-23 14:37:20",Completed,"2026-09-23 14:39:34","Not completed","1970-01-01 01:00:00","Not completed",,"Not completed",,"Not completed",,"Not completed",,"Not completed",,"Not completed",,"Not completed",,"Not completed",,"Not completed",,"Not completed",,"Not completed",,"Not completed",,"Not completed",,"Not completed",,"Not completed",,"Not completed",,"Not completed",,"Not completed",,"Not completed","1970-01-01 01:00:00","Not completed",,"Not completed",,"Not completed",,"Not completed",,"Not completed",,"Not completed",,"Not completed",,"Not completed",,"Not completed",,"Not completed",,"Not completed",
"ALIYU MUSA",aliyumusayunusa1777@gmail.com,Completed,"2026-08-19 19:18:43",Completed,"2026-08-19 19:18:38",Completed,"2026-08-19 19:48:49",Completed,"2026-08-19 19:18:52",Completed,"2026-08-19 19:18:52",Completed,"2026-08-19 19:18:53",Completed,"2026-08-19 19:18:54",Completed,"2026-08-19 19:18:55",Completed,"2026-08-19 19:18:56",Completed,"2026-08-19 19:18:56",Completed,"2026-08-19 21:10:41",Completed,"2026-08-19 21:24:37",Completed,"2026-08-19 22:14:38",Completed,"2026-08-19 21:36:52",Completed,"2026-08-19 22:19:12","Completed (achieved pass grade)","2026-08-19 22:30:15",Completed,"2026-08-19 22:00:46",Completed,"2026-08-19 19:59:10",Completed,"2026-08-19 19:53:12",Completed,"2026-08-19 20:07:34",Completed,"2026-08-19 20:41:46",Completed,"2026-08-19 20:54:20",Completed,"2026-08-19 22:35:52",Completed,"2026-08-19 21:02:50",Completed,"2026-08-19 21:08:08",Completed,"2026-08-19 21:14:42",Completed,"2026-08-19 21:22:12",Completed,"2026-08-19 21:28:13",Completed,"2026-08-19 21:33:19",Completed,"2026-08-19 21:48:19",Completed,"2026-08-19 21:58:02",Completed,"2026-08-19 22:05:46",Completed,"2026-08-19 22:10:21"
"AMINA MUSA",aminalawanmusa7@gmail.com,Completed,"2026-09-07 14:30:27",Completed,"2026-09-07 14:31:06",Completed,"2026-09-07 14:36:04",Completed,"2026-09-07 14:39:00",Completed,"2026-09-07 14:39:53",Completed,"2026-09-07 14:42:10",Completed,"2026-09-07 14:43:09",Completed,"2026-09-07 14:43:26",Completed,"2026-09-07 14:43:54",Completed,"2026-09-07 14:44:02",Completed,"2026-09-07 15:36:35",Completed,"2026-09-07 15:51:11",Completed,"2026-09-07 19:26:53",Completed,"2026-09-07 19:27:33",Completed,"2026-09-07 19:28:03","Completed (achieved pass grade)","2026-09-07 19:40:59",Completed,"2026-09-07 19:41:21",Completed,"2026-09-07 14:48:16",Completed,"2026-09-07 14:54:15",Completed,"2026-09-07 14:55:31",Completed,"2026-09-07 15:05:48",Completed,"2026-09-07 15:06:37",Completed,"2026-09-10 09:23:26",Completed,"2026-09-07 15:25:19",Completed,"2026-09-07 15:26:15",Completed,"2026-09-07 15:44:05",Completed,"2026-09-07 15:45:05",Completed,"2026-09-07 16:05:04",Completed,"2026-09-07 15:52:33",Completed,"2026-09-07 19:01:17",Completed,"2026-09-07 19:02:23",Completed,"2026-09-07 19:16:08",Completed,"2026-09-07 19:16:53"
"HUSSAINI MUSA",hussyreal186@gmail.com,Completed,"2026-08-03 11:44:21",Completed,"2026-07-07 21:02:44",Completed,"2026-07-07 21:09:51",Completed,"2026-07-07 22:31:07",Completed,"2026-07-07 22:31:19",Completed,"2026-07-07 22:31:19",Completed,"2026-07-07 22:31:20",Completed,"2026-07-07 22:31:21",Completed,"2026-07-07 22:31:22",Completed,"2026-07-07 22:31:26",Completed,"2026-07-07 22:35:59",Completed,"2026-07-08 15:08:31",Completed,"2026-07-08 15:06:57",Completed,"2026-07-08 15:08:55",Completed,"2026-07-08 15:13:22","Completed (achieved pass grade)","2026-08-05 11:27:53",Completed,"2026-08-03 11:44:26",Completed,"2026-07-07 22:03:59",Completed,"2026-07-07 22:11:28",Completed,"2026-07-08 14:05:33",Completed,"2026-07-07 22:22:24",Completed,"2026-07-08 14:10:51",Completed,"2026-07-07 22:30:36",Completed,"2026-07-07 23:03:26",Completed,"2026-07-08 14:18:22",Completed,"2026-07-08 07:43:41",Completed,"2026-07-08 14:23:56",Completed,"2026-07-08 07:56:11",Completed,"2026-07-08 14:47:05",Completed,"2026-07-08 08:19:23",Completed,"2026-07-08 14:55:39",Completed,"2026-07-08 08:24:47",Completed,"2026-07-08 15:02:57"
"SAMAD MUSA",samadayomide41@gmail.com,Completed,"2026-07-27 13:21:19",Completed,"2026-07-27 13:21:47",Completed,"2026-07-27 13:41:27",Completed,"2026-07-27 13:43:21",Completed,"2026-07-27 13:43:25",Completed,"2026-07-27 13:43:30",Completed,"2026-07-27 13:43:34",Completed,"2026-07-27 13:43:39",Completed,"2026-07-27 13:43:43",Completed,"2026-07-27 13:43:47",Completed,"2026-07-29 16:00:20",Completed,"2026-07-29 12:09:15",Completed,"2026-07-29 16:09:36",Completed,"2026-07-29 16:09:59",Completed,"2026-07-29 16:24:21","Completed (achieved pass grade)","2026-07-30 12:41:43",Completed,"2026-07-30 12:33:36",Completed,"2026-07-27 13:48:19",Completed,"2026-07-27 13:51:50",Completed,"2026-07-27 13:53:45",Completed,"2026-07-27 13:58:36",Completed,"2026-07-27 14:03:55",Completed,"2026-07-23 15:48:37",Completed,"2026-07-27 14:11:44",Completed,"2026-07-29 10:42:35",Completed,"2026-07-29 11:25:58",Completed,"2026-07-29 11:27:49",Completed,"2026-07-29 12:11:04",Completed,"2026-07-29 12:26:17",Completed,"2026-07-29 12:37:15",Completed,"2026-07-29 12:44:33",Completed,"2026-07-29 13:50:20",Completed,"2026-07-29 16:02:44"
"USMAN MUSA",keedour@gmail.com,Completed,"2026-06-02 20:59:41",Completed,"2026-06-02 21:02:12",Completed,"2026-06-04 07:22:46",Completed,"2026-06-05 16:10:58",Completed,"2026-06-05 16:15:27",Completed,"2026-06-05 16:21:41",Completed,"2026-06-05 16:28:50",Completed,"2026-06-05 16:31:25",Completed,"2026-06-05 16:39:06",Completed,"2026-06-05 16:40:07",Completed,"2026-06-14 13:58:01",Completed,"2026-06-14 14:26:15",Completed,"2026-06-19 11:40:58",Completed,"2026-06-19 11:43:09",Completed,"2026-06-19 12:23:32","Completed (achieved pass grade)","2026-07-05 09:40:28",Completed,"2026-06-19 12:36:38",Completed,"2026-06-05 16:44:47",Completed,"2026-06-05 17:06:04",Completed,"2026-06-05 22:29:05",Completed,"2026-06-06 09:10:32",Completed,"2026-06-12 16:19:29",Completed,"2026-06-12 05:29:26",Completed,"2026-06-12 16:46:13",Completed,"2026-06-18 17:45:22",Completed,"2026-06-14 14:10:47",Completed,"2026-06-15 19:48:04",Completed,"2026-06-18 17:14:21",Completed,"2026-06-18 18:38:35",Completed,"2026-06-19 09:43:17",Completed,"2026-06-19 10:50:24",Completed,"2026-06-19 11:20:26",Completed,"2026-06-19 11:34:59"
"RIDWAN MUSE",museridwan045@gmail.com,Completed,"2026-07-02 16:41:13",Completed,"2026-07-02 16:41:31",Completed,"2026-07-02 16:44:31",Completed,"2026-07-02 16:53:06",Completed,"2026-07-02 16:53:07",Completed,"2026-07-02 16:53:08",Completed,"2026-07-02 16:53:10",Completed,"2026-07-02 16:53:11",Completed,"2026-07-02 16:53:12",Completed,"2026-07-02 16:53:13","Not completed",,"Not completed",,"Not completed",,"Not completed",,"Not completed",,"Not completed",,"Not completed",,Completed,"2026-07-02 16:57:14",Completed,"2026-07-02 17:05:23",Completed,"2026-07-02 17:11:13",Completed,"2026-07-02 17:16:26",Completed,"2026-07-02 17:19:37","Not completed","1970-01-01 01:00:00",Completed,"2026-07-02 17:24:21",Completed,"2026-07-09 17:34:40",Completed,"2026-07-09 17:36:15",Completed,"2026-07-09 17:40:34",Completed,"2026-07-09 17:41:55",Completed,"2026-07-09 17:47:18",Completed,"2026-07-09 17:48:41",Completed,"2026-07-09 17:54:41",Completed,"2026-07-09 17:56:11","Not completed",
"BILAL MUSTAFA",mustafabilal0508@gmail.com,Completed,"2026-09-22 17:49:35",Completed,"2026-09-22 17:50:05",Completed,"2026-09-23 07:26:51",Completed,"2026-09-23 11:34:42",Completed,"2026-09-23 14:56:32",Completed,"2026-09-23 15:12:30","Not completed",,"Not completed",,"Not completed",,"Not completed",,"Not completed",,"Not completed",,"Not completed",,"Not completed",,"Not completed",,"Not completed",,"Not completed",,"Not completed",,"Not completed",,"Not completed",,"Not completed",,"Not completed",,"Not completed",,"Not completed",,"Not completed",,"Not completed",,"Not completed",,"Not completed",,"Not completed",,"Not completed",,"Not completed",,"Not completed",,"Not completed",
"ABDULLAHI MUSTAPHA",mustaphakabir7889@gmail.com,Completed,"2026-08-28 12:18:48",Completed,"2026-08-27 14:46:14",Completed,"2026-08-28 12:24:26",Completed,"2026-08-28 12:28:14",Completed,"2026-08-28 12:34:38",Completed,"2026-08-28 12:38:10",Completed,"2026-08-28 13:47:57",Completed,"2026-08-28 13:49:04",Completed,"2026-08-28 13:50:11",Completed,"2026-08-28 13:51:18","Not completed",,"Not completed",,"Not completed",,"Not completed",,"Not completed",,"Not completed",,"Not completed",,"Not completed","1970-01-01 01:00:00","Not completed",,"Not completed",,"Not completed",,"Not completed",,"Not completed",,"Not completed",,"Not completed",,"Not completed",,"Not completed",,"Not completed",,"Not completed",,"Not completed",,"Not completed",,"Not completed",,"Not completed",
"ABDULMALIK MUSTAPHA",druidebale11@gmail.com,Completed,"2026-09-12 12:39:10",Completed,"2026-09-12 12:42:43",Completed,"2026-09-12 12:45:14",Completed,"2026-09-12 12:46:47",Completed,"2026-09-12 12:48:59",Completed,"2026-09-12 12:52:40",Completed,"2026-09-12 12:57:21",Completed,"2026-09-12 13:02:19",Completed,"2026-09-12 13:03:13",Completed,"2026-09-12 13:08:22",Completed,"2026-09-13 18:17:18",Completed,"2026-09-19 12:30:26","Not completed","1970-01-01 01:00:00","Not completed",,"Not completed",,"Not completed",,"Not completed",,Completed,"2026-09-12 13:13:40",Completed,"2026-09-12 13:56:56",Completed,"2026-09-12 14:28:01",Completed,"2026-09-12 23:18:00",Completed,"2026-09-14 14:54:49","Not completed",,Completed,"2026-09-13 18:14:00",Completed,"2026-09-19 11:06:59",Completed,"2026-09-19 11:34:42",Completed,"2026-09-19 12:16:11",Completed,"2026-09-19 12:43:04",Completed,"2026-09-19 13:15:28",Completed,"2026-09-19 13:46:40",Completed,"2026-09-19 14:50:28","Not completed",,"Not completed",
"ABUBAKAR MUSTAPHA",mustaphazangoa@gmail.com,Completed,"2026-09-04 18:22:00",Completed,"2026-08-29 12:49:31",Completed,"2026-08-28 23:19:10",Completed,"2026-09-04 18:21:26",Completed,"2026-09-04 18:21:27",Completed,"2026-09-04 18:21:28",Completed,"2026-09-04 18:21:30",Completed,"2026-09-04 18:21:30",Completed,"2026-09-04 18:21:31",Completed,"2026-09-04 18:24:50",Completed,"2026-08-29 10:42:54",Completed,"2026-09-04 18:21:48",Completed,"2026-08-28 23:35:16",Completed,"2026-09-04 18:39:42",Completed,"2026-08-28 23:37:56","Completed (achieved pass grade)","2026-08-29 11:41:12",Completed,"2026-08-28 23:22:31",Completed,"2026-08-29 10:00:54",Completed,"2026-08-29 10:11:36",Completed,"2026-08-28 23:30:47",Completed,"2026-08-29 10:21:57",Completed,"2026-08-28 23:25:47",Completed,"2026-08-28 23:23:42",Completed,"2026-08-29 10:49:54",Completed,"2026-08-28 23:26:35",Completed,"2026-08-29 10:35:21",Completed,"2026-08-28 23:27:15",Completed,"2026-08-29 11:44:54",Completed,"2026-08-28 23:28:02",Completed,"2026-08-29 11:49:17",Completed,"2026-08-28 23:28:38",Completed,"2026-08-29 11:20:16",Completed,"2026-08-28 23:29:20"
"IBRAHIM MUSTAPHA",mamasboy1610@gmail.com,Completed,"2026-09-02 14:10:31",Completed,"2026-09-02 14:10:57",Completed,"2026-09-02 14:15:43",Completed,"2026-09-02 14:16:17",Completed,"2026-09-02 14:16:18",Completed,"2026-09-02 23:17:11",Completed,"2026-09-02 14:16:20",Completed,"2026-09-02 14:16:23",Completed,"2026-09-02 14:16:24",Completed,"2026-09-02 14:16:26",Completed,"2026-09-03 00:13:53",Completed,"2026-09-02 14:37:12",Completed,"2026-09-02 23:52:03",Completed,"2026-09-02 14:38:51",Completed,"2026-09-02 23:37:33","Completed (achieved pass grade)","2026-09-02 15:57:36",Completed,"2026-09-02 14:38:55",Completed,"2026-09-02 14:21:36",Completed,"2026-09-02 14:27:27",Completed,"2026-09-02 14:30:05",Completed,"2026-09-02 14:44:48",Completed,"2026-09-02 15:21:38",Completed,"2026-09-02 15:20:15",Completed,"2026-09-02 15:33:27",Completed,"2026-09-02 15:04:33",Completed,"2026-09-02 15:36:26",Completed,"2026-09-02 15:38:21",Completed,"2026-09-02 23:22:18",Completed,"2026-09-02 23:23:53",Completed,"2026-09-03 00:31:54",Completed,"2026-09-03 00:32:21",Completed,"2026-09-03 00:20:01",Completed,"2026-09-03 00:20:52"
"MUDASSIR MUSTAPHA",mudasseermustapha5@gmail.com,"Not completed","2026-09-07 22:01:28",Completed,"2026-09-06 13:47:51","Not completed","1970-01-01 01:00:00",Completed,"2026-09-06 13:49:28",Completed,"2026-09-06 13:49:29",Completed,"2026-09-06 13:49:31",Completed,"2026-09-06 13:49:31",Completed,"2026-09-06 13:49:33",Completed,"2026-09-06 13:49:34",Completed,"2026-09-06 13:49:35","Not completed",,"Not completed",,"Not completed",,Completed,"2026-09-06 13:51:18","Not completed",,"Not completed",,"Not completed",,"Not completed",,"Not completed",,"Not completed","1970-01-01 01:00:00","Not completed",,"Not completed",,"Not completed",,"Not completed",,"Not completed",,"Not completed",,"Not completed",,"Not completed",,"Not completed",,"Not completed",,"Not completed",,"Not completed",,"Not completed",
"MUSTAPHA MUSTAPHA",mustaphasalisu82007204@gmail.com,Completed,"2026-09-02 17:41:48",Completed,"2026-09-02 17:44:01",Completed,"2026-09-02 17:46:33",Completed,"2026-09-02 17:47:38",Completed,"2026-09-02 17:47:39",Completed,"2026-09-02 17:47:53",Completed,"2026-09-02 17:47:53",Completed,"2026-09-02 17:47:54",Completed,"2026-09-02 17:47:55",Completed,"2026-09-02 17:47:56","Not completed",,Completed,"2026-09-05 15:42:34","Not completed",,Completed,"2026-09-05 15:43:28","Not completed",,"Not completed",,Completed,"2026-09-05 15:42:58",Completed,"2026-09-04 14:23:54",Completed,"2026-09-04 14:42:45","Not completed","1970-01-01 01:00:00",Completed,"2026-09-05 15:35:57","Not completed",,"Not completed",,"Not completed",,Completed,"2026-09-04 14:49:42","Not completed",,"Not completed",,"Not completed",,"Not completed",,"Not completed",,"Not completed",,"Not completed",,"Not completed",
"SHERIFF MUSTAPHA",bodmaspay@gmail.com,Completed,"2026-06-08 14:02:14",Completed,"2026-06-07 18:08:16",Completed,"2026-06-07 18:10:05",Completed,"2026-06-07 18:11:25",Completed,"2026-06-07 18:11:26",Completed,"2026-06-07 18:11:27",Completed,"2026-06-07 18:11:28",Completed,"2026-06-07 18:11:33",Completed,"2026-06-07 18:11:35",Completed,"2026-06-07 18:11:35",Completed,"2026-06-08 13:58:53",Completed,"2026-06-07 18:13:47",Completed,"2026-06-08 14:01:12",Completed,"2026-06-07 18:13:25",Completed,"2026-06-08 18:44:49","Completed (achieved pass grade)","2026-07-05 09:40:27",Completed,"2026-06-07 18:13:19",Completed,"2026-06-07 19:35:46",Completed,"2026-06-07 19:38:59",Completed,"2026-06-08 13:30:27",Completed,"2026-06-07 19:45:32",Completed,"2026-06-08 13:57:09",Completed,"2026-06-07 19:49:07",Completed,"2026-06-07 19:57:32",Completed,"2026-06-08 15:55:52",Completed,"2026-06-07 19:58:57",Completed,"2026-06-08 16:58:12",Completed,"2026-06-08 08:15:20",Completed,"2026-06-08 17:39:39",Completed,"2026-06-08 08:19:32",Completed,"2026-06-08 18:16:41",Completed,"2026-06-08 08:22:55",Completed,"2026-06-08 18:27:26"
"ABDULBASI NAKURA",yusufnakuraa@gmail.com,Completed,"2026-09-17 19:59:42",Completed,"2026-09-17 19:59:00",Completed,"2026-09-18 13:39:27",Completed,"2026-09-17 19:59:03",Completed,"2026-09-17 19:59:04",Completed,"2026-09-17 19:59:04",Completed,"2026-09-17 19:59:05",Completed,"2026-09-17 19:59:06",Completed,"2026-09-17 19:59:06",Completed,"2026-09-17 19:59:07",Completed,"2026-09-22 02:03:48",Completed,"2026-09-17 19:59:24",Completed,"2026-09-27 06:03:08",Completed,"2026-09-19 13:59:56",Completed,"2026-09-27 06:08:04","Completed (achieved pass grade)","2026-09-18 15:45:19",Completed,"2026-09-17 19:59:40",Completed,"2026-09-18 13:45:53",Completed,"2026-09-18 14:00:44",Completed,"2026-09-18 14:30:39",Completed,"2026-09-19 13:14:58",Completed,"2026-09-19 13:30:41",Completed,"2026-09-18 15:35:28",Completed,"2026-09-19 12:58:16",Completed,"2026-09-19 13:01:35",Completed,"2026-09-24 15:16:31",Completed,"2026-09-23 14:39:59",Completed,"2026-09-24 15:41:13",Completed,"2026-09-23 14:30:37",Completed,"2026-09-22 02:08:32",Completed,"2026-09-23 14:50:00",Completed,"2026-09-27 01:25:13",Completed,"2026-09-23 15:10:57"
"HAUWA&#039;U NASHE",nashehauwau@gmail.com,Completed,"2026-09-02 09:24:16",Completed,"2026-09-02 09:22:16",Completed,"2026-09-02 09:28:04",Completed,"2026-09-02 09:22:35",Completed,"2026-09-02 09:22:38",Completed,"2026-09-02 09:22:47",Completed,"2026-09-02 09:22:49",Completed,"2026-09-02 09:22:50",Completed,"2026-09-02 09:22:52",Completed,"2026-09-02 09:22:57",Completed,"2026-09-02 10:47:56",Completed,"2026-09-02 09:23:42",Completed,"2026-09-02 11:32:58",Completed,"2026-09-02 09:24:00",Completed,"2026-09-02 11:34:21","Completed (achieved pass grade)","2026-09-02 11:43:00",Completed,"2026-09-02 09:24:04",Completed,"2026-09-02 09:34:39",Completed,"2026-09-02 09:40:25",Completed,"2026-09-02 09:56:13",Completed,"2026-09-02 10:06:34",Completed,"2026-09-02 10:14:28",Completed,"2026-09-02 10:29:05",Completed,"2026-09-02 10:35:56",Completed,"2026-09-02 10:38:01",Completed,"2026-09-02 10:51:32",Completed,"2026-09-02 10:52:33",Completed,"2026-09-02 11:02:25",Completed,"2026-09-02 11:04:20",Completed,"2026-09-02 11:12:08",Completed,"2026-09-02 11:13:13",Completed,"2026-09-02 11:20:51",Completed,"2026-09-02 11:23:31"
"DIVINE NASIKPO",divinenas350@gmail.com,Completed,"2026-09-10 14:06:04",Completed,"2026-09-10 14:07:24",Completed,"2026-09-10 14:11:05",Completed,"2026-09-10 14:15:03",Completed,"2026-09-10 14:21:30",Completed,"2026-09-10 14:35:33",Completed,"2026-09-10 14:47:16",Completed,"2026-09-10 14:53:53",Completed,"2026-09-10 15:23:09",Completed,"2026-09-10 15:25:46",Completed,"2026-09-22 14:54:12","Not completed",,"Not completed",,"Not completed",,"Not completed",,"Not completed",,"Not completed",,Completed,"2026-09-10 15:42:18",Completed,"2026-09-10 15:53:33",Completed,"2026-09-21 13:19:29",Completed,"2026-09-21 13:37:20",Completed,"2026-09-21 15:24:41","Not completed",,Completed,"2026-09-22 13:37:33",Completed,"2026-09-22 14:15:19","Not completed",,"Not completed",,"Not completed",,"Not completed",,"Not completed",,"Not completed",,"Not completed",,"Not completed",
"KAMILU NASIR",ghaligambo838@gmail.com,Completed,"2026-09-16 11:48:35",Completed,"2026-09-03 13:07:49",Completed,"2026-09-07 11:01:12",Completed,"2026-09-03 13:08:05",Completed,"2026-09-03 13:08:07",Completed,"2026-09-03 13:08:09",Completed,"2026-09-03 13:08:11",Completed,"2026-09-03 13:08:14",Completed,"2026-09-03 13:08:16",Completed,"2026-09-03 13:08:19",Completed,"2026-09-07 12:07:36",Completed,"2026-09-03 13:09:06",Completed,"2026-09-07 13:18:06",Completed,"2026-09-03 13:09:39",Completed,"2026-09-07 13:20:50","Completed (achieved pass grade)","2026-09-07 13:35:49",Completed,"2026-09-03 13:09:47",Completed,"2026-09-07 11:39:31",Completed,"2026-09-07 11:06:54",Completed,"2026-09-07 11:09:21",Completed,"2026-09-07 11:20:18",Completed,"2026-09-07 11:22:31",Completed,"2026-09-03 13:15:27",Completed,"2026-09-07 11:48:11",Completed,"2026-09-07 11:50:05",Completed,"2026-09-07 12:11:08",Completed,"2026-09-07 12:14:22",Completed,"2026-09-07 12:28:32",Completed,"2026-09-07 12:33:30",Completed,"2026-09-07 12:50:05",Completed,"2026-09-07 12:52:57",Completed,"2026-09-07 13:03:45",Completed,"2026-09-07 13:06:46"
"MUHAMMAD NASIR",kakadaura257@gmail.com,Completed,"2026-09-23 14:18:58",Completed,"2026-09-23 14:19:40",Completed,"2026-09-23 14:25:03",Completed,"2026-09-23 14:31:41",Completed,"2026-09-23 14:32:39",Completed,"2026-09-23 14:34:24",Completed,"2026-09-23 14:35:56",Completed,"2026-09-23 14:39:36",Completed,"2026-09-23 14:42:23",Completed,"2026-09-23 14:43:17","Not completed",,"Not completed",,"Not completed",,"Not completed",,"Not completed",,"Not completed",,"Not completed",,Completed,"2026-09-23 14:46:37",Completed,"2026-09-23 15:15:44",Completed,"2026-09-23 15:05:13","Not completed",,"Not completed",,"Not completed",,"Not completed",,"Not completed",,"Not completed",,"Not completed",,"Not completed",,"Not completed",,"Not completed",,"Not completed",,"Not completed",,"Not completed",
"MUJTABA NASIR",aminayahya0903@gmail.com,Completed,"2026-09-08 17:33:02",Completed,"2026-09-07 13:06:46",Completed,"2026-09-07 13:17:02",Completed,"2026-09-07 13:17:41",Completed,"2026-09-07 13:18:05",Completed,"2026-09-07 13:18:15",Completed,"2026-09-07 13:18:44",Completed,"2026-09-07 13:19:03",Completed,"2026-09-07 13:19:16",Completed,"2026-09-07 13:19:28",Completed,"2026-09-09 11:08:05",Completed,"2026-09-08 12:01:54",Completed,"2026-09-08 13:02:26",Completed,"2026-09-08 12:38:32",Completed,"2026-09-08 12:48:02","Completed (achieved pass grade)","2026-09-08 12:58:01",Completed,"2026-09-08 12:38:23",Completed,"2026-09-07 13:23:39",Completed,"2026-09-08 10:12:08",Completed,"2026-09-08 10:52:27",Completed,"2026-09-08 10:58:40",Completed,"2026-09-08 11:26:28",Completed,"2026-09-08 11:33:33",Completed,"2026-09-08 11:44:55",Completed,"2026-09-08 12:06:05",Completed,"2026-09-08 12:11:10",Completed,"2026-09-08 12:19:35",Completed,"2026-09-08 12:28:07",Completed,"2026-09-09 10:24:42",Completed,"2026-09-08 12:33:18",Completed,"2026-09-09 10:42:17",Completed,"2026-09-08 12:37:16",Completed,"2026-09-09 10:49:57"
"JIBRIN NASIRU",jibrinnasiruhalifa@gmail.com,Completed,"2026-08-24 08:57:28",Completed,"2026-08-24 08:57:34",Completed,"2026-08-24 09:06:21",Completed,"2026-08-25 08:35:43",Completed,"2026-08-25 08:35:44",Completed,"2026-08-25 08:35:47",Completed,"2026-08-25 08:35:48",Completed,"2026-08-25 08:35:48",Completed,"2026-08-25 08:35:49",Completed,"2026-08-25 08:35:50",Completed,"2026-08-30 01:38:15",Completed,"2026-08-28 11:08:50",Completed,"2026-09-03 21:39:00",Completed,"2026-09-03 21:40:00",Completed,"2026-09-03 21:42:42","Completed (achieved pass grade)","2026-09-03 21:57:57",Completed,"2026-08-28 11:10:52",Completed,"2026-08-24 09:12:23",Completed,"2026-08-24 09:18:37",Completed,"2026-08-25 08:50:46",Completed,"2026-08-24 09:25:06",Completed,"2026-08-25 08:44:29",Completed,"2026-08-24 09:29:46",Completed,"2026-08-24 09:53:33",Completed,"2026-08-28 00:27:59",Completed,"2026-08-25 09:03:02",Completed,"2026-08-25 09:03:51",Completed,"2026-08-30 11:20:03",Completed,"2026-08-30 11:40:09",Completed,"2026-08-30 11:25:51",Completed,"2026-09-03 21:09:24",Completed,"2026-08-30 11:33:09",Completed,"2026-09-03 21:19:47"
"CHUKWUBUIKEM NEBE",joshuanebe14@gmail.com,Completed,"2026-08-07 12:27:54",Completed,"2026-08-07 12:28:15",Completed,"2026-08-07 15:12:06",Completed,"2026-08-07 15:17:49",Completed,"2026-08-07 15:23:43",Completed,"2026-08-07 15:29:48",Completed,"2026-08-07 15:37:21",Completed,"2026-08-07 15:41:45",Completed,"2026-08-07 17:02:53",Completed,"2026-08-07 17:05:08",Completed,"2026-08-10 10:47:06",Completed,"2026-08-09 23:21:22",Completed,"2026-08-10 14:51:10",Completed,"2026-08-10 14:52:41",Completed,"2026-08-10 15:04:12","Completed (achieved pass grade)","2026-08-10 15:17:01",Completed,"2026-08-10 14:56:26",Completed,"2026-08-08 12:46:31",Completed,"2026-08-08 13:37:26",Completed,"2026-08-08 21:33:53",Completed,"2026-08-08 22:14:15",Completed,"2026-08-10 00:06:36",Completed,"2026-08-10 15:18:33",Completed,"2026-08-10 09:44:59",Completed,"2026-08-10 10:40:24",Completed,"2026-08-10 11:10:07",Completed,"2026-08-10 11:55:46",Completed,"2026-08-10 12:13:19",Completed,"2026-08-10 12:24:10",Completed,"2026-08-10 12:34:20",Completed,"2026-08-10 13:26:07",Completed,"2026-08-10 13:38:35",Completed,"2026-08-10 14:29:05"
"SAMUEL NGEKEDA",ngekedas48@gmail.com,Completed,"2026-07-29 14:43:49",Completed,"2026-07-29 14:48:35",Completed,"2026-07-29 14:53:30",Completed,"2026-07-29 15:16:04",Completed,"2026-07-30 13:54:25",Completed,"2026-07-30 14:06:47",Completed,"2026-07-30 14:15:43",Completed,"2026-07-30 15:06:55",Completed,"2026-07-30 15:15:47",Completed,"2026-07-30 15:22:49",Completed,"2026-08-14 11:10:58",Completed,"2026-08-14 13:37:09",Completed,"2026-08-18 16:44:36",Completed,"2026-08-18 16:45:19",Completed,"2026-08-25 14:55:55","Completed (achieved pass grade)","2026-08-25 15:34:30",Completed,"2026-08-18 17:00:18",Completed,"2026-07-30 16:16:45",Completed,"2026-08-06 16:21:39",Completed,"2026-08-09 21:47:28",Completed,"2026-08-10 12:58:47",Completed,"2026-08-10 14:03:12",Completed,"2026-08-25 15:36:25",Completed,"2026-08-13 11:21:11",Completed,"2026-08-13 10:32:25",Completed,"2026-08-18 13:52:48",Completed,"2026-08-18 15:21:03",Completed,"2026-08-18 15:33:37",Completed,"2026-08-18 15:46:44",Completed,"2026-08-18 15:41:36",Completed,"2026-08-25 13:38:47",Completed,"2026-08-18 16:40:09",Completed,"2026-08-25 14:36:42"
"ISAAC NKAKANG",isaacnkakang@gmail.com,Completed,"2026-07-30 02:46:31",Completed,"2026-07-22 11:34:52",Completed,"2026-07-22 11:39:48",Completed,"2026-07-22 11:45:39",Completed,"2026-07-22 11:50:39",Completed,"2026-07-22 11:59:57",Completed,"2026-07-22 12:21:47",Completed,"2026-07-22 12:24:54",Completed,"2026-07-22 12:26:46",Completed,"2026-07-22 12:33:52",Completed,"2026-07-24 16:55:34",Completed,"2026-07-24 17:04:47",Completed,"2026-07-25 16:20:32",Completed,"2026-07-25 16:26:04",Completed,"2026-07-31 16:50:36","Completed (achieved pass grade)","2026-07-25 19:07:18",Completed,"2026-07-24 17:25:42",Completed,"2026-07-22 12:39:31",Completed,"2026-07-23 22:28:47",Completed,"2026-07-25 19:17:17",Completed,"2026-07-24 10:50:49",Completed,"2026-07-31 17:00:44",Completed,"2026-07-25 19:11:48",Completed,"2026-07-24 16:12:35",Completed,"2026-07-31 17:15:14",Completed,"2026-07-24 16:47:37",Completed,"2026-07-27 10:32:26",Completed,"2026-07-24 17:15:40",Completed,"2026-07-27 10:51:51",Completed,"2026-07-25 15:37:16",Completed,"2026-07-27 11:58:56",Completed,"2026-07-25 16:16:53",Completed,"2026-07-30 02:07:47"
"SHU&#039;AIBU NUHU",shuaibunuhu1998@gmail.com,Completed,"2026-09-01 19:01:57",Completed,"2026-09-01 19:05:17",Completed,"2026-09-01 19:08:40",Completed,"2026-09-01 19:28:05",Completed,"2026-09-01 19:29:30",Completed,"2026-09-01 19:30:59",Completed,"2026-09-01 19:32:59",Completed,"2026-09-01 19:34:17",Completed,"2026-09-01 19:34:43",Completed,"2026-09-01 19:35:37",Completed,"2026-09-02 23:31:37",Completed,"2026-09-03 09:46:24",Completed,"2026-09-02 23:35:58",Completed,"2026-09-02 23:36:33",Completed,"2026-09-02 23:52:35","Completed (achieved pass grade)","2026-09-02 23:22:11",Completed,"2026-09-02 21:06:52",Completed,"2026-09-01 19:41:13",Completed,"2026-09-01 19:45:56",Completed,"2026-09-02 19:09:57",Completed,"2026-09-02 21:13:52",Completed,"2026-09-02 21:54:52",Completed,"2026-09-02 22:23:59",Completed,"2026-09-02 22:31:42",Completed,"2026-09-02 23:05:35",Completed,"2026-09-03 11:46:27",Completed,"2026-09-03 12:22:54",Completed,"2026-09-03 12:40:49",Completed,"2026-09-03 13:06:48",Completed,"2026-09-03 13:15:24",Completed,"2026-09-03 13:45:35",Completed,"2026-09-02 13:39:20",Completed,"2026-09-03 14:13:12"
"CHIJIOKE NWAOKO",chijiokenwaoko@gmail.com,Completed,"2026-08-19 17:44:32",Completed,"2026-08-08 10:46:44",Completed,"2026-08-08 10:46:18",Completed,"2026-08-08 10:52:50",Completed,"2026-08-19 17:45:10",Completed,"2026-08-08 11:33:03",Completed,"2026-08-08 11:51:18",Completed,"2026-08-08 11:56:39",Completed,"2026-08-08 12:25:17",Completed,"2026-08-08 12:25:19",Completed,"2026-08-17 13:53:21",Completed,"2026-08-11 14:19:56",Completed,"2026-08-15 16:18:14",Completed,"2026-08-15 16:24:13",Completed,"2026-08-19 17:37:13","Completed (achieved pass grade)","2026-08-17 12:31:48",Completed,"2026-08-11 16:29:32",Completed,"2026-08-08 12:30:02",Completed,"2026-08-08 13:34:15",Completed,"2026-08-19 15:43:54",Completed,"2026-08-10 12:04:59",Completed,"2026-08-19 16:06:49",Completed,"2026-08-19 18:02:08",Completed,"2026-08-10 14:29:30",Completed,"2026-08-19 15:53:05",Completed,"2026-08-11 16:21:13",Completed,"2026-08-19 17:08:54",Completed,"2026-08-11 16:28:14",Completed,"2026-08-19 17:14:33",Completed,"2026-08-15 15:26:47",Completed,"2026-08-19 17:20:53",Completed,"2026-08-15 15:31:39",Completed,"2026-08-19 17:26:26"
"DANIEL OBIANKE",danielobianke@yahoo.com,Completed,"2026-07-10 10:14:40",Completed,"2026-07-10 09:55:09",Completed,"2026-07-10 09:56:29",Completed,"2026-07-10 09:58:29",Completed,"2026-07-10 09:58:30",Completed,"2026-07-10 09:58:31",Completed,"2026-07-10 09:58:32",Completed,"2026-07-10 09:58:34",Completed,"2026-07-10 09:58:35",Completed,"2026-07-10 09:58:37",Completed,"2026-07-22 09:14:19",Completed,"2026-07-14 00:31:07",Completed,"2026-07-22 10:40:23",Completed,"2026-07-10 10:14:46",Completed,"2026-07-23 12:00:17","Completed (achieved pass grade)","2026-07-23 12:07:56",Completed,"2026-07-10 10:14:38",Completed,"2026-07-10 10:02:42",Completed,"2026-07-10 10:06:47",Completed,"2026-07-13 23:56:36",Completed,"2026-07-10 10:12:55",Completed,"2026-07-14 00:16:24",Completed,"2026-07-10 10:14:17",Completed,"2026-07-22 09:22:01",Completed,"2026-07-14 00:21:54",Completed,"2026-07-22 09:28:01",Completed,"2026-07-14 00:30:46",Completed,"2026-07-22 10:28:15",Completed,"2026-07-14 00:37:27",Completed,"2026-07-22 10:30:57",Completed,"2026-07-14 00:50:33",Completed,"2026-07-22 10:33:37",Completed,"2026-07-14 00:57:53"
"KINGSLEY OBIDINNU",obidinnukingsley@gmail.com,Completed,"2026-08-29 17:41:38",Completed,"2026-08-29 18:09:50",Completed,"2026-08-29 17:50:54",Completed,"2026-08-29 21:53:04",Completed,"2026-08-29 22:00:15",Completed,"2026-08-29 22:06:11",Completed,"2026-08-29 22:26:43",Completed,"2026-08-29 22:29:30",Completed,"2026-08-29 22:38:32",Completed,"2026-08-29 22:41:16",Completed,"2026-09-12 12:39:41","Not completed",,"Not completed",,"Not completed",,"Not completed",,"Not completed",,Completed,"2026-08-29 21:39:32",Completed,"2026-08-29 21:45:28",Completed,"2026-08-30 19:06:18",Completed,"2026-09-11 12:40:19",Completed,"2026-09-11 13:46:03",Completed,"2026-09-11 14:27:02","Not completed",,"Not completed",,Completed,"2026-09-12 12:13:09",Completed,"2026-09-12 12:35:33",Completed,"2026-09-20 23:19:44",Completed,"2026-09-26 00:11:10","Not completed","1970-01-01 01:00:00","Not completed",,"Not completed",,"Not completed",,"Not completed",
"EMMANUEL OCHE",kingmaxtrillion@gmail.com,Completed,"2026-06-15 18:32:16",Completed,"2026-06-05 22:34:34",Completed,"2026-06-10 03:46:02",Completed,"2026-06-05 22:34:34",Completed,"2026-06-05 22:34:35",Completed,"2026-06-05 22:34:35",Completed,"2026-06-05 22:34:36",Completed,"2026-06-05 22:34:38",Completed,"2026-06-05 22:34:36",Completed,"2026-06-05 22:34:38",Completed,"2026-06-15 12:02:49",Completed,"2026-06-05 22:34:42",Completed,"2026-06-15 12:20:01",Completed,"2026-06-05 22:34:51",Completed,"2026-06-15 12:00:25","Completed (achieved pass grade)","2026-07-05 09:40:28",Completed,"2026-06-05 22:34:50",Completed,"2026-06-10 03:51:34",Completed,"2026-06-10 03:54:51",Completed,"2026-06-10 03:42:42",Completed,"2026-06-10 04:45:27",Completed,"2026-06-10 04:39:48",Completed,"2026-06-15 12:08:13",Completed,"2026-06-12 18:12:50",Completed,"2026-06-12 18:04:16",Completed,"2026-06-14 11:01:18",Completed,"2026-06-12 19:11:47",Completed,"2026-06-14 11:27:16",Completed,"2026-06-14 11:23:50",Completed,"2026-06-14 12:26:18",Completed,"2026-06-14 12:23:08",Completed,"2026-06-15 08:58:54",Completed,"2026-06-15 08:55:08"
"GENESIS ODINMUO",treygen24@gmail.com,Completed,"2026-08-14 14:46:49","Not completed",,"Not completed",,Completed,"2026-08-14 14:47:29",Completed,"2026-08-14 14:47:35",Completed,"2026-08-14 14:47:42",Completed,"2026-08-14 14:47:50",Completed,"2026-08-14 14:47:59",Completed,"2026-08-14 14:48:08",Completed,"2026-08-14 14:48:23","Not completed",,"Not completed",,"Not completed",,"Not completed",,"Not completed",,"Not completed",,"Not completed",,Completed,"2026-08-14 15:34:08",Completed,"2026-08-14 15:29:06",Completed,"2026-08-14 15:19:42",Completed,"2026-08-14 15:39:53",Completed,"2026-08-14 15:54:50",Completed,"2026-08-14 15:52:15","Not completed",,"Not completed",,"Not completed",,"Not completed",,"Not completed",,"Not completed",,"Not completed",,"Not completed",,"Not completed",,"Not completed",
"SOLOMON ODIPE",odipesolomon22@gmail.com,Completed,"2026-06-03 03:33:19",Completed,"2026-06-02 15:45:46",Completed,"2026-06-05 01:16:24",Completed,"2026-06-02 15:48:21",Completed,"2026-06-02 15:49:08",Completed,"2026-06-02 15:49:09",Completed,"2026-06-02 15:49:10",Completed,"2026-06-02 15:49:12",Completed,"2026-06-02 15:49:13",Completed,"2026-06-02 15:49:15",Completed,"2026-06-07 14:39:47",Completed,"2026-06-07 14:40:14",Completed,"2026-06-07 06:02:49",Completed,"2026-06-07 06:03:00",Completed,"2026-06-07 14:04:25","Completed (achieved pass grade)","2026-07-05 09:40:27",Completed,"2026-06-07 14:08:48",Completed,"2026-06-05 01:21:29",Completed,"2026-06-05 01:25:58",Completed,"2026-06-05 02:11:37",Completed,"2026-06-05 02:16:46",Completed,"2026-06-05 02:32:12",Completed,"2026-06-05 02:35:01",Completed,"2026-06-05 11:41:56",Completed,"2026-06-05 13:03:25",Completed,"2026-06-05 13:06:35",Completed,"2026-06-05 13:33:12",Completed,"2026-06-05 13:35:12",Completed,"2026-06-05 13:47:56",Completed,"2026-06-05 13:49:05",Completed,"2026-06-05 14:29:46",Completed,"2026-06-05 14:48:15",Completed,"2026-06-05 14:50:50"
"FIYINFOLUWA ODUNEWU",techpropraise14@gmail.com,Completed,"2026-08-10 14:01:38",Completed,"2026-08-10 13:57:55",Completed,"2026-08-10 14:05:01",Completed,"2026-08-10 14:05:36",Completed,"2026-08-10 14:05:37",Completed,"2026-08-10 14:05:38",Completed,"2026-08-10 14:05:38",Completed,"2026-08-10 14:05:39",Completed,"2026-08-10 14:06:38",Completed,"2026-08-10 14:06:38",Completed,"2026-08-31 11:22:54",Completed,"2026-08-31 11:53:29",Completed,"2026-08-31 14:56:11",Completed,"2026-08-31 14:41:19",Completed,"2026-08-31 16:01:19","Completed (achieved pass grade)","2026-08-31 15:05:19",Completed,"2026-08-31 14:41:18",Completed,"2026-08-10 14:14:52",Completed,"2026-08-10 14:40:14",Completed,"2026-08-10 15:23:42",Completed,"2026-08-10 15:42:35",Completed,"2026-08-10 15:55:55",Completed,"2026-08-31 15:10:53",Completed,"2026-08-10 16:13:27",Completed,"2026-08-31 11:11:42",Completed,"2026-08-31 11:25:34",Completed,"2026-08-31 11:54:13",Completed,"2026-08-31 12:14:26",Completed,"2026-08-31 12:42:49",Completed,"2026-08-31 12:54:37",Completed,"2026-08-31 13:29:47",Completed,"2026-08-31 13:43:21",Completed,"2026-08-31 14:17:15"
"EMMANUEL OGBE",ogbee02@gmail.com,Completed,"2026-08-17 11:40:58",Completed,"2026-08-17 14:22:16",Completed,"2026-08-17 14:27:43",Completed,"2026-08-17 14:32:24",Completed,"2026-08-17 14:54:55",Completed,"2026-08-17 15:02:29",Completed,"2026-08-17 15:23:43",Completed,"2026-08-17 15:32:13",Completed,"2026-08-17 15:46:02",Completed,"2026-08-17 16:00:23",Completed,"2026-08-18 15:56:19",Completed,"2026-08-18 15:39:14",Completed,"2026-08-19 13:49:33",Completed,"2026-08-19 13:53:50",Completed,"2026-08-25 11:51:42","Completed (achieved pass grade)","2026-08-19 14:07:41",Completed,"2026-08-19 14:12:13",Completed,"2026-08-17 16:13:47",Completed,"2026-08-17 16:52:02",Completed,"2026-08-21 23:33:59",Completed,"2026-08-17 17:30:15",Completed,"2026-08-24 01:34:18",Completed,"2026-08-19 14:14:19",Completed,"2026-08-18 14:12:01",Completed,"2026-08-24 02:18:50",Completed,"2026-08-18 15:00:35",Completed,"2026-08-24 01:25:29",Completed,"2026-08-18 15:54:57",Completed,"2026-08-24 01:19:21",Completed,"2026-08-19 13:18:54",Completed,"2026-08-24 01:51:46",Completed,"2026-08-19 13:46:09",Completed,"2026-08-24 01:58:44"
"LEKAN OGUNDARE",plekanogundare@gmail.com,"Not completed",,Completed,"2026-09-11 11:44:32",Completed,"2026-09-11 11:50:02","Not completed",,"Not completed",,"Not completed",,"Not completed",,"Not completed",,"Not completed",,"Not completed",,"Not completed",,"Not completed",,"Not completed",,"Not completed",,"Not completed",,"Not completed",,Completed,"2026-09-11 11:59:05",Completed,"2026-09-11 13:10:30","Not completed","1970-01-01 01:00:00","Not completed",,"Not completed",,"Not completed",,"Not completed",,"Not completed",,"Not completed",,"Not completed",,"Not completed",,"Not completed",,"Not completed",,"Not completed",,"Not completed",,"Not completed",,"Not completed",
"SAMUEL OGUNLEYE",ogunleye476@gmail.com,Completed,"2026-09-09 10:41:14",Completed,"2026-09-09 10:42:27",Completed,"2026-09-09 10:44:57",Completed,"2026-09-09 10:50:38",Completed,"2026-09-09 11:01:32",Completed,"2026-09-09 11:08:31",Completed,"2026-09-09 11:17:53",Completed,"2026-09-09 11:19:26",Completed,"2026-09-09 11:22:42",Completed,"2026-09-09 11:32:30","Not completed",,"Not completed",,"Not completed",,"Not completed",,"Not completed",,"Not completed",,"Not completed",,Completed,"2026-09-09 11:37:53",Completed,"2026-09-09 12:02:35",Completed,"2026-09-09 12:42:00","Not completed",,"Not completed",,"Not completed",,"Not completed",,"Not completed",,"Not completed",,"Not completed",,"Not completed",,"Not completed",,"Not completed",,"Not completed",,"Not completed",,"Not completed",
"CHINEDU OHAKWE",faveohak1103@gmail.com,Completed,"2026-07-01 22:09:08",Completed,"2026-07-01 22:01:52",Completed,"2026-07-01 22:05:11",Completed,"2026-07-01 22:02:12",Completed,"2026-07-01 22:02:10",Completed,"2026-07-01 22:02:09",Completed,"2026-07-01 22:02:11",Completed,"2026-07-01 22:02:08",Completed,"2026-07-01 22:02:07",Completed,"2026-07-01 22:02:04",Completed,"2026-07-01 22:39:07",Completed,"2026-07-01 22:04:07",Completed,"2026-07-01 22:29:50",Completed,"2026-07-01 22:30:01",Completed,"2026-07-01 22:31:29","Completed (achieved pass grade)","2026-07-05 09:40:28",Completed,"2026-07-01 22:36:13",Completed,"2026-07-01 22:08:46",Completed,"2026-07-01 22:10:53",Completed,"2026-07-01 22:12:22",Completed,"2026-07-01 22:16:25",Completed,"2026-07-01 22:17:07",Completed,"2026-07-01 22:37:58",Completed,"2026-07-01 22:19:34",Completed,"2026-07-01 22:20:17",Completed,"2026-07-01 22:21:36",Completed,"2026-07-01 22:23:03",Completed,"2026-07-01 22:24:13",Completed,"2026-07-01 22:25:41",Completed,"2026-07-01 22:26:48",Completed,"2026-07-01 22:27:23",Completed,"2026-07-01 22:28:27",Completed,"2026-07-01 22:29:03"
"GRACE OJEATA",graceosaretin34@gmail.com,Completed,"2026-09-01 13:35:12",Completed,"2026-09-01 13:37:29",Completed,"2026-09-01 13:38:51",Completed,"2026-09-01 13:39:53",Completed,"2026-09-01 13:41:36",Completed,"2026-09-02 17:50:27",Completed,"2026-09-02 18:31:52",Completed,"2026-09-02 18:32:34",Completed,"2026-09-02 18:39:12",Completed,"2026-09-02 18:53:44","Not completed",,"Not completed",,"Not completed",,"Not completed",,"Not completed",,"Not completed",,"Not completed",,Completed,"2026-09-02 18:57:59","Not completed",,"Not completed",,"Not completed",,"Not completed",,"Not completed",,"Not completed",,"Not completed",,"Not completed",,"Not completed",,"Not completed",,"Not completed",,"Not completed",,"Not completed",,"Not completed",,"Not completed",
"MICHAEL OJEKUNLE",michaeltemileyi@gmail.com,Completed,"2026-09-16 00:43:29",Completed,"2026-09-16 00:45:39",Completed,"2026-09-16 00:47:39",Completed,"2026-09-16 00:53:26",Completed,"2026-09-16 00:55:24",Completed,"2026-09-16 01:04:53",Completed,"2026-09-16 01:07:51",Completed,"2026-09-16 01:11:59",Completed,"2026-09-16 01:16:13","Not completed",,"Not completed",,"Not completed",,"Not completed",,"Not completed",,"Not completed",,"Not completed",,"Not completed",,"Not completed",,"Not completed",,"Not completed",,"Not completed",,"Not completed",,"Not completed",,"Not completed",,"Not completed",,"Not completed",,"Not completed",,"Not completed",,"Not completed",,"Not completed",,"Not completed",,"Not completed",,"Not completed",
"DANIEL OJO",danieloluwaseunfunmi101@gmail.com,Completed,"2026-07-29 13:07:09",Completed,"2026-07-29 13:09:38",Completed,"2026-07-29 13:11:42",Completed,"2026-07-29 13:15:38",Completed,"2026-07-29 13:18:26",Completed,"2026-07-29 13:27:08",Completed,"2026-08-04 13:38:44",Completed,"2026-08-04 13:46:16",Completed,"2026-08-04 13:54:09",Completed,"2026-08-04 14:01:57",Completed,"2026-08-08 12:44:01",Completed,"2026-08-08 13:52:11",Completed,"2026-08-13 20:57:36",Completed,"2026-08-13 20:57:54","Not completed",,"Completed (achieved pass grade)","2026-08-13 21:07:35",Completed,"2026-08-13 21:07:57",Completed,"2026-08-04 14:12:41",Completed,"2026-08-04 16:02:29",Completed,"2026-08-06 13:26:56",Completed,"2026-08-06 13:39:47",Completed,"2026-08-08 11:55:52",Completed,"2026-08-13 21:08:50",Completed,"2026-08-08 12:14:23",Completed,"2026-08-08 12:36:43",Completed,"2026-08-08 13:19:27",Completed,"2026-08-08 13:43:31",Completed,"2026-08-08 13:54:37",Completed,"2026-08-08 14:11:20",Completed,"2026-08-08 15:24:56",Completed,"2026-08-13 17:13:09",Completed,"2026-08-13 20:31:10",Completed,"2026-08-13 20:50:00"
"ISRAEL OJO",israelolufemi4@gmail.com,Completed,"2026-07-20 14:20:58",Completed,"2026-07-10 02:11:11",Completed,"2026-07-10 02:15:05",Completed,"2026-07-14 09:49:44",Completed,"2026-07-14 10:17:08",Completed,"2026-07-14 10:26:51",Completed,"2026-07-14 10:33:22",Completed,"2026-07-14 10:36:19",Completed,"2026-07-14 10:45:41",Completed,"2026-07-14 10:56:36",Completed,"2026-07-14 14:31:01",Completed,"2026-07-14 14:32:17",Completed,"2026-07-14 14:35:28",Completed,"2026-07-14 14:36:51",Completed,"2026-07-20 10:19:58","Completed (achieved pass grade)","2026-07-20 14:34:25",Completed,"2026-07-14 15:45:05",Completed,"2026-07-14 11:02:08",Completed,"2026-07-14 11:50:21",Completed,"2026-07-14 12:10:59",Completed,"2026-07-14 12:16:15",Completed,"2026-07-20 10:38:09",Completed,"2026-07-20 09:32:40",Completed,"2026-07-14 13:19:40",Completed,"2026-07-20 10:50:37",Completed,"2026-07-14 13:25:22",Completed,"2026-07-20 11:06:24",Completed,"2026-07-14 13:30:22",Completed,"2026-07-20 11:34:15",Completed,"2026-07-14 14:19:32",Completed,"2026-07-20 13:41:09",Completed,"2026-07-14 14:25:03",Completed,"2026-07-20 13:53:47"
"CHINEMEREM OKAFOR",chinemeremmiracle69@gmail.com,Completed,"2026-09-03 11:11:35",Completed,"2026-08-26 14:35:46",Completed,"2026-08-26 14:44:31",Completed,"2026-08-27 10:14:12",Completed,"2026-08-27 10:20:34",Completed,"2026-08-27 10:27:14",Completed,"2026-08-27 10:29:58",Completed,"2026-08-27 10:36:02",Completed,"2026-08-27 10:49:36",Completed,"2026-09-03 11:11:39",Completed,"2026-09-03 11:45:18",Completed,"2026-08-28 17:48:05",Completed,"2026-08-28 18:54:41",Completed,"2026-08-28 19:12:57",Completed,"2026-09-02 13:52:47","Completed (achieved pass grade)","2026-08-28 19:04:50",Completed,"2026-08-28 19:06:14",Completed,"2026-08-27 11:54:07",Completed,"2026-08-26 14:48:23",Completed,"2026-09-02 12:50:15",Completed,"2026-08-27 12:04:19",Completed,"2026-09-02 13:01:34",Completed,"2026-08-28 19:06:58",Completed,"2026-08-28 15:51:57",Completed,"2026-09-02 14:09:24",Completed,"2026-08-28 15:57:22",Completed,"2026-09-02 10:32:50",Completed,"2026-08-28 16:01:42",Completed,"2026-09-02 13:15:40",Completed,"2026-08-28 16:08:55",Completed,"2026-09-02 12:32:40",Completed,"2026-08-28 16:13:45",Completed,"2026-09-02 10:52:15"
"CHIEMERIE OKEKE",princeraphaelemmy@gmail.com,Completed,"2026-06-04 19:24:01",Completed,"2026-06-04 19:25:02",Completed,"2026-06-04 19:30:31",Completed,"2026-06-24 18:22:55",Completed,"2026-07-07 15:49:15",Completed,"2026-07-07 15:49:39",Completed,"2026-07-07 15:50:02",Completed,"2026-07-07 15:50:09",Completed,"2026-07-07 15:50:17",Completed,"2026-07-07 15:50:25",Completed,"2026-07-27 12:36:24",Completed,"2026-07-27 12:52:16",Completed,"2026-07-27 14:04:48",Completed,"2026-07-27 14:07:00",Completed,"2026-07-27 14:32:46","Completed (achieved pass grade)","2026-07-27 14:46:35",Completed,"2026-07-27 14:47:36",Completed,"2026-07-07 15:55:35",Completed,"2026-07-24 20:20:11",Completed,"2026-07-27 10:19:19",Completed,"2026-07-27 10:27:57",Completed,"2026-07-27 10:36:33",Completed,"2026-07-27 14:51:01",Completed,"2026-07-27 12:21:04",Completed,"2026-07-27 12:35:07",Completed,"2026-07-27 12:44:21",Completed,"2026-07-27 12:50:08",Completed,"2026-07-27 12:55:28",Completed,"2026-07-27 13:07:08",Completed,"2026-07-27 13:15:49",Completed,"2026-07-27 13:36:12",Completed,"2026-07-27 13:44:08",Completed,"2026-07-27 14:00:46"
"VICTOR OKEKE",victor.okeke1907@outlook.com,Completed,"2026-07-02 15:34:35",Completed,"2026-07-02 15:55:33",Completed,"2026-07-02 15:36:56",Completed,"2026-07-02 17:19:03",Completed,"2026-07-02 17:19:05",Completed,"2026-07-02 17:19:05",Completed,"2026-07-02 17:19:06",Completed,"2026-07-02 17:19:07",Completed,"2026-07-02 17:19:08",Completed,"2026-07-02 17:19:09",Completed,"2026-07-20 17:52:38",Completed,"2026-07-20 17:54:01",Completed,"2026-07-20 17:58:29",Completed,"2026-07-20 18:00:32",Completed,"2026-07-20 22:24:48","Completed (achieved pass grade)","2026-07-20 22:40:19",Completed,"2026-07-02 17:21:48",Completed,"2026-07-02 16:00:14",Completed,"2026-07-02 16:04:42",Completed,"2026-07-20 17:28:09",Completed,"2026-07-02 16:53:58",Completed,"2026-07-20 17:49:15",Completed,"2026-07-21 14:18:17",Completed,"2026-07-02 22:59:42",Completed,"2026-07-17 20:11:46",Completed,"2026-07-17 20:15:28",Completed,"2026-07-17 21:17:22",Completed,"2026-07-18 17:04:46",Completed,"2026-07-18 21:14:09",Completed,"2026-07-18 21:17:23",Completed,"2026-07-20 16:09:31",Completed,"2026-07-20 16:13:35",Completed,"2026-07-20 17:11:56"
"GODWIN OKONKWO",okonkwogodwin100@gmail.com,Completed,"2026-09-26 12:54:38",Completed,"2026-09-26 12:55:02",Completed,"2026-09-28 09:44:47",Completed,"2026-09-26 13:00:14",Completed,"2026-09-26 12:59:51",Completed,"2026-09-26 12:59:28",Completed,"2026-09-26 12:59:06",Completed,"2026-09-26 12:58:26",Completed,"2026-09-26 13:00:56",Completed,"2026-09-26 13:01:47","Not completed",,Completed,"2026-09-26 13:02:38","Not completed",,Completed,"2026-09-26 13:03:29","Not completed",,"Not completed",,Completed,"2026-09-26 13:03:55",Completed,"2026-09-28 09:53:39",Completed,"2026-09-28 10:06:37","Not completed","1970-01-01 01:00:00","Not completed",,"Not completed",,"Not completed",,"Not completed",,"Not completed",,"Not completed",,"Not completed",,"Not completed",,"Not completed",,"Not completed",,"Not completed",,"Not completed",,"Not completed",
"VICTORY OKONKWO",ogoblaq@gmail.com,Completed,"2026-09-27 09:13:36",Completed,"2026-09-27 09:14:10",Completed,"2026-09-27 10:38:28",Completed,"2026-09-27 10:46:12",Completed,"2026-09-27 10:46:40",Completed,"2026-09-27 10:47:15",Completed,"2026-09-27 11:03:11",Completed,"2026-09-27 11:04:23",Completed,"2026-09-27 11:04:58",Completed,"2026-09-27 12:02:15","Not completed",,"Not completed",,"Not completed",,"Not completed",,"Not completed",,"Not completed",,"Not completed",,"Not completed","1970-01-01 01:00:00","Not completed",,"Not completed",,"Not completed",,"Not completed",,"Not completed",,"Not completed",,"Not completed",,"Not completed",,"Not completed",,"Not completed",,"Not completed",,"Not completed",,"Not completed",,"Not completed",,"Not completed",
"TEMITOPE OKUBANJO",temitop4real@gmail.com,Completed,"2026-07-29 14:33:44",Completed,"2026-07-13 09:47:35",Completed,"2026-07-13 09:53:02",Completed,"2026-07-13 09:53:43",Completed,"2026-07-13 10:37:47",Completed,"2026-07-13 10:39:46",Completed,"2026-07-13 10:53:59",Completed,"2026-07-13 11:01:25",Completed,"2026-07-13 11:01:43",Completed,"2026-07-13 11:15:02",Completed,"2026-07-21 10:20:57",Completed,"2026-07-22 11:49:25",Completed,"2026-07-24 15:48:41",Completed,"2026-07-24 15:52:03",Completed,"2026-07-29 12:29:46","Completed (achieved pass grade)","2026-07-29 14:17:56",Completed,"2026-07-29 14:26:43",Completed,"2026-07-13 11:24:35",Completed,"2026-07-13 11:57:52",Completed,"2026-07-14 12:00:29",Completed,"2026-07-15 09:17:41",Completed,"2026-07-15 09:51:36",Completed,"2026-07-29 14:31:29",Completed,"2026-07-15 11:48:56",Completed,"2026-07-21 10:18:53",Completed,"2026-07-15 14:38:15",Completed,"2026-07-21 12:48:59",Completed,"2026-07-22 11:54:52",Completed,"2026-07-22 13:14:11",Completed,"2026-07-22 13:18:03",Completed,"2026-07-22 15:08:48",Completed,"2026-07-22 15:11:07",Completed,"2026-07-24 15:42:17"
"ABDULRAHMAN OKUNLOLA",muhammadmufty77@gmail.com,Completed,"2026-08-29 18:23:09",Completed,"2026-08-29 18:24:33",Completed,"2026-08-29 18:27:52",Completed,"2026-08-29 18:31:36",Completed,"2026-08-29 18:34:48",Completed,"2026-08-29 19:58:23",Completed,"2026-08-29 20:10:21",Completed,"2026-08-29 20:11:07",Completed,"2026-08-29 20:13:29",Completed,"2026-08-29 20:15:49","Not completed",,"Not completed",,"Not completed",,"Not completed",,"Not completed",,"Not completed",,"Not completed",,Completed,"2026-08-29 20:21:09",Completed,"2026-08-29 21:30:14","Not completed","1970-01-01 01:00:00","Not completed",,"Not completed",,"Not completed",,"Not completed",,"Not completed",,"Not completed",,"Not completed",,"Not completed",,"Not completed",,"Not completed",,"Not completed",,"Not completed",,"Not completed",
"SAMUEL OKUNOLA",samuelokunola18@gmail.com,Completed,"2026-07-28 13:27:45",Completed,"2026-07-23 15:37:37",Completed,"2026-07-23 15:41:25",Completed,"2026-07-25 10:39:36",Completed,"2026-07-25 10:39:37",Completed,"2026-07-25 10:39:38",Completed,"2026-07-25 10:39:41",Completed,"2026-07-25 10:39:43",Completed,"2026-07-25 10:39:44",Completed,"2026-07-25 10:39:47",Completed,"2026-07-30 12:14:34",Completed,"2026-07-28 13:00:11",Completed,"2026-07-28 13:20:57",Completed,"2026-07-28 13:21:23",Completed,"2026-07-30 12:07:26","Completed (achieved pass grade)","2026-07-28 13:56:59",Completed,"2026-07-28 12:37:37",Completed,"2026-07-25 11:45:47",Completed,"2026-07-27 14:37:14",Completed,"2026-07-29 15:20:13",Completed,"2026-07-28 10:23:47",Completed,"2026-07-28 16:15:47",Completed,"2026-07-28 13:26:55",Completed,"2026-07-28 11:15:03",Completed,"2026-07-29 15:51:42",Completed,"2026-07-28 12:35:28",Completed,"2026-07-29 11:06:48",Completed,"2026-07-28 13:14:42",Completed,"2026-07-29 11:41:33",Completed,"2026-07-28 13:17:55",Completed,"2026-07-29 12:12:02",Completed,"2026-07-28 13:47:04",Completed,"2026-07-29 13:20:21"
"SAMUEL OKUNOLA",okunolasamuelayo@gmail.com,Completed,"2026-09-12 08:50:05",Completed,"2026-09-12 09:19:53",Completed,"2026-09-12 09:21:37",Completed,"2026-09-12 09:25:40",Completed,"2026-09-12 09:31:47",Completed,"2026-09-12 09:38:49",Completed,"2026-09-12 09:45:48",Completed,"2026-09-12 09:48:14",Completed,"2026-09-12 09:57:02",Completed,"2026-09-12 10:00:07",Completed,"2026-09-12 11:26:36",Completed,"2026-09-12 12:34:29",Completed,"2026-09-12 13:16:05",Completed,"2026-09-12 13:20:17",Completed,"2026-09-18 16:45:05","Completed (achieved pass grade)","2026-09-12 13:32:05",Completed,"2026-09-12 13:34:34",Completed,"2026-09-12 10:05:04",Completed,"2026-09-12 10:26:53",Completed,"2026-09-15 22:58:21",Completed,"2026-09-12 10:44:42",Completed,"2026-09-16 00:18:43",Completed,"2026-09-12 13:38:24",Completed,"2026-09-12 11:24:58",Completed,"2026-09-16 13:12:29",Completed,"2026-09-12 12:07:46",Completed,"2026-09-16 14:38:04",Completed,"2026-09-12 12:38:54",Completed,"2026-09-17 14:53:29",Completed,"2026-09-12 12:56:20",Completed,"2026-09-17 16:00:46",Completed,"2026-09-12 13:12:43",Completed,"2026-09-18 13:32:08"
"OLUWABUKOLA OLABISI",hradenike22@gmail.com,Completed,"2026-08-05 17:50:51",Completed,"2026-08-05 17:51:05",Completed,"2026-08-09 05:53:22",Completed,"2026-08-09 07:04:52",Completed,"2026-08-09 07:05:03",Completed,"2026-08-09 07:05:45",Completed,"2026-08-09 07:06:32",Completed,"2026-08-09 07:10:47",Completed,"2026-08-09 07:11:07",Completed,"2026-08-09 07:11:14",Completed,"2026-08-10 09:04:02",Completed,"2026-08-13 15:53:09",Completed,"2026-08-14 17:54:56",Completed,"2026-08-14 17:56:36",Completed,"2026-08-14 18:11:35","Completed (achieved pass grade)","2026-08-14 18:43:28",Completed,"2026-08-09 05:56:08",Completed,"2026-08-08 09:04:27",Completed,"2026-08-08 09:06:58",Completed,"2026-08-08 09:33:04",Completed,"2026-08-09 06:00:41",Completed,"2026-08-09 06:19:17",Completed,"2026-08-14 18:48:01",Completed,"2026-08-10 07:50:27",Completed,"2026-08-10 07:59:21",Completed,"2026-08-11 12:31:03",Completed,"2026-08-11 12:43:05",Completed,"2026-08-11 14:37:21",Completed,"2026-08-13 14:50:59",Completed,"2026-08-14 13:58:13",Completed,"2026-08-14 14:19:35",Completed,"2026-08-14 15:47:31",Completed,"2026-08-14 15:59:26"
"MONSURUDEEN OLADEPO",oladepomonsurudeen@gmail.com,Completed,"2026-06-07 13:08:08",Completed,"2026-06-07 08:11:51",Completed,"2026-06-07 10:04:09",Completed,"2026-06-07 10:06:31",Completed,"2026-06-07 10:06:40",Completed,"2026-06-07 10:06:53",Completed,"2026-06-07 10:06:58",Completed,"2026-06-07 10:07:33",Completed,"2026-06-07 10:07:37",Completed,"2026-06-07 10:07:42",Completed,"2026-06-07 11:58:11",Completed,"2026-06-07 13:07:51",Completed,"2026-06-07 13:00:19",Completed,"2026-06-07 13:00:31",Completed,"2026-06-07 13:01:00","Completed (achieved pass grade)","2026-07-05 09:40:27",Completed,"2026-06-07 13:07:12",Completed,"2026-06-07 10:12:48",Completed,"2026-06-07 10:19:25",Completed,"2026-06-07 10:22:15",Completed,"2026-06-07 10:27:29",Completed,"2026-06-07 10:38:04",Completed,"2026-06-07 13:12:07",Completed,"2026-06-07 11:56:39",Completed,"2026-06-07 11:57:49",Completed,"2026-06-07 12:01:33",Completed,"2026-06-07 12:02:19",Completed,"2026-06-07 12:07:39",Completed,"2026-06-07 12:12:22",Completed,"2026-06-07 12:16:15",Completed,"2026-06-07 12:56:06",Completed,"2026-06-07 12:58:26",Completed,"2026-06-07 12:59:10"
"GABRIEL OLADIMEJI",gabriel.oladimeji81@gmail.com,Completed,"2026-06-10 22:49:25",Completed,"2026-06-10 22:51:53",Completed,"2026-06-10 22:53:02",Completed,"2026-06-10 23:39:34",Completed,"2026-06-10 23:59:48",Completed,"2026-06-11 00:04:25",Completed,"2026-06-11 00:09:08",Completed,"2026-06-11 00:12:30",Completed,"2026-06-11 00:16:21",Completed,"2026-06-11 00:20:21",Completed,"2026-06-14 15:19:00",Completed,"2026-06-14 21:40:51",Completed,"2026-06-21 22:50:26",Completed,"2026-06-21 22:52:53",Completed,"2026-06-23 21:59:43","Completed (achieved pass grade)","2026-08-03 20:37:44",Completed,"2026-08-03 20:38:24",Completed,"2026-06-11 00:20:12",Completed,"2026-06-11 00:39:29",Completed,"2026-06-13 22:16:52",Completed,"2026-06-13 22:25:52",Completed,"2026-06-13 23:24:33",Completed,"2026-06-23 22:12:41",Completed,"2026-06-13 23:29:29",Completed,"2026-06-14 15:18:35",Completed,"2026-06-14 20:35:30",Completed,"2026-06-14 21:32:16",Completed,"2026-06-21 17:45:14",Completed,"2026-06-21 21:25:02",Completed,"2026-06-21 18:01:01",Completed,"2026-06-21 22:16:58",Completed,"2026-06-21 18:11:11",Completed,"2026-06-21 22:48:37"
"TEMITOPE OLAGUNJU",temitopeeniola295@gmail.com,Completed,"2026-07-18 10:29:46",Completed,"2026-07-18 10:31:52",Completed,"2026-07-18 10:31:26",Completed,"2026-07-18 10:34:44",Completed,"2026-07-18 10:40:21",Completed,"2026-07-18 10:53:15",Completed,"2026-07-18 11:02:51",Completed,"2026-07-18 11:03:25",Completed,"2026-07-18 11:12:28",Completed,"2026-07-18 11:20:20",Completed,"2026-07-22 12:10:48",Completed,"2026-07-22 13:27:26",Completed,"2026-07-22 14:25:09",Completed,"2026-07-22 14:25:29",Completed,"2026-07-22 14:33:29","Completed (achieved pass grade)","2026-07-22 14:40:20",Completed,"2026-07-22 14:40:59",Completed,"2026-07-18 11:24:04",Completed,"2026-07-20 10:18:40",Completed,"2026-07-20 10:34:03",Completed,"2026-07-20 10:57:34",Completed,"2026-07-20 11:00:48",Completed,"2026-07-22 14:42:38",Completed,"2026-07-20 11:41:46",Completed,"2026-07-20 12:46:54",Completed,"2026-07-22 12:37:47",Completed,"2026-07-22 12:47:10",Completed,"2026-07-22 13:36:17",Completed,"2026-07-22 13:41:46",Completed,"2026-07-22 14:00:06",Completed,"2026-07-22 14:04:35",Completed,"2026-07-22 14:21:25",Completed,"2026-07-22 14:23:22"
"RUKAYAT OLALEYE",olaleyerukayat1@gmail.com,Completed,"2026-06-04 09:35:37",Completed,"2026-06-03 11:44:19",Completed,"2026-06-04 08:44:47",Completed,"2026-06-04 08:50:57",Completed,"2026-06-04 08:50:55",Completed,"2026-06-04 08:50:54",Completed,"2026-06-04 08:50:53",Completed,"2026-06-04 08:50:52",Completed,"2026-06-04 08:50:51",Completed,"2026-06-04 08:50:50",Completed,"2026-06-04 10:44:08",Completed,"2026-06-04 09:36:04",Completed,"2026-06-04 11:51:47",Completed,"2026-06-04 09:35:49",Completed,"2026-06-04 12:30:25","Completed (achieved pass grade)","2026-07-05 09:40:27",Completed,"2026-06-04 09:35:43",Completed,"2026-06-04 08:50:00",Completed,"2026-06-04 08:54:50",Completed,"2026-06-04 09:10:54",Completed,"2026-06-04 09:24:47",Completed,"2026-06-04 09:33:55",Completed,"2026-06-04 09:34:26",Completed,"2026-06-04 09:41:42",Completed,"2026-06-04 10:00:08",Completed,"2026-06-04 10:01:50",Completed,"2026-06-04 10:13:03",Completed,"2026-06-04 10:14:48",Completed,"2026-06-04 10:27:54",Completed,"2026-06-04 10:30:13",Completed,"2026-06-04 11:38:41",Completed,"2026-06-04 10:46:12",Completed,"2026-06-04 11:49:50"
"USMAN OLANASE",usmanaleeyuolanase@gmail.com,Completed,"2026-07-21 17:56:05",Completed,"2026-07-15 15:23:12",Completed,"2026-07-19 14:04:44",Completed,"2026-07-15 15:23:30",Completed,"2026-07-15 15:23:32",Completed,"2026-07-15 15:23:33",Completed,"2026-07-15 15:23:34",Completed,"2026-07-15 15:23:35",Completed,"2026-07-15 15:23:37",Completed,"2026-07-15 15:23:41",Completed,"2026-07-19 16:29:24",Completed,"2026-07-15 15:24:56",Completed,"2026-07-19 17:08:54",Completed,"2026-07-15 15:25:48",Completed,"2026-07-19 17:21:12","Not completed","1970-01-01 01:00:00",Completed,"2026-08-16 20:35:02",Completed,"2026-07-19 14:14:11",Completed,"2026-07-19 16:06:22",Completed,"2026-07-19 14:41:05",Completed,"2026-07-19 14:46:25",Completed,"2026-07-19 14:51:12",Completed,"2026-07-19 14:53:30",Completed,"2026-07-19 15:04:44",Completed,"2026-07-19 15:29:05",Completed,"2026-07-19 15:38:36",Completed,"2026-07-19 16:01:56",Completed,"2026-07-19 16:39:33",Completed,"2026-07-19 16:44:11",Completed,"2026-07-19 16:48:47",Completed,"2026-07-19 16:55:31",Completed,"2026-07-19 16:58:39",Completed,"2026-07-19 17:05:47"
"ABRAHAM OLANIYAN",olaniyanabrahamolaide@gmail.com,Completed,"2026-08-18 09:22:13",Completed,"2026-08-15 16:44:16",Completed,"2026-08-15 16:47:05",Completed,"2026-08-15 16:47:44",Completed,"2026-08-15 16:47:45",Completed,"2026-08-15 16:47:47",Completed,"2026-08-15 16:47:48",Completed,"2026-08-15 16:47:49",Completed,"2026-08-15 16:47:52",Completed,"2026-08-15 16:47:54",Completed,"2026-08-15 17:57:51",Completed,"2026-08-15 17:49:44",Completed,"2026-08-15 18:07:16",Completed,"2026-08-15 18:07:21",Completed,"2026-08-18 09:03:02","Completed (achieved pass grade)","2026-08-15 18:16:01",Completed,"2026-08-15 18:17:04",Completed,"2026-08-15 16:52:55",Completed,"2026-08-15 16:56:15",Completed,"2026-08-15 17:07:35",Completed,"2026-08-15 17:18:19",Completed,"2026-08-15 17:26:43",Completed,"2026-08-15 18:18:40",Completed,"2026-08-15 17:57:02",Completed,"2026-08-16 03:18:13",Completed,"2026-08-15 18:00:12",Completed,"2026-08-16 04:08:10",Completed,"2026-08-15 18:02:30",Completed,"2026-08-17 09:32:08",Completed,"2026-08-15 18:05:19",Completed,"2026-08-17 10:52:40",Completed,"2026-08-15 17:52:19",Completed,"2026-08-18 07:13:36"
"BOLUWATIFE OLANIYAN",olaniyanboluaayo@gmail.com,Completed,"2026-06-03 20:18:46",Completed,"2026-06-03 20:19:08",Completed,"2026-06-03 20:22:37",Completed,"2026-06-03 21:06:57",Completed,"2026-06-03 21:10:37",Completed,"2026-06-03 21:15:49",Completed,"2026-06-03 21:25:04",Completed,"2026-06-03 21:27:15",Completed,"2026-06-03 21:34:51",Completed,"2026-06-03 21:49:35",Completed,"2026-06-04 14:46:28",Completed,"2026-06-04 15:33:40",Completed,"2026-06-04 17:30:12",Completed,"2026-06-04 17:30:52",Completed,"2026-06-04 17:40:28","Completed (achieved pass grade)","2026-07-05 09:40:27",Completed,"2026-06-04 19:57:24",Completed,"2026-06-03 21:55:00",Completed,"2026-06-04 03:02:30",Completed,"2026-06-04 03:12:41",Completed,"2026-06-04 04:21:35",Completed,"2026-06-04 04:31:32",Completed,"2026-06-04 19:59:40",Completed,"2026-06-04 14:36:14",Completed,"2026-06-04 14:45:40",Completed,"2026-06-04 15:18:08",Completed,"2026-06-04 15:30:38",Completed,"2026-06-04 15:37:26",Completed,"2026-06-04 15:48:25",Completed,"2026-06-04 15:55:03",Completed,"2026-06-04 16:21:01",Completed,"2026-06-04 16:37:48",Completed,"2026-06-04 17:28:26"
"JOSEPH OLANIYI",joolaniyi1@gmail.com,Completed,"2026-09-01 16:09:42",Completed,"2026-09-01 16:09:59",Completed,"2026-09-01 16:18:21",Completed,"2026-09-01 17:26:06",Completed,"2026-09-01 17:26:26",Completed,"2026-09-01 17:26:36",Completed,"2026-09-01 17:27:03",Completed,"2026-09-01 17:27:30",Completed,"2026-09-01 17:27:39",Completed,"2026-09-01 17:27:48","Not completed",,"Not completed",,"Not completed",,"Not completed",,"Not completed",,"Not completed",,"Not completed",,Completed,"2026-09-01 17:32:00",Completed,"2026-09-07 16:59:43","Not completed","1970-01-01 01:00:00",Completed,"2026-09-08 17:14:18","Not completed",,"Not completed",,Completed,"2026-09-09 14:06:04","Not completed","1970-01-01 01:00:00",Completed,"2026-09-09 17:10:11","Not completed",,"Not completed",,"Not completed",,Completed,"2026-09-10 09:29:54","Not completed","1970-01-01 01:00:00","Not completed",,"Not completed",
"JOHN OLANREWAJU",johnlanre573@yahoo.com,"Not completed",,"Not completed",,"Not completed",,"Not completed",,"Not completed",,"Not completed",,"Not completed",,"Not completed",,"Not completed",,"Not completed",,"Not completed",,"Not completed",,"Not completed",,"Not completed",,"Not completed",,"Not completed",,"Not completed",,"Not completed",,"Not completed",,"Not completed",,"Not completed",,"Not completed",,"Not completed",,"Not completed",,"Not completed",,"Not completed",,"Not completed",,"Not completed",,"Not completed",,"Not completed",,"Not completed",,"Not completed",,"Not completed",
"YUSUF OLATIGBE",olatigbeyusuf423@gmail.com,Completed,"2026-08-31 12:48:27",Completed,"2026-08-31 12:48:44",Completed,"2026-08-31 12:50:15",Completed,"2026-08-31 12:54:09",Completed,"2026-08-31 12:59:42",Completed,"2026-08-31 13:04:17",Completed,"2026-08-31 13:07:43",Completed,"2026-08-31 13:08:39",Completed,"2026-08-31 13:19:25",Completed,"2026-08-31 13:21:17",Completed,"2026-09-04 07:12:17","Not completed",,Completed,"2026-09-08 10:34:12",Completed,"2026-09-08 10:35:40",Completed,"2026-09-08 10:30:09","Completed (achieved pass grade)","2026-09-08 10:40:30",Completed,"2026-09-08 10:43:44","Not completed","1970-01-01 01:00:00",Completed,"2026-09-01 09:19:37",Completed,"2026-09-01 09:45:38",Completed,"2026-09-02 07:31:09",Completed,"2026-09-02 08:09:28",Completed,"2026-09-08 10:45:01",Completed,"2026-09-03 10:37:53",Completed,"2026-09-03 10:58:31",Completed,"2026-09-04 07:28:43",Completed,"2026-09-04 07:44:15",Completed,"2026-09-05 08:29:36",Completed,"2026-09-05 08:43:01",Completed,"2026-09-06 07:36:20",Completed,"2026-09-06 08:05:54",Completed,"2026-09-07 10:00:30",Completed,"2026-09-07 10:13:59"
"ISAAC OLAWOYIN",olawoyinferanmi7@gmail.com,Completed,"2026-08-09 09:23:09",Completed,"2026-08-09 09:25:50",Completed,"2026-08-09 09:41:09",Completed,"2026-08-09 09:41:39",Completed,"2026-08-09 09:41:39",Completed,"2026-08-09 09:41:40",Completed,"2026-08-09 09:41:41",Completed,"2026-08-09 09:41:43",Completed,"2026-08-09 09:41:43",Completed,"2026-08-09 09:41:44",Completed,"2026-08-09 15:48:21",Completed,"2026-08-09 11:43:14",Completed,"2026-08-09 15:52:39",Completed,"2026-08-09 11:42:52",Completed,"2026-08-09 16:05:18","Completed (achieved pass grade)","2026-08-09 16:20:57",Completed,"2026-08-09 16:21:17",Completed,"2026-08-09 09:44:47",Completed,"2026-08-09 09:48:59",Completed,"2026-08-09 09:54:58",Completed,"2026-08-09 10:18:48",Completed,"2026-08-09 11:30:58",Completed,"2026-08-09 11:41:52",Completed,"2026-08-09 11:51:46",Completed,"2026-08-09 12:13:29",Completed,"2026-08-09 12:21:24",Completed,"2026-08-09 14:22:34",Completed,"2026-08-09 14:47:57",Completed,"2026-08-09 14:56:10",Completed,"2026-08-09 15:06:19",Completed,"2026-08-09 15:20:37",Completed,"2026-08-09 15:30:39",Completed,"2026-08-09 15:39:51"
"TAIWO OLORODE",olamideolayinka626262@gmail.com,Completed,"2026-08-19 12:10:47",Completed,"2026-08-19 11:57:51",Completed,"2026-08-21 13:50:56",Completed,"2026-08-19 13:37:27",Completed,"2026-08-19 13:37:28",Completed,"2026-08-19 13:37:29",Completed,"2026-08-19 13:37:30",Completed,"2026-08-19 13:37:31",Completed,"2026-08-19 13:37:32",Completed,"2026-08-19 13:37:33","Not completed",,Completed,"2026-08-19 13:37:51","Not completed",,Completed,"2026-08-19 13:37:58","Not completed",,"Not completed",,Completed,"2026-08-19 13:38:01",Completed,"2026-08-21 14:03:47",Completed,"2026-08-21 14:08:12","Not completed","1970-01-01 01:00:00","Not completed",,"Not completed",,"Not completed",,"Not completed",,"Not completed","1970-01-01 01:00:00","Not completed",,"Not completed",,"Not completed",,"Not completed",,"Not completed",,"Not completed",,"Not completed",,"Not completed",
"DENNIS OLORUNJU",dennisibukun3@gmail.com,Completed,"2026-09-02 19:44:38",Completed,"2026-09-02 19:46:18",Completed,"2026-09-03 11:40:22",Completed,"2026-09-02 19:48:41",Completed,"2026-09-03 11:56:46",Completed,"2026-09-03 18:56:24",Completed,"2026-09-03 19:10:24",Completed,"2026-09-03 19:15:33",Completed,"2026-09-03 19:34:51",Completed,"2026-09-03 19:42:58",Completed,"2026-09-04 14:48:05",Completed,"2026-09-04 14:49:00",Completed,"2026-09-04 14:51:13",Completed,"2026-09-05 07:22:24",Completed,"2026-09-05 08:21:17","Completed (achieved pass grade)","2026-09-04 14:58:52",Completed,"2026-09-04 15:01:31",Completed,"2026-09-03 20:50:43",Completed,"2026-09-04 14:28:20",Completed,"2026-09-04 16:15:47",Completed,"2026-09-04 14:42:58",Completed,"2026-09-04 16:40:32",Completed,"2026-09-04 15:10:07",Completed,"2026-09-04 14:36:57",Completed,"2026-09-04 20:34:03",Completed,"2026-09-04 14:35:09",Completed,"2026-09-04 22:14:36",Completed,"2026-09-04 14:38:26",Completed,"2026-09-05 00:04:08",Completed,"2026-09-04 14:46:08",Completed,"2026-09-05 00:56:41",Completed,"2026-09-04 14:43:52",Completed,"2026-09-05 02:27:35"
"ELIJAH OLUDAYE",oludaiyem@gmail.com,Completed,"2026-09-07 14:07:06",Completed,"2026-09-07 14:08:20",Completed,"2026-09-07 14:09:59","Not completed",,"Not completed",,"Not completed",,"Not completed",,"Not completed",,"Not completed",,"Not completed",,"Not completed",,"Not completed",,"Not completed",,"Not completed",,"Not completed",,"Not completed",,"Not completed",,"Not completed","1970-01-01 01:00:00","Not completed",,"Not completed",,"Not completed",,"Not completed",,"Not completed",,"Not completed",,"Not completed",,"Not completed",,"Not completed",,"Not completed",,"Not completed",,"Not completed",,"Not completed",,"Not completed",,"Not completed",
"MOSES OLUJIMI",mosesayoolujimi2020@gmail.com,Completed,"2026-08-06 13:48:27",Completed,"2026-08-06 13:48:07",Completed,"2026-08-06 13:50:34",Completed,"2026-08-06 13:52:27",Completed,"2026-08-06 13:55:16",Completed,"2026-08-06 13:59:10",Completed,"2026-08-06 14:03:16",Completed,"2026-08-06 14:04:26",Completed,"2026-08-06 14:04:45",Completed,"2026-08-06 14:11:36",Completed,"2026-08-06 16:14:15",Completed,"2026-08-06 16:34:45",Completed,"2026-08-06 17:18:13",Completed,"2026-08-06 17:18:36",Completed,"2026-08-06 18:54:44","Completed (achieved pass grade)","2026-08-10 10:26:27",Completed,"2026-08-06 17:20:32",Completed,"2026-08-06 14:37:02",Completed,"2026-08-06 14:16:51",Completed,"2026-08-06 15:18:41",Completed,"2026-08-06 15:36:08",Completed,"2026-08-06 15:53:02",Completed,"2026-08-06 17:29:15",Completed,"2026-08-06 16:05:03",Completed,"2026-08-06 16:10:29",Completed,"2026-08-06 16:25:32",Completed,"2026-08-06 16:32:13",Completed,"2026-08-06 16:37:48",Completed,"2026-08-06 16:51:14",Completed,"2026-08-06 16:57:39",Completed,"2026-08-06 17:05:21",Completed,"2026-08-06 17:10:00",Completed,"2026-08-06 17:14:59"
"STEPHEN OLUTUNDE",olutundestephen@gmail.com,Completed,"2026-06-24 12:31:12",Completed,"2026-06-24 12:49:52",Completed,"2026-06-24 12:55:21",Completed,"2026-07-14 07:46:26",Completed,"2026-07-14 07:57:28",Completed,"2026-07-14 08:04:39",Completed,"2026-07-14 08:13:18",Completed,"2026-07-14 08:25:25",Completed,"2026-07-14 08:34:58",Completed,"2026-07-14 08:39:03",Completed,"2026-07-18 12:21:47",Completed,"2026-07-18 12:05:08",Completed,"2026-07-18 13:21:47",Completed,"2026-07-18 13:22:07",Completed,"2026-07-18 13:30:47","Completed (achieved pass grade)","2026-07-18 13:38:31",Completed,"2026-07-14 10:39:36",Completed,"2026-07-14 08:47:37",Completed,"2026-07-14 09:54:58",Completed,"2026-07-14 10:05:19",Completed,"2026-07-14 10:28:57",Completed,"2026-07-14 10:34:22",Completed,"2026-07-14 10:36:42",Completed,"2026-07-17 13:00:33",Completed,"2026-07-17 13:09:04",Completed,"2026-07-18 11:34:16",Completed,"2026-07-18 11:40:05",Completed,"2026-07-18 12:16:33",Completed,"2026-07-18 12:20:27",Completed,"2026-07-18 12:42:06",Completed,"2026-07-18 12:52:57",Completed,"2026-07-18 13:15:46",Completed,"2026-07-18 13:19:56"
"IFEOLUWA OMOBOYE",kolawoleifeoluwa8@gmail.com,Completed,"2026-08-05 10:34:58",Completed,"2026-07-26 11:58:52",Completed,"2026-07-26 12:00:48",Completed,"2026-07-26 12:05:23",Completed,"2026-07-26 12:11:54",Completed,"2026-07-26 12:18:46",Completed,"2026-07-26 12:25:42",Completed,"2026-07-26 12:41:32",Completed,"2026-07-26 12:49:20",Completed,"2026-07-26 12:53:06",Completed,"2026-07-29 10:22:44",Completed,"2026-07-30 10:28:44",Completed,"2026-08-01 09:57:50",Completed,"2026-08-01 10:24:07",Completed,"2026-08-01 10:22:05","Completed (achieved pass grade)","2026-08-15 13:53:19",Completed,"2026-08-02 15:06:02",Completed,"2026-07-26 12:56:15",Completed,"2026-07-27 08:57:30",Completed,"2026-07-27 10:07:29",Completed,"2026-07-28 08:16:41",Completed,"2026-07-28 15:45:17",Completed,"2026-08-01 10:34:47",Completed,"2026-07-29 09:38:47",Completed,"2026-07-29 09:59:44",Completed,"2026-07-30 09:34:52",Completed,"2026-07-30 10:07:57",Completed,"2026-07-30 10:46:36",Completed,"2026-07-30 11:08:49",Completed,"2026-07-31 10:38:44",Completed,"2026-07-31 12:29:31",Completed,"2026-08-01 09:30:24",Completed,"2026-08-01 09:53:40"
"MICHEAL OMOILE",chukwuemeka.omoile@gmail.com,Completed,"2026-06-22 19:18:14",Completed,"2026-06-02 16:50:51",Completed,"2026-06-02 18:27:06",Completed,"2026-06-02 16:50:58",Completed,"2026-06-02 16:51:01",Completed,"2026-06-02 16:54:44",Completed,"2026-06-02 16:54:44",Completed,"2026-06-02 16:54:44",Completed,"2026-06-02 16:54:44",Completed,"2026-06-02 16:54:46",Completed,"2026-06-05 15:52:36",Completed,"2026-06-02 16:55:30",Completed,"2026-06-05 03:45:28",Completed,"2026-06-02 16:55:56",Completed,"2026-06-05 15:20:30","Not completed",,Completed,"2026-06-02 16:55:59",Completed,"2026-06-02 19:03:43",Completed,"2026-06-02 21:03:12",Completed,"2026-06-05 15:04:51",Completed,"2026-06-02 22:38:32",Completed,"2026-06-05 15:13:13",Completed,"2026-06-05 03:50:38",Completed,"2026-06-03 14:09:50",Completed,"2026-06-05 15:09:29",Completed,"2026-06-03 14:17:44",Completed,"2026-06-05 15:10:26",Completed,"2026-06-03 19:22:45",Completed,"2026-06-05 15:11:21",Completed,"2026-06-03 19:28:30",Completed,"2026-06-05 15:12:20",Completed,"2026-06-03 19:35:16",Completed,"2026-06-05 15:03:41"
"TAMUNOIBUOMIE OMONIWARIOFORIYE",tamunoibuomie2020@gmail.com,Completed,"2026-07-14 16:03:32",Completed,"2026-06-06 17:02:07",Completed,"2026-06-06 17:06:13",Completed,"2026-06-09 12:21:31",Completed,"2026-06-09 12:27:14",Completed,"2026-06-09 12:34:06",Completed,"2026-06-09 14:40:05",Completed,"2026-06-11 10:45:30",Completed,"2026-06-11 11:08:30",Completed,"2026-06-11 11:14:23",Completed,"2026-07-07 09:51:59",Completed,"2026-06-23 10:24:14",Completed,"2026-06-27 07:39:34",Completed,"2026-07-02 10:21:26",Completed,"2026-07-14 16:01:01","Completed (achieved pass grade)","2026-07-05 09:40:28",Completed,"2026-06-27 07:54:53",Completed,"2026-06-11 11:19:30",Completed,"2026-06-11 12:01:31",Completed,"2026-06-11 16:50:08",Completed,"2026-06-17 09:54:30",Completed,"2026-06-17 09:49:20",Completed,"2026-06-30 10:39:49",Completed,"2026-06-22 16:57:59",Completed,"2026-06-22 17:43:57",Completed,"2026-06-23 09:44:34",Completed,"2026-06-23 09:40:26",Completed,"2026-06-23 10:07:01",Completed,"2026-06-23 10:23:33",Completed,"2026-06-26 10:43:11",Completed,"2026-07-14 12:21:35",Completed,"2026-06-26 11:35:46",Completed,"2026-07-14 14:09:12"
"MICHEAL OMWERO",omwerom@yahoo.com,Completed,"2026-08-01 13:06:15",Completed,"2026-08-01 13:07:20",Completed,"2026-08-01 13:09:56",Completed,"2026-08-01 13:16:19",Completed,"2026-08-01 13:21:45",Completed,"2026-08-01 13:42:10",Completed,"2026-08-01 13:46:01",Completed,"2026-08-01 13:59:02",Completed,"2026-08-01 14:15:37",Completed,"2026-08-01 14:25:01","Not completed",,Completed,"2026-09-12 13:03:44",Completed,"2026-09-12 17:39:41",Completed,"2026-09-12 17:41:53","Not completed",,"Not completed","1970-01-01 01:00:00",Completed,"2026-09-12 17:42:34",Completed,"2026-08-01 14:29:41",Completed,"2026-08-01 16:45:20",Completed,"2026-08-13 13:39:14",Completed,"2026-08-13 14:18:18",Completed,"2026-08-29 12:12:40","Not completed","1970-01-01 01:00:00",Completed,"2026-08-29 12:35:09",Completed,"2026-08-29 15:41:56",Completed,"2026-09-12 11:25:01",Completed,"2026-09-12 12:38:54",Completed,"2026-09-12 13:21:02",Completed,"2026-09-12 13:44:24",Completed,"2026-09-12 17:21:20",Completed,"2026-09-19 11:54:33",Completed,"2026-09-12 17:38:27",Completed,"2026-09-19 12:36:49"
"CHIJIOKE ONWUBIKO",bennethchijioke@gmail.com,Completed,"2026-08-25 16:03:35",Completed,"2026-08-25 16:00:57",Completed,"2026-08-25 16:06:16","Not completed",,"Not completed",,"Not completed",,"Not completed",,"Not completed",,"Not completed",,"Not completed",,"Not completed",,Completed,"2026-08-31 13:41:33","Not completed",,"Not completed",,"Not completed",,"Not completed",,"Not completed",,"Not completed",,Completed,"2026-08-26 17:44:05",Completed,"2026-08-26 18:09:11",Completed,"2026-08-26 18:19:01",Completed,"2026-08-26 18:54:18",Completed,"2026-08-26 19:06:09",Completed,"2026-08-30 19:28:19",Completed,"2026-08-30 19:13:17",Completed,"2026-08-31 13:05:28",Completed,"2026-08-31 12:48:46",Completed,"2026-08-31 14:38:46",Completed,"2026-08-31 14:54:38",Completed,"2026-09-24 13:21:23",Completed,"2026-09-24 14:23:29","Not completed",,"Not completed",
"MICHAEL ORJI",michaelorji222@gmail.com,Completed,"2026-07-30 11:36:21",Completed,"2026-07-20 22:45:18",Completed,"2026-07-20 22:50:37",Completed,"2026-07-21 22:41:58",Completed,"2026-07-21 22:48:23",Completed,"2026-07-22 06:54:51",Completed,"2026-07-22 07:01:27",Completed,"2026-07-22 07:01:57",Completed,"2026-07-22 07:09:39",Completed,"2026-07-22 07:10:16",Completed,"2026-07-28 12:55:17",Completed,"2026-07-28 13:04:09",Completed,"2026-07-29 15:08:41",Completed,"2026-07-29 15:12:49",Completed,"2026-07-30 10:17:31","Completed (achieved pass grade)","2026-07-29 15:21:46",Completed,"2026-07-29 15:08:59",Completed,"2026-07-30 10:33:42",Completed,"2026-07-22 07:15:17",Completed,"2026-07-22 14:16:03",Completed,"2026-07-24 12:50:42",Completed,"2026-07-22 14:43:04",Completed,"2026-07-29 15:11:47",Completed,"2026-07-24 14:12:32",Completed,"2026-07-28 11:55:38",Completed,"2026-07-28 12:09:50",Completed,"2026-07-28 12:57:22",Completed,"2026-07-28 13:08:35",Completed,"2026-07-28 16:27:33",Completed,"2026-07-29 15:02:48",Completed,"2026-07-29 16:07:25",Completed,"2026-07-29 15:06:18",Completed,"2026-07-30 10:00:41"
"PEARL OSAGHAE",pearlosaghae41@gmail.com,Completed,"2026-06-16 01:05:19",Completed,"2026-06-16 01:06:01",Completed,"2026-06-16 01:08:30",Completed,"2026-06-16 01:12:09",Completed,"2026-06-16 01:15:09",Completed,"2026-06-16 01:17:46",Completed,"2026-06-16 01:29:36",Completed,"2026-06-16 01:29:42",Completed,"2026-06-16 01:30:57",Completed,"2026-06-16 01:34:42",Completed,"2026-06-19 23:33:10",Completed,"2026-06-20 00:29:02",Completed,"2026-06-21 13:42:00",Completed,"2026-06-21 13:42:33",Completed,"2026-06-21 14:24:18","Completed (achieved pass grade)","2026-07-05 09:40:28",Completed,"2026-06-21 14:38:06",Completed,"2026-06-16 01:39:34",Completed,"2026-06-16 15:16:27",Completed,"2026-06-19 23:44:45",Completed,"2026-06-19 20:23:51",Completed,"2026-06-19 22:19:33",Completed,"2026-06-21 14:39:39",Completed,"2026-06-19 20:59:18",Completed,"2026-06-19 23:30:58",Completed,"2026-06-19 23:48:06",Completed,"2026-06-20 00:19:03",Completed,"2026-06-20 00:34:32",Completed,"2026-06-20 21:30:32",Completed,"2026-06-20 21:46:33",Completed,"2026-06-21 13:03:20",Completed,"2026-06-21 13:22:41",Completed,"2026-06-21 13:40:10"
"OSAEBHUEL OSARHEIMEN",osarheimenp@gmail.com,Completed,"2026-09-09 16:58:30",Completed,"2026-09-09 16:58:54",Completed,"2026-09-09 17:03:01",Completed,"2026-09-09 17:04:39",Completed,"2026-09-09 17:04:52",Completed,"2026-09-09 17:05:06",Completed,"2026-09-09 17:05:16",Completed,"2026-09-09 17:05:25",Completed,"2026-09-09 17:05:33",Completed,"2026-09-09 17:05:50",Completed,"2026-09-14 11:20:28",Completed,"2026-09-14 13:44:13",Completed,"2026-09-10 09:52:33",Completed,"2026-09-09 17:35:33",Completed,"2026-09-14 12:44:02","Completed (achieved pass grade)","2026-09-10 09:49:50",Completed,"2026-09-09 17:35:00",Completed,"2026-09-09 17:12:03",Completed,"2026-09-09 17:17:14",Completed,"2026-09-14 15:12:19",Completed,"2026-09-09 17:24:08",Completed,"2026-09-14 08:12:31",Completed,"2026-09-09 17:34:45",Completed,"2026-09-09 17:33:07",Completed,"2026-09-14 11:17:09",Completed,"2026-09-09 17:42:26",Completed,"2026-09-14 14:44:46",Completed,"2026-09-09 17:47:28",Completed,"2026-09-12 14:50:45",Completed,"2026-09-09 17:53:16",Completed,"2026-09-14 14:20:16",Completed,"2026-09-09 17:58:17",Completed,"2026-09-14 13:40:42"
"PRECIOUS OSAWARU",gloweeyah2002@gmail.com,Completed,"2026-09-20 23:07:36",Completed,"2026-09-20 11:58:02",Completed,"2026-09-27 10:07:56",Completed,"2026-09-20 11:58:08",Completed,"2026-09-20 11:58:09",Completed,"2026-09-20 11:58:10",Completed,"2026-09-20 11:58:11",Completed,"2026-09-20 11:58:11",Completed,"2026-09-20 11:58:12",Completed,"2026-09-20 11:58:13",Completed,"2026-09-27 10:52:29",Completed,"2026-09-27 11:41:20",Completed,"2026-09-27 11:25:47",Completed,"2026-09-27 11:16:40",Completed,"2026-09-27 10:25:17","Completed (achieved pass grade)","2026-09-27 11:38:45",Completed,"2026-09-27 11:17:31",Completed,"2026-09-27 10:12:44",Completed,"2026-09-27 10:16:52",Completed,"2026-09-20 12:55:06",Completed,"2026-09-27 10:20:52",Completed,"2026-09-20 13:04:00",Completed,"2026-09-27 11:24:39",Completed,"2026-09-27 10:51:35",Completed,"2026-09-20 15:39:11",Completed,"2026-09-27 10:55:18",Completed,"2026-09-20 23:44:14",Completed,"2026-09-27 10:59:37",Completed,"2026-09-27 09:38:15",Completed,"2026-09-27 11:07:51",Completed,"2026-09-27 09:41:20",Completed,"2026-09-27 11:10:53",Completed,"2026-09-27 09:55:48"
"DANIEL OSHO",dannyrok247@gmail.com,"Not completed",,Completed,"2026-09-15 13:25:23",Completed,"2026-09-15 13:28:09",Completed,"2026-09-15 13:29:31",Completed,"2026-09-15 13:30:50",Completed,"2026-09-15 13:31:45",Completed,"2026-09-15 13:31:52",Completed,"2026-09-15 13:33:00",Completed,"2026-09-15 13:33:34",Completed,"2026-09-15 13:34:32","Not completed",,"Not completed",,"Not completed",,"Not completed",,"Not completed",,"Not completed",,"Not completed",,Completed,"2026-09-22 13:42:04",Completed,"2026-09-15 13:39:45","Not completed","1970-01-01 01:00:00","Not completed",,"Not completed",,"Not completed",,"Not completed",,"Not completed",,"Not completed",,"Not completed",,"Not completed",,"Not completed",,"Not completed",,"Not completed",,"Not completed",,"Not completed",
"OREVAOGHENE OTIOGBO",juliuspecial20@gmail.com,Completed,"2026-06-12 21:41:08",Completed,"2026-06-12 21:39:32",Completed,"2026-06-12 21:38:59",Completed,"2026-06-29 14:31:48",Completed,"2026-06-29 14:31:56","Not completed",,"Not completed",,"Not completed",,"Not completed",,"Not completed",,"Not completed",,"Not completed",,"Not completed","1970-01-01 01:00:00",Completed,"2026-06-13 07:47:14","Not completed",,"Not completed",,"Not completed",,"Not completed","1970-01-01 01:00:00","Not completed",,"Not completed","1970-01-01 01:00:00","Not completed",,"Not completed","1970-01-01 01:00:00","Not completed",,"Not completed",,"Not completed",,"Not completed",,"Not completed",,"Not completed",,"Not completed",,"Not completed",,"Not completed",,"Not completed",,"Not completed",
"HABEEBAH OWOJORI",owojorihabeebah@gmail.com,Completed,"2026-07-20 09:00:51",Completed,"2026-07-09 12:08:04",Completed,"2026-07-20 09:03:28",Completed,"2026-07-20 08:03:40",Completed,"2026-07-20 08:09:54",Completed,"2026-07-20 08:19:19",Completed,"2026-07-20 08:26:20",Completed,"2026-07-20 08:29:36",Completed,"2026-07-20 08:37:19",Completed,"2026-07-20 08:51:26","Not completed",,"Not completed",,"Not completed",,"Not completed",,"Not completed",,"Not completed",,"Not completed",,Completed,"2026-07-20 09:08:44",Completed,"2026-07-21 13:18:01","Not completed","1970-01-01 01:00:00",Completed,"2026-07-23 11:14:06","Not completed","1970-01-01 01:00:00","Not completed",,Completed,"2026-07-24 12:33:43","Not completed",,"Not completed",,"Not completed",,"Not completed",,"Not completed",,"Not completed",,"Not completed",,"Not completed",,"Not completed",
"OLUWATOSIN OWOJORI",adesojioluwatosin99@gmail.com,Completed,"2026-08-02 01:32:01",Completed,"2026-07-28 07:27:11",Completed,"2026-07-28 18:59:03",Completed,"2026-08-20 19:34:49",Completed,"2026-07-28 07:32:33",Completed,"2026-07-28 07:32:30",Completed,"2026-07-28 07:32:36",Completed,"2026-07-28 07:32:38",Completed,"2026-07-28 07:33:32",Completed,"2026-07-28 07:33:50",Completed,"2026-08-13 12:26:30",Completed,"2026-08-20 19:54:09",Completed,"2026-08-13 19:32:13",Completed,"2026-08-02 01:32:14",Completed,"2026-08-19 23:14:49","Completed (achieved pass grade)","2026-08-19 23:29:00",Completed,"2026-08-21 12:32:49",Completed,"2026-07-28 07:37:50",Completed,"2026-07-28 19:58:40",Completed,"2026-07-31 00:31:26",Completed,"2026-07-31 00:40:29",Completed,"2026-07-31 13:21:33",Completed,"2026-08-12 20:15:13",Completed,"2026-08-12 20:12:08",Completed,"2026-08-13 10:49:31",Completed,"2026-08-13 11:01:41",Completed,"2026-08-13 11:59:44",Completed,"2026-08-13 12:11:37",Completed,"2026-08-13 12:21:45",Completed,"2026-08-13 12:31:06",Completed,"2026-08-13 13:21:42",Completed,"2026-08-13 13:29:59",Completed,"2026-08-13 19:17:26"
"EMMANUEL OYETUNJI",aduragbemip09@gmail.com,Completed,"2026-09-22 15:39:00",Completed,"2026-09-22 15:48:50",Completed,"2026-09-22 15:53:05",Completed,"2026-09-22 16:04:20",Completed,"2026-09-23 14:25:13",Completed,"2026-09-23 16:09:36",Completed,"2026-09-23 16:21:06",Completed,"2026-09-23 16:30:51",Completed,"2026-09-24 09:36:36",Completed,"2026-09-24 10:01:55",Completed,"2026-09-25 10:31:03","Not completed",,Completed,"2026-09-25 16:59:10","Not completed",,"Not completed",,"Not completed","1970-01-01 01:00:00","Not completed",,Completed,"2026-09-24 10:17:16",Completed,"2026-09-24 13:15:30",Completed,"2026-09-24 13:03:35",Completed,"2026-09-24 14:43:05",Completed,"2026-09-24 14:25:16","Not completed",,Completed,"2026-09-25 10:11:59",Completed,"2026-09-28 10:43:13",Completed,"2026-09-25 13:22:43","Not completed","1970-01-01 01:00:00",Completed,"2026-09-25 14:57:57","Not completed","1970-01-01 01:00:00",Completed,"2026-09-25 16:09:27","Not completed","1970-01-01 01:00:00",Completed,"2026-09-25 16:52:42","Not completed","1970-01-01 01:00:00"
"SULAIMON OYEWOLE",oyewolesulaimon@gmail.com,Completed,"2026-07-13 11:44:18",Completed,"2026-07-18 19:43:22",Completed,"2026-07-13 11:46:58",Completed,"2026-07-13 11:56:36",Completed,"2026-07-13 12:35:03",Completed,"2026-07-13 13:27:19",Completed,"2026-07-13 16:20:44",Completed,"2026-07-14 14:49:42",Completed,"2026-07-14 14:57:32",Completed,"2026-07-14 15:07:01",Completed,"2026-07-18 15:39:14",Completed,"2026-07-18 14:52:47",Completed,"2026-07-18 18:40:50",Completed,"2026-07-18 18:43:50",Completed,"2026-07-18 19:32:41","Completed (achieved pass grade)","2026-07-18 19:40:01",Completed,"2026-07-18 19:41:01",Completed,"2026-07-14 15:11:44",Completed,"2026-07-15 09:51:43",Completed,"2026-07-17 10:22:21",Completed,"2026-07-17 11:23:20",Completed,"2026-07-17 11:17:59",Completed,"2026-07-17 11:25:18",Completed,"2026-07-18 12:21:05",Completed,"2026-07-18 12:37:27",Completed,"2026-07-18 13:39:51",Completed,"2026-07-18 14:30:35",Completed,"2026-07-18 15:07:07",Completed,"2026-07-18 15:37:46",Completed,"2026-07-18 16:08:14",Completed,"2026-07-18 16:46:25",Completed,"2026-07-18 18:01:36",Completed,"2026-07-18 18:37:44"
"ADEBAYO OYEWUMI",adebayooyewumi1@gmail.com,Completed,"2026-07-14 13:16:15",Completed,"2026-07-13 18:42:44",Completed,"2026-07-13 18:51:33",Completed,"2026-07-13 18:42:49",Completed,"2026-07-13 18:42:50",Completed,"2026-07-13 18:42:51",Completed,"2026-07-13 18:42:52",Completed,"2026-07-13 18:42:57",Completed,"2026-07-13 18:42:57",Completed,"2026-07-13 18:42:56",Completed,"2026-07-14 12:03:26",Completed,"2026-07-14 13:16:36",Completed,"2026-07-13 18:55:20",Completed,"2026-07-13 18:43:25",Completed,"2026-07-13 18:57:54","Completed (achieved pass grade)","2026-07-14 13:05:40",Completed,"2026-07-13 18:43:29",Completed,"2026-07-13 18:48:41",Completed,"2026-07-14 12:00:10",Completed,"2026-07-14 12:28:25",Completed,"2026-07-14 12:09:31",Completed,"2026-07-14 12:41:35",Completed,"2026-07-13 18:53:02",Completed,"2026-07-14 12:35:29",Completed,"2026-07-14 12:40:06",Completed,"2026-07-14 12:44:25",Completed,"2026-07-14 12:25:12",Completed,"2026-07-14 12:47:57",Completed,"2026-07-14 12:23:24",Completed,"2026-07-14 12:53:41",Completed,"2026-07-14 12:50:29",Completed,"2026-07-13 18:56:40",Completed,"2026-07-13 18:59:01"
"DEINABO PETER-KALIO",deinabopeace@gmail.com,Completed,"2026-06-03 12:40:08",Completed,"2026-06-05 11:51:31",Completed,"2026-06-05 11:54:43",Completed,"2026-08-03 09:28:01",Completed,"2026-06-27 11:14:44",Completed,"2026-06-05 13:56:40",Completed,"2026-06-05 14:03:11",Completed,"2026-06-05 14:09:39",Completed,"2026-06-05 14:26:29",Completed,"2026-06-05 14:30:06",Completed,"2026-07-14 14:44:53",Completed,"2026-07-14 22:24:12",Completed,"2026-07-15 13:57:32",Completed,"2026-07-15 14:01:24",Completed,"2026-07-15 17:26:54","Completed (achieved pass grade)","2026-07-15 17:42:16",Completed,"2026-07-15 17:47:10",Completed,"2026-06-18 09:25:09",Completed,"2026-07-14 14:41:50",Completed,"2026-06-18 11:26:49",Completed,"2026-06-18 11:32:03",Completed,"2026-06-27 11:40:01",Completed,"2026-07-15 17:55:06",Completed,"2026-06-27 18:15:33",Completed,"2026-06-27 19:22:12",Completed,"2026-06-27 20:26:33",Completed,"2026-07-14 11:29:24",Completed,"2026-07-14 11:33:48",Completed,"2026-07-14 12:09:19",Completed,"2026-07-14 12:14:36",Completed,"2026-07-14 22:23:29",Completed,"2026-07-15 12:24:15",Completed,"2026-07-15 13:50:18"
"AHMED QUADRI",info.quadriahmed@gmail.com,Completed,"2026-09-02 14:46:40",Completed,"2026-08-30 13:21:36",Completed,"2026-08-30 13:30:17",Completed,"2026-08-30 13:40:43",Completed,"2026-08-30 13:47:47",Completed,"2026-08-30 13:58:35",Completed,"2026-08-30 14:12:50",Completed,"2026-08-30 14:14:35",Completed,"2026-08-30 14:21:58",Completed,"2026-08-30 14:55:50",Completed,"2026-08-31 20:01:17",Completed,"2026-09-01 04:33:56",Completed,"2026-09-02 09:38:16",Completed,"2026-09-02 09:39:43",Completed,"2026-09-02 11:34:04","Completed (achieved pass grade)","2026-09-02 14:29:10",Completed,"2026-09-02 14:33:38",Completed,"2026-08-30 15:04:40",Completed,"2026-08-30 15:09:24",Completed,"2026-08-30 17:47:21",Completed,"2026-08-30 19:25:36",Completed,"2026-08-30 20:12:03",Completed,"2026-09-02 14:46:30",Completed,"2026-08-31 17:58:12",Completed,"2026-08-31 18:30:13",Completed,"2026-08-31 19:30:08",Completed,"2026-08-31 19:55:36",Completed,"2026-09-02 14:38:41",Completed,"2026-09-01 05:12:31",Completed,"2026-09-02 00:14:14",Completed,"2026-09-02 00:53:47",Completed,"2026-09-02 09:12:03",Completed,"2026-09-02 09:30:34"
"JAMILU RABI&#039;U",rjamilu896@gmail.com,Completed,"2026-08-26 02:24:38",Completed,"2026-08-26 02:12:36",Completed,"2026-08-29 09:33:34",Completed,"2026-08-26 02:16:13",Completed,"2026-08-26 02:16:41",Completed,"2026-08-26 02:17:00",Completed,"2026-08-26 02:17:12",Completed,"2026-08-26 02:17:14",Completed,"2026-08-26 02:17:21",Completed,"2026-08-26 02:17:23",Completed,"2026-08-28 16:32:25",Completed,"2026-08-26 02:23:24",Completed,"2026-08-29 10:26:47",Completed,"2026-08-26 19:38:19",Completed,"2026-08-29 09:27:38","Completed (achieved pass grade)","2026-08-29 11:05:52",Completed,"2026-08-26 19:38:20",Completed,"2026-08-29 09:45:43",Completed,"2026-08-29 09:54:12",Completed,"2026-08-29 07:45:34",Completed,"2026-08-29 10:01:09",Completed,"2026-08-29 08:22:22",Completed,"2026-08-28 16:33:19",Completed,"2026-08-29 10:08:22",Completed,"2026-08-29 08:54:34",Completed,"2026-08-29 10:11:23",Completed,"2026-08-29 09:01:59",Completed,"2026-08-29 10:15:16",Completed,"2026-08-29 09:09:44",Completed,"2026-08-29 10:18:58",Completed,"2026-08-29 09:18:03",Completed,"2026-08-29 10:22:50",Completed,"2026-08-29 09:24:51"
"ABDULLAHI RABIU",rabiuabdullahi756@gmail.com,Completed,"2026-08-26 12:03:11",Completed,"2026-08-26 12:04:38",Completed,"2026-08-26 12:13:21",Completed,"2026-08-26 12:16:01",Completed,"2026-08-26 12:16:33",Completed,"2026-08-26 12:16:38",Completed,"2026-08-26 12:16:42",Completed,"2026-08-26 12:16:49",Completed,"2026-08-26 12:16:56",Completed,"2026-08-26 12:16:59",Completed,"2026-09-10 15:13:30",Completed,"2026-08-26 12:39:18",Completed,"2026-09-10 15:27:28",Completed,"2026-09-10 15:37:57",Completed,"2026-09-10 15:06:53","Completed (achieved pass grade)","2026-09-10 15:33:58",Completed,"2026-09-10 15:35:31",Completed,"2026-08-26 12:35:58",Completed,"2026-08-26 12:22:55",Completed,"2026-09-04 15:56:56",Completed,"2026-08-27 14:46:22",Completed,"2026-09-07 15:36:43",Completed,"2026-09-11 00:25:45",Completed,"2026-09-10 15:20:59",Completed,"2026-09-07 15:30:52",Completed,"2026-09-04 15:44:27",Completed,"2026-09-07 15:49:07",Completed,"2026-08-26 12:44:44",Completed,"2026-09-07 15:56:17",Completed,"2026-09-07 14:20:46",Completed,"2026-09-10 14:28:10",Completed,"2026-08-26 12:53:45",Completed,"2026-09-10 14:38:35"
"ABUBAKAR RABIU",aryahaya57@gmail.com,Completed,"2026-09-21 10:48:56",Completed,"2026-09-14 10:11:28",Completed,"2026-09-14 10:16:40",Completed,"2026-09-14 10:57:40",Completed,"2026-09-14 10:57:27",Completed,"2026-09-14 10:57:38",Completed,"2026-09-14 10:57:36",Completed,"2026-09-14 10:57:31",Completed,"2026-09-14 10:57:51",Completed,"2026-09-14 10:57:52",Completed,"2026-09-24 11:56:32",Completed,"2026-09-17 11:30:31",Completed,"2026-09-24 12:41:34",Completed,"2026-09-24 12:25:26",Completed,"2026-09-21 11:30:05","Completed (achieved pass grade)","2026-09-24 13:01:49",Completed,"2026-09-21 10:55:19",Completed,"2026-09-14 14:07:45",Completed,"2026-09-24 12:04:16",Completed,"2026-09-14 10:32:13",Completed,"2026-09-24 11:26:09",Completed,"2026-09-14 11:14:58",Completed,"2026-09-24 13:11:04",Completed,"2026-09-24 11:36:58",Completed,"2026-09-17 11:13:24",Completed,"2026-09-24 11:48:45",Completed,"2026-09-15 11:30:40",Completed,"2026-09-24 12:12:45",Completed,"2026-09-15 11:44:47",Completed,"2026-09-24 12:22:14",Completed,"2026-09-17 11:22:58",Completed,"2026-09-24 12:31:19",Completed,"2026-09-17 11:52:19"
"AUWAL RABIU",auwalrabiupanisau@gmail.com,Completed,"2026-09-15 15:38:27",Completed,"2026-09-15 15:41:29",Completed,"2026-09-15 15:48:38",Completed,"2026-09-16 14:33:39",Completed,"2026-09-16 14:37:18",Completed,"2026-09-16 14:51:07",Completed,"2026-09-16 14:55:29",Completed,"2026-09-16 15:02:39",Completed,"2026-09-16 15:05:19",Completed,"2026-09-16 15:10:04","Not completed",,"Not completed",,"Not completed",,"Not completed",,"Not completed",,"Not completed",,"Not completed",,Completed,"2026-09-17 14:04:56",Completed,"2026-09-17 14:13:47",Completed,"2026-09-21 14:54:55",Completed,"2026-09-21 15:14:52","Not completed",,"Not completed",,"Not completed",,"Not completed",,"Not completed",,"Not completed",,"Not completed",,"Not completed",,"Not completed",,"Not completed",,"Not completed",,"Not completed",
"FATIMA RIRUWAI",fatimariruwai1@gmail.com,Completed,"2026-09-12 14:01:00",Completed,"2026-09-11 10:19:11",Completed,"2026-09-11 10:28:31",Completed,"2026-09-11 10:19:38",Completed,"2026-09-11 10:19:40",Completed,"2026-09-11 10:19:41",Completed,"2026-09-11 10:19:43",Completed,"2026-09-11 10:19:45",Completed,"2026-09-11 10:19:46",Completed,"2026-09-11 10:19:48",Completed,"2026-09-12 18:31:16",Completed,"2026-09-11 10:20:10","Not completed","1970-01-01 01:00:00",Completed,"2026-09-12 18:21:23","Not completed",,"Not completed",,Completed,"2026-09-12 18:21:23",Completed,"2026-09-12 17:15:36",Completed,"2026-09-12 18:26:59",Completed,"2026-09-15 16:43:58",Completed,"2026-09-23 15:34:50",Completed,"2026-09-15 17:32:53","Not completed",,"Not completed","1970-01-01 01:00:00",Completed,"2026-09-23 17:16:59",Completed,"2026-09-14 11:04:31",Completed,"2026-09-24 11:26:18",Completed,"2026-09-27 17:09:31",Completed,"2026-09-24 11:59:22","Not completed","1970-01-01 01:00:00",Completed,"2026-09-26 10:15:19","Not completed","1970-01-01 01:00:00",Completed,"2026-09-27 17:02:35"
"UMAR RIRUWAI",Umarabdullahi946@yahoo.com,Completed,"2026-09-18 10:01:27",Completed,"2026-09-18 10:01:07",Completed,"2026-09-18 10:05:06",Completed,"2026-09-18 10:05:41",Completed,"2026-09-18 10:05:44",Completed,"2026-09-18 10:05:46",Completed,"2026-09-18 10:05:47",Completed,"2026-09-18 10:05:49",Completed,"2026-09-18 10:05:50",Completed,"2026-09-18 10:05:51","Not completed",,Completed,"2026-09-21 14:11:43","Not completed",,Completed,"2026-09-26 20:39:14","Not completed",,"Not completed",,Completed,"2026-09-26 20:38:51",Completed,"2026-09-18 10:11:22",Completed,"2026-09-18 10:16:53",Completed,"2026-09-18 10:58:40",Completed,"2026-09-18 11:15:32",Completed,"2026-09-18 11:31:53","Not completed",,Completed,"2026-09-18 11:55:38",Completed,"2026-09-21 13:54:58",Completed,"2026-09-21 14:21:52",Completed,"2026-09-21 14:40:33","Not completed",,Completed,"2026-09-22 10:16:27","Not completed",,"Not completed","1970-01-01 01:00:00","Not completed",,"Not completed",
"MAGRATE ROBINSON",magrateihuakurobinson@gmail.com,Completed,"2026-08-20 16:41:29",Completed,"2026-08-20 16:40:38",Completed,"2026-08-20 16:43:14",Completed,"2026-08-20 16:40:42",Completed,"2026-08-20 16:40:44",Completed,"2026-08-20 16:40:46",Completed,"2026-08-20 16:40:47",Completed,"2026-08-20 16:40:48",Completed,"2026-08-20 16:40:49",Completed,"2026-08-20 16:40:51",Completed,"2026-08-21 10:27:26",Completed,"2026-08-21 10:27:44",Completed,"2026-08-20 17:35:15",Completed,"2026-08-20 16:41:25",Completed,"2026-08-21 10:17:03","Completed (achieved pass grade)","2026-08-21 10:35:14",Completed,"2026-08-20 16:41:22",Completed,"2026-08-20 16:46:25",Completed,"2026-08-20 16:51:35",Completed,"2026-08-20 16:53:09",Completed,"2026-08-21 08:58:03",Completed,"2026-08-21 10:43:58",Completed,"2026-08-21 10:35:59",Completed,"2026-08-20 17:17:21",Completed,"2026-08-21 09:15:14",Completed,"2026-08-20 17:19:48",Completed,"2026-08-21 09:23:59",Completed,"2026-08-20 17:22:50",Completed,"2026-08-21 09:30:39",Completed,"2026-08-20 17:30:04",Completed,"2026-08-21 09:36:52",Completed,"2026-08-20 17:40:21",Completed,"2026-08-21 09:55:31"
"KHALIFA RUFAI",krattahiru@gmail.com,Completed,"2026-09-11 16:36:50",Completed,"2026-09-11 16:37:19",Completed,"2026-09-11 16:44:27",Completed,"2026-09-11 16:46:03",Completed,"2026-09-11 16:46:04",Completed,"2026-09-11 16:46:05",Completed,"2026-09-11 16:46:12",Completed,"2026-09-11 16:46:13",Completed,"2026-09-11 16:46:14",Completed,"2026-09-11 16:46:15",Completed,"2026-09-14 16:48:24",Completed,"2026-09-14 16:46:55",Completed,"2026-09-14 16:50:33",Completed,"2026-09-14 16:47:19",Completed,"2026-09-14 17:11:47","Completed (achieved pass grade)","2026-09-14 17:33:33",Completed,"2026-09-14 16:47:37",Completed,"2026-09-11 16:53:18",Completed,"2026-09-11 16:58:48",Completed,"2026-09-11 17:04:14",Completed,"2026-09-11 17:20:18",Completed,"2026-09-11 17:35:44",Completed,"2026-09-14 16:54:04",Completed,"2026-09-14 15:02:58",Completed,"2026-09-14 15:10:59",Completed,"2026-09-14 15:21:23",Completed,"2026-09-14 15:26:25",Completed,"2026-09-14 15:36:46",Completed,"2026-09-14 15:46:36",Completed,"2026-09-14 15:56:52",Completed,"2026-09-14 16:12:58",Completed,"2026-09-14 16:22:59",Completed,"2026-09-14 16:39:00"
"USAINI SAAD",usaadauwal@gmail.com,Completed,"2026-09-27 15:48:01",Completed,"2026-09-27 15:48:23",Completed,"2026-09-27 15:52:51",Completed,"2026-09-27 15:49:06",Completed,"2026-09-27 15:49:28",Completed,"2026-09-27 15:50:19",Completed,"2026-09-27 15:51:10",Completed,"2026-09-27 15:51:35",Completed,"2026-09-27 15:51:57",Completed,"2026-09-27 15:52:18",Completed,"2026-09-27 22:22:42",Completed,"2026-09-27 16:26:59",Completed,"2026-09-28 11:17:01",Completed,"2026-09-27 16:27:45",Completed,"2026-09-27 22:25:55","Not completed","1970-01-01 01:00:00",Completed,"2026-09-27 16:28:18",Completed,"2026-09-27 16:02:26",Completed,"2026-09-27 16:07:00",Completed,"2026-09-27 16:09:20",Completed,"2026-09-27 16:16:01",Completed,"2026-09-27 16:23:24",Completed,"2026-09-27 16:25:32",Completed,"2026-09-27 22:18:51",Completed,"2026-09-27 22:21:01",Completed,"2026-09-28 06:12:03",Completed,"2026-09-28 06:14:10",Completed,"2026-09-28 06:17:42",Completed,"2026-09-28 11:07:37",Completed,"2026-09-28 11:11:21",Completed,"2026-09-28 11:13:48",Completed,"2026-09-28 11:26:26",Completed,"2026-09-28 11:33:50"
"YAZID SAAD",yazidsaad774@gmail.com,Completed,"2026-08-22 10:18:10",Completed,"2026-08-22 10:44:36",Completed,"2026-08-22 10:49:18",Completed,"2026-08-22 10:56:23",Completed,"2026-08-22 11:02:31",Completed,"2026-08-22 11:12:17",Completed,"2026-08-22 11:28:31",Completed,"2026-08-22 11:32:14",Completed,"2026-08-22 11:46:17",Completed,"2026-08-22 11:51:20",Completed,"2026-08-22 08:52:45",Completed,"2026-08-22 12:32:11",Completed,"2026-08-22 12:49:08",Completed,"2026-08-22 12:33:45",Completed,"2026-08-22 12:51:40","Completed (achieved pass grade)","2026-08-22 13:01:37",Completed,"2026-08-22 12:44:09",Completed,"2026-08-22 08:19:11",Completed,"2026-08-22 08:22:29",Completed,"2026-08-22 08:26:37",Completed,"2026-08-22 08:33:49",Completed,"2026-08-22 08:39:18",Completed,"2026-08-22 12:36:58",Completed,"2026-08-22 08:46:38",Completed,"2026-08-22 08:49:02",Completed,"2026-08-22 08:55:50",Completed,"2026-08-22 09:03:08",Completed,"2026-08-22 09:08:57",Completed,"2026-08-22 09:12:00",Completed,"2026-08-22 09:43:23",Completed,"2026-08-22 09:17:30",Completed,"2026-08-22 09:39:35",Completed,"2026-08-22 09:22:07"
"IBRAHIM SABI&#039;U",ibrahimsabiuado87@gmail.com,Completed,"2026-09-23 11:34:54",Completed,"2026-09-23 11:35:24",Completed,"2026-09-23 11:40:26",Completed,"2026-09-23 11:52:49",Completed,"2026-09-23 11:53:41",Completed,"2026-09-23 11:54:32",Completed,"2026-09-23 11:55:29",Completed,"2026-09-23 11:56:19",Completed,"2026-09-23 11:57:10",Completed,"2026-09-23 11:57:21",Completed,"2026-09-24 10:34:09",Completed,"2026-09-23 11:58:33",Completed,"2026-09-24 10:49:16",Completed,"2026-09-23 11:59:24","Not completed",,"Completed (achieved pass grade)","2026-09-24 11:01:03",Completed,"2026-09-23 12:00:14","Not completed","1970-01-01 01:00:00",Completed,"2026-09-23 12:12:20",Completed,"2026-09-24 10:22:42",Completed,"2026-09-23 12:24:29",Completed,"2026-09-25 11:20:36",Completed,"2026-09-24 11:11:57",Completed,"2026-09-23 18:50:26",Completed,"2026-09-25 12:21:49",Completed,"2026-09-23 18:56:11","Not completed","1970-01-01 01:00:00",Completed,"2026-09-23 19:01:42","Not completed","1970-01-01 01:00:00",Completed,"2026-09-23 19:11:22","Not completed","1970-01-01 01:00:00",Completed,"2026-09-24 10:41:40","Not completed","1970-01-01 01:00:00"
"BASHIR SABIU",bashirsabiuado07@gmail.com,Completed,"2026-09-27 05:44:30",Completed,"2026-09-27 12:45:15","Not completed","1970-01-01 01:00:00",Completed,"2026-09-27 05:44:52",Completed,"2026-09-27 12:46:23",Completed,"2026-09-27 05:45:14",Completed,"2026-09-27 05:45:36",Completed,"2026-09-27 12:46:45",Completed,"2026-09-27 12:47:07",Completed,"2026-09-27 12:47:29","Not completed",,"Not completed",,"Not completed",,"Not completed",,"Not completed",,"Not completed",,"Not completed",,Completed,"2026-09-28 11:49:04",Completed,"2026-09-28 11:57:46","Not completed","1970-01-01 01:00:00",Completed,"2026-09-28 12:09:09","Not completed","1970-01-01 01:00:00","Not completed",,"Not completed","1970-01-01 01:00:00","Not completed","1970-01-01 01:00:00","Not completed",,"Not completed","1970-01-01 01:00:00","Not completed",,"Not completed","1970-01-01 01:00:00","Not completed",,Completed,"2026-09-28 09:31:35","Not completed",,Completed,"2026-09-28 09:19:55"
"ABUBAKAR SABO",aaabubakar916@gmail.com,"Not completed",,"Not completed",,"Not completed",,"Not completed",,"Not completed",,"Not completed",,"Not completed",,"Not completed",,"Not completed",,"Not completed",,"Not completed",,"Not completed",,"Not completed",,"Not completed",,"Not completed",,"Not completed",,"Not completed",,"Not completed",,"Not completed",,"Not completed",,"Not completed",,"Not completed",,"Not completed",,"Not completed",,"Not completed",,"Not completed",,"Not completed",,"Not completed",,"Not completed",,"Not completed",,"Not completed",,"Not completed",,"Not completed",
"KHADIJAH SADI",sadikhadijah@gmail.com,Completed,"2026-08-18 14:07:39",Completed,"2026-08-10 14:29:13",Completed,"2026-08-10 14:31:44",Completed,"2026-08-10 14:46:03",Completed,"2026-08-10 14:51:47",Completed,"2026-08-10 15:05:44",Completed,"2026-08-10 15:15:21",Completed,"2026-08-10 15:19:26",Completed,"2026-08-10 15:30:46",Completed,"2026-08-10 15:38:24",Completed,"2026-08-17 16:55:49",Completed,"2026-08-18 14:25:26",Completed,"2026-08-18 13:13:54",Completed,"2026-08-18 14:10:31",Completed,"2026-08-18 13:45:22","Completed (achieved pass grade)","2026-08-18 14:22:58",Completed,"2026-08-18 13:51:22",Completed,"2026-08-10 15:41:35",Completed,"2026-08-17 14:15:15",Completed,"2026-08-17 14:40:28",Completed,"2026-08-17 15:15:02",Completed,"2026-08-17 15:35:28",Completed,"2026-08-18 13:52:44",Completed,"2026-08-17 16:54:23",Completed,"2026-08-17 17:05:55",Completed,"2026-08-17 20:43:25",Completed,"2026-08-17 20:55:52",Completed,"2026-08-17 21:37:41",Completed,"2026-08-17 21:46:05",Completed,"2026-08-18 09:44:13",Completed,"2026-08-18 11:22:00",Completed,"2026-08-18 11:46:27",Completed,"2026-08-18 13:04:16"
"YAHAYA SAEED",yahayaaliyusaid@gmail.com,Completed,"2026-09-02 17:10:03",Completed,"2026-09-02 17:11:05",Completed,"2026-09-02 17:17:04",Completed,"2026-09-03 22:14:29",Completed,"2026-09-08 15:32:40",Completed,"2026-09-08 15:32:42",Completed,"2026-09-08 15:32:43",Completed,"2026-09-08 15:32:48",Completed,"2026-09-08 15:32:49",Completed,"2026-09-08 15:32:50",Completed,"2026-09-10 19:43:09",Completed,"2026-09-11 11:36:00",Completed,"2026-09-11 12:10:40",Completed,"2026-09-11 11:57:56",Completed,"2026-09-12 10:44:21","Completed (achieved pass grade)","2026-09-12 10:35:12",Completed,"2026-09-03 21:48:55",Completed,"2026-09-03 21:54:18",Completed,"2026-09-04 16:52:24",Completed,"2026-09-05 14:11:41",Completed,"2026-09-05 14:04:02",Completed,"2026-09-06 17:13:49",Completed,"2026-09-12 10:20:46",Completed,"2026-09-10 12:12:01",Completed,"2026-09-10 12:24:49",Completed,"2026-09-11 11:01:40",Completed,"2026-09-11 11:28:15",Completed,"2026-09-11 11:43:20",Completed,"2026-09-11 12:05:39",Completed,"2026-09-11 11:49:26",Completed,"2026-09-11 12:18:02",Completed,"2026-09-11 11:55:10",Completed,"2026-09-12 10:06:17"
"AL AMIN SAGAGI",alaminsagagi@gmail.com,Completed,"2026-09-08 18:12:16",Completed,"2026-09-08 18:23:49",Completed,"2026-09-09 23:05:02",Completed,"2026-09-08 18:11:40",Completed,"2026-09-08 18:11:41",Completed,"2026-09-08 18:11:42",Completed,"2026-09-08 18:11:43",Completed,"2026-09-08 18:11:44",Completed,"2026-09-08 18:11:45",Completed,"2026-09-08 18:11:46",Completed,"2026-09-14 15:29:06",Completed,"2026-09-14 15:30:14",Completed,"2026-09-15 15:20:28",Completed,"2026-09-15 15:20:44",Completed,"2026-09-15 15:36:59","Completed (achieved pass grade)","2026-09-15 15:49:51",Completed,"2026-09-15 15:50:07",Completed,"2026-09-09 23:09:28",Completed,"2026-09-09 23:10:48",Completed,"2026-09-09 23:25:37",Completed,"2026-09-09 23:38:34",Completed,"2026-09-09 23:51:03",Completed,"2026-09-15 15:53:07",Completed,"2026-09-14 14:40:16",Completed,"2026-09-14 15:22:11",Completed,"2026-09-14 14:45:18",Completed,"2026-09-14 15:01:53",Completed,"2026-09-15 14:02:37",Completed,"2026-09-15 14:32:28",Completed,"2026-09-15 14:32:00",Completed,"2026-09-15 14:45:45",Completed,"2026-09-15 14:57:20",Completed,"2026-09-15 15:07:22"
"ABUBAKAR SAIDU",saidugarbaabubakar322@gmail.com,Completed,"2026-09-04 17:45:16",Completed,"2026-09-04 17:45:17","Not completed",,Completed,"2026-09-04 17:45:22",Completed,"2026-09-04 17:45:24",Completed,"2026-09-04 17:45:26",Completed,"2026-09-04 17:45:27",Completed,"2026-09-04 17:45:30",Completed,"2026-09-04 17:45:32",Completed,"2026-09-04 17:45:33","Not completed",,"Not completed",,"Not completed",,"Not completed",,"Not completed",,"Not completed",,Completed,"2026-09-04 17:45:55","Not completed",,"Not completed",,"Not completed",,"Not completed",,"Not completed",,"Not completed",,"Not completed",,"Not completed",,"Not completed",,"Not completed",,"Not completed",,"Not completed",,"Not completed",,"Not completed",,"Not completed",,"Not completed",
"SANI SAIDU",saidusani36@gmail.com,Completed,"2026-09-12 19:38:15",Completed,"2026-09-12 19:39:03",Completed,"2026-09-14 13:59:05",Completed,"2026-09-12 19:41:31",Completed,"2026-09-14 14:29:03",Completed,"2026-09-14 14:31:04",Completed,"2026-09-14 14:41:08",Completed,"2026-09-14 14:47:50",Completed,"2026-09-14 14:57:40",Completed,"2026-09-14 15:08:19",Completed,"2026-09-14 17:17:32",Completed,"2026-09-14 15:41:03",Completed,"2026-09-18 14:01:24",Completed,"2026-09-14 15:21:48","Not completed",,"Completed (achieved pass grade)","2026-09-21 14:45:30",Completed,"2026-09-14 15:23:15",Completed,"2026-09-14 14:07:18",Completed,"2026-09-14 14:22:27",Completed,"2026-09-14 17:09:43",Completed,"2026-09-17 14:42:54",Completed,"2026-09-17 22:15:09",Completed,"2026-09-14 17:22:44",Completed,"2026-09-17 15:10:05",Completed,"2026-09-17 23:39:37",Completed,"2026-09-17 15:14:21",Completed,"2026-09-18 17:04:22",Completed,"2026-09-17 15:20:50",Completed,"2026-09-22 07:35:10",Completed,"2026-09-18 13:47:19","Not completed",,Completed,"2026-09-18 13:52:42","Not completed",
"AZEEZ SAKA",ineedaskill@gmail.com,Completed,"2026-06-03 08:52:24",Completed,"2026-06-03 08:53:19",Completed,"2026-06-03 08:55:36",Completed,"2026-06-03 10:34:26",Completed,"2026-06-03 10:40:22",Completed,"2026-06-03 10:47:25",Completed,"2026-06-03 10:54:18",Completed,"2026-06-03 11:06:42",Completed,"2026-06-03 11:19:03",Completed,"2026-06-03 11:32:09",Completed,"2026-06-04 17:20:32",Completed,"2026-06-05 10:02:14",Completed,"2026-06-08 10:50:58",Completed,"2026-06-08 10:53:51",Completed,"2026-06-13 16:31:09","Completed (achieved pass grade)","2026-07-05 09:40:27",Completed,"2026-06-13 16:35:57",Completed,"2026-06-03 11:35:57",Completed,"2026-06-03 18:35:38",Completed,"2026-06-04 10:40:03",Completed,"2026-06-04 11:15:29",Completed,"2026-06-04 11:53:46",Completed,"2026-06-13 16:34:12",Completed,"2026-06-04 12:56:41",Completed,"2026-06-04 17:19:31",Completed,"2026-06-04 17:42:15",Completed,"2026-06-04 21:09:56",Completed,"2026-06-05 10:13:14",Completed,"2026-06-05 13:31:07",Completed,"2026-06-05 14:58:21",Completed,"2026-06-06 09:11:48",Completed,"2026-06-06 16:21:28",Completed,"2026-06-08 10:48:55"
"MALEEK SALAHUDEEN",salahudeenmaleek55@gmail.com,Completed,"2026-09-24 10:42:32",Completed,"2026-09-24 10:43:28",Completed,"2026-09-24 10:47:39",Completed,"2026-09-24 10:49:20",Completed,"2026-09-24 10:55:22",Completed,"2026-09-24 11:13:15",Completed,"2026-09-24 11:21:49",Completed,"2026-09-24 11:22:53",Completed,"2026-09-24 11:25:24",Completed,"2026-09-24 11:33:49","Not completed",,"Not completed",,"Not completed",,"Not completed",,"Not completed",,"Not completed",,"Not completed",,Completed,"2026-09-24 11:43:13",Completed,"2026-09-24 17:54:16","Not completed","1970-01-01 01:00:00","Not completed",,"Not completed",,"Not completed",,"Not completed",,"Not completed",,"Not completed",,"Not completed",,"Not completed",,"Not completed",,"Not completed",,"Not completed",,"Not completed",,"Not completed",
"ISMAIL SALEH",ismailsalehgw@gmail.com,Completed,"2026-06-06 05:38:47",Completed,"2026-06-06 05:39:15",Completed,"2026-06-06 05:42:44",Completed,"2026-06-07 15:30:27",Completed,"2026-06-07 15:31:24",Completed,"2026-06-07 15:32:06",Completed,"2026-06-07 15:32:43",Completed,"2026-06-07 15:33:11",Completed,"2026-06-07 15:33:27",Completed,"2026-06-07 15:33:53",Completed,"2026-06-07 15:38:04",Completed,"2026-06-07 15:39:00",Completed,"2026-06-07 15:43:17",Completed,"2026-06-07 15:44:05",Completed,"2026-06-07 15:59:01","Completed (achieved pass grade)","2026-07-05 09:40:27",Completed,"2026-06-07 16:07:33",Completed,"2026-06-06 05:47:44",Completed,"2026-06-06 05:52:22",Completed,"2026-06-06 06:14:34",Completed,"2026-06-06 06:19:58",Completed,"2026-06-06 12:54:23",Completed,"2026-06-06 13:23:30",Completed,"2026-06-06 13:31:22",Completed,"2026-06-07 14:34:40",Completed,"2026-06-07 14:41:38",Completed,"2026-06-07 14:49:13",Completed,"2026-06-07 14:53:17",Completed,"2026-06-07 15:01:05",Completed,"2026-06-07 15:06:28",Completed,"2026-06-07 15:16:58",Completed,"2026-06-07 15:21:28",Completed,"2026-06-07 15:28:21"
"UMAR SALEH",usalehgiwa@gmail.com,"Not completed",,Completed,"2026-06-24 13:57:41",Completed,"2026-06-27 12:21:17",Completed,"2026-06-24 13:57:49",Completed,"2026-06-24 13:57:51",Completed,"2026-06-24 13:57:51",Completed,"2026-06-24 13:57:52",Completed,"2026-06-24 13:57:53",Completed,"2026-06-24 13:57:54",Completed,"2026-06-24 13:57:55","Not completed",,"Not completed",,"Not completed",,"Not completed",,"Not completed",,"Not completed",,"Not completed",,Completed,"2026-06-27 12:25:33",Completed,"2026-06-27 12:28:35","Not completed","1970-01-01 01:00:00",Completed,"2026-06-27 18:32:31","Not completed","1970-01-01 01:00:00","Not completed",,Completed,"2026-06-27 12:14:55","Not completed","1970-01-01 01:00:00",Completed,"2026-07-10 11:44:12","Not completed","1970-01-01 01:00:00","Not completed",,"Not completed",,"Not completed",,"Not completed",,"Not completed",,"Not completed",
"UMAR SALEH",umaraliyusaleh20@gmail.com,Completed,"2026-09-04 12:18:04",Completed,"2026-08-28 16:20:07",Completed,"2026-09-04 12:23:26",Completed,"2026-08-28 16:21:33",Completed,"2026-08-28 16:21:50",Completed,"2026-08-28 16:22:22",Completed,"2026-08-28 16:22:56",Completed,"2026-08-28 16:23:03",Completed,"2026-08-28 16:23:18",Completed,"2026-08-28 16:23:25","Not completed",,Completed,"2026-09-04 11:59:37","Not completed","1970-01-01 01:00:00",Completed,"2026-09-04 11:59:59",Completed,"2026-09-04 12:17:14","Not completed","1970-01-01 01:00:00",Completed,"2026-09-04 12:00:38",Completed,"2026-09-04 18:20:13",Completed,"2026-09-19 12:27:27","Not completed","1970-01-01 01:00:00",Completed,"2026-09-24 15:30:11",Completed,"2026-08-28 16:25:00",Completed,"2026-09-04 12:31:09","Not completed",,"Not completed",,"Not completed",,"Not completed",,"Not completed",,"Not completed",,"Not completed",,"Not completed",,"Not completed","1970-01-01 01:00:00",Completed,"2026-09-09 00:10:12"
"ABDURRASHID SALISU",salisuabdurrashid223@gmail.com,Completed,"2026-09-27 10:11:56",Completed,"2026-09-27 10:12:45",Completed,"2026-09-28 11:23:48",Completed,"2026-09-27 21:39:59",Completed,"2026-09-27 21:40:50",Completed,"2026-09-27 21:41:32",Completed,"2026-09-27 21:41:53",Completed,"2026-09-27 21:42:15",Completed,"2026-09-27 21:42:37",Completed,"2026-09-27 21:42:59","Not completed",,"Not completed",,"Not completed",,Completed,"2026-09-27 21:43:20","Not completed",,"Not completed",,Completed,"2026-09-27 21:43:41",Completed,"2026-09-28 11:33:02","Not completed","1970-01-01 01:00:00","Not completed",,"Not completed",,"Not completed",,"Not completed",,"Not completed",,"Not completed",,"Not completed",,"Not completed",,"Not completed",,"Not completed",,"Not completed",,"Not completed",,"Not completed",,"Not completed",
"ADAMU SALISU",adamusalisuadam1@gmail.com,Completed,"2026-08-31 13:35:25",Completed,"2026-08-31 13:22:33",Completed,"2026-08-31 13:25:54",Completed,"2026-08-31 13:35:24",Completed,"2026-08-31 13:35:27",Completed,"2026-08-31 13:35:28",Completed,"2026-08-31 13:35:30",Completed,"2026-08-31 13:35:31",Completed,"2026-08-31 13:35:32",Completed,"2026-08-31 13:35:33",Completed,"2026-08-31 14:33:26",Completed,"2026-08-31 13:35:42",Completed,"2026-08-31 14:23:04",Completed,"2026-08-31 13:35:47",Completed,"2026-08-31 14:24:07","Completed (achieved pass grade)","2026-08-31 14:30:37",Completed,"2026-08-31 13:35:48",Completed,"2026-08-31 13:40:07",Completed,"2026-08-31 13:43:59",Completed,"2026-08-31 13:31:02",Completed,"2026-08-31 13:49:34",Completed,"2026-08-31 13:33:53",Completed,"2026-08-31 13:35:04",Completed,"2026-08-31 13:55:13",Completed,"2026-08-31 13:56:48",Completed,"2026-08-31 13:59:46",Completed,"2026-08-31 14:01:08",Completed,"2026-08-31 14:07:22",Completed,"2026-08-31 14:09:06",Completed,"2026-08-31 14:12:52",Completed,"2026-08-31 14:14:31",Completed,"2026-08-31 14:18:07",Completed,"2026-08-31 14:19:31"
"AMMAR SALISU",ammarsanifari@gmail.com,"Not completed",,Completed,"2026-09-14 19:31:02",Completed,"2026-09-14 19:33:49",Completed,"2026-09-14 19:34:14",Completed,"2026-09-14 19:34:15",Completed,"2026-09-14 19:34:16",Completed,"2026-09-14 19:34:17",Completed,"2026-09-14 19:34:19",Completed,"2026-09-14 19:34:20",Completed,"2026-09-14 19:34:21","Not completed",,"Not completed",,"Not completed",,"Not completed",,"Not completed",,"Not completed",,"Not completed",,Completed,"2026-09-14 19:38:20",Completed,"2026-09-14 19:42:20",Completed,"2026-09-18 12:14:53",Completed,"2026-09-18 12:19:07","Not completed",,"Not completed",,"Not completed",,"Not completed",,"Not completed",,"Not completed",,"Not completed",,"Not completed",,"Not completed",,"Not completed",,"Not completed",,"Not completed",
"MUZAMBILU SALISU",muzammilsalisuiro@gmail.com,Completed,"2026-09-01 10:44:11",Completed,"2026-09-01 10:44:38",Completed,"2026-09-01 10:47:27",Completed,"2026-09-01 10:56:14",Completed,"2026-09-01 10:56:15",Completed,"2026-09-01 10:56:16",Completed,"2026-09-01 10:56:17",Completed,"2026-09-01 10:56:18",Completed,"2026-09-01 10:56:19",Completed,"2026-09-01 10:56:19",Completed,"2026-09-08 11:40:07",Completed,"2026-09-08 12:56:19",Completed,"2026-09-10 19:13:36",Completed,"2026-09-08 12:56:42",Completed,"2026-09-10 12:18:18","Completed (achieved pass grade)","2026-09-10 00:10:40",Completed,"2026-09-08 12:56:51",Completed,"2026-09-01 10:55:12",Completed,"2026-09-07 12:53:08",Completed,"2026-09-07 13:00:24",Completed,"2026-09-07 13:11:35",Completed,"2026-09-08 11:02:38",Completed,"2026-09-09 19:10:14",Completed,"2026-09-09 11:27:24",Completed,"2026-09-08 11:29:51",Completed,"2026-09-10 00:15:18",Completed,"2026-09-09 12:18:17",Completed,"2026-09-09 11:32:23",Completed,"2026-09-09 11:41:42",Completed,"2026-09-10 19:10:03",Completed,"2026-09-09 13:09:08",Completed,"2026-09-10 19:11:05",Completed,"2026-09-09 14:30:03"
"SALISU SALISU",salisusalisuumar59@gmail.com,Completed,"2026-09-13 10:41:43",Completed,"2026-09-12 23:57:16",Completed,"2026-09-13 11:25:19",Completed,"2026-09-12 23:57:36",Completed,"2026-09-12 23:57:39",Completed,"2026-09-12 23:57:55",Completed,"2026-09-12 23:57:56",Completed,"2026-09-12 23:57:58",Completed,"2026-09-12 23:57:59",Completed,"2026-09-12 23:58:01",Completed,"2026-09-13 15:08:03",Completed,"2026-09-13 11:20:41",Completed,"2026-09-13 14:56:58",Completed,"2026-09-13 14:37:05",Completed,"2026-09-13 14:11:04","Completed (achieved pass grade)","2026-09-13 14:18:53",Completed,"2026-09-13 11:36:50",Completed,"2026-09-13 14:29:27",Completed,"2026-09-13 11:04:34",Completed,"2026-09-13 10:54:53",Completed,"2026-09-13 11:10:20",Completed,"2026-09-13 12:33:16",Completed,"2026-09-13 12:57:36",Completed,"2026-09-13 14:49:45",Completed,"2026-09-13 13:57:48",Completed,"2026-09-13 11:16:40",Completed,"2026-09-13 14:03:53",Completed,"2026-09-13 13:02:04",Completed,"2026-09-13 13:08:53",Completed,"2026-09-13 13:16:57",Completed,"2026-09-13 13:21:45",Completed,"2026-09-13 13:29:08",Completed,"2026-09-13 13:33:54"
"HABIBU SALUHU",habibuhussain418@gmail.com,Completed,"2026-08-20 16:00:32",Completed,"2026-08-20 14:35:12",Completed,"2026-08-20 14:47:14",Completed,"2026-08-20 14:35:16",Completed,"2026-08-20 14:35:18",Completed,"2026-08-20 14:35:19",Completed,"2026-08-20 14:35:22",Completed,"2026-08-20 14:35:21",Completed,"2026-08-20 14:35:23",Completed,"2026-08-20 14:35:24",Completed,"2026-08-24 11:53:29",Completed,"2026-08-24 23:06:33",Completed,"2026-08-20 15:48:02",Completed,"2026-08-24 11:36:48",Completed,"2026-08-24 21:01:33","Completed (achieved pass grade)","2026-08-20 15:58:50",Completed,"2026-08-20 14:35:57",Completed,"2026-08-20 14:51:44",Completed,"2026-08-20 15:00:39",Completed,"2026-08-24 11:59:30",Completed,"2026-08-20 15:06:47",Completed,"2026-08-24 12:00:52",Completed,"2026-08-26 00:44:08",Completed,"2026-08-20 15:17:45",Completed,"2026-08-24 12:02:17",Completed,"2026-08-20 15:36:01",Completed,"2026-08-24 12:03:40",Completed,"2026-08-20 15:40:00",Completed,"2026-08-24 12:05:24",Completed,"2026-08-20 15:43:17",Completed,"2026-08-24 12:07:25",Completed,"2026-08-20 15:46:53",Completed,"2026-08-24 20:59:09"
"MUFTAHU SALUHU",miftahuhussain@gmail.com,Completed,"2026-08-23 19:40:22",Completed,"2026-08-23 19:39:29",Completed,"2026-08-24 13:11:39",Completed,"2026-08-23 19:39:34",Completed,"2026-08-23 19:39:35",Completed,"2026-08-23 19:39:37",Completed,"2026-08-23 19:39:38",Completed,"2026-08-23 19:39:39",Completed,"2026-08-23 19:39:39",Completed,"2026-08-23 19:39:40",Completed,"2026-08-24 15:57:35",Completed,"2026-08-24 16:09:26",Completed,"2026-08-25 21:13:21",Completed,"2026-08-25 21:13:32",Completed,"2026-08-25 21:14:03","Completed (achieved pass grade)","2026-08-25 21:24:20",Completed,"2026-08-25 21:24:46",Completed,"2026-08-24 13:15:40",Completed,"2026-08-24 13:22:00",Completed,"2026-08-24 13:23:21",Completed,"2026-08-24 13:32:39",Completed,"2026-08-24 13:33:39",Completed,"2026-08-25 21:25:53",Completed,"2026-08-24 15:51:28",Completed,"2026-08-24 15:52:24",Completed,"2026-08-24 16:02:25",Completed,"2026-08-24 16:06:08",Completed,"2026-08-25 20:54:04",Completed,"2026-08-24 16:10:58",Completed,"2026-08-25 20:58:05",Completed,"2026-08-25 20:59:21",Completed,"2026-08-25 21:05:34",Completed,"2026-08-25 21:06:58"
"PEACE SAMUEL",peacesamuel600@gmail.com,Completed,"2026-06-10 12:55:47",Completed,"2026-06-10 12:56:34",Completed,"2026-06-10 12:59:20",Completed,"2026-06-11 11:05:26",Completed,"2026-06-11 11:16:06",Completed,"2026-06-11 11:25:47",Completed,"2026-06-11 11:32:26",Completed,"2026-06-11 11:34:18",Completed,"2026-06-11 11:45:29",Completed,"2026-06-11 11:53:55",Completed,"2026-09-24 08:52:36","Not completed",,"Not completed",,"Not completed",,"Not completed",,"Not completed",,Completed,"2026-06-11 11:54:44",Completed,"2026-06-11 12:01:26",Completed,"2026-06-11 12:47:38",Completed,"2026-06-11 14:47:21",Completed,"2026-06-11 15:12:51",Completed,"2026-06-17 10:51:40",Completed,"2026-06-17 10:53:46",Completed,"2026-09-24 08:27:01",Completed,"2026-09-24 08:43:53",Completed,"2026-09-24 10:01:16",Completed,"2026-09-24 10:34:41",Completed,"2026-09-24 11:45:19",Completed,"2026-09-24 13:10:27","Not completed",,"Not completed",,"Not completed",,"Not completed",
"SHEDRACK SAMUEL",royosamudiamen@gmail.com,"Not completed",,"Not completed",,"Not completed",,"Not completed",,"Not completed",,"Not completed",,"Not completed",,"Not completed",,"Not completed",,"Not completed",,"Not completed",,"Not completed",,"Not completed",,"Not completed",,"Not completed",,"Not completed",,"Not completed",,"Not completed",,"Not completed",,"Not completed",,"Not completed",,"Not completed",,"Not completed",,"Not completed",,"Not completed",,"Not completed",,"Not completed",,"Not completed",,"Not completed",,"Not completed",,"Not completed",,"Not completed",,"Not completed",
"PAUL SANDA",sandapaul81@gmail.com,Completed,"2026-09-21 20:58:52",Completed,"2026-09-21 20:51:55",Completed,"2026-09-22 23:18:27",Completed,"2026-09-22 23:36:32",Completed,"2026-09-22 23:40:35",Completed,"2026-09-22 23:45:38",Completed,"2026-09-22 23:46:11",Completed,"2026-09-22 23:50:47",Completed,"2026-09-22 23:57:19",Completed,"2026-09-23 04:20:48",Completed,"2026-09-23 16:13:01",Completed,"2026-09-23 22:51:48",Completed,"2026-09-23 22:54:52",Completed,"2026-09-24 02:30:39",Completed,"2026-09-24 15:18:36","Completed (achieved pass grade)","2026-09-24 02:22:28",Completed,"2026-09-24 02:23:25",Completed,"2026-09-23 04:28:20",Completed,"2026-09-23 17:31:50",Completed,"2026-09-24 14:02:22",Completed,"2026-09-23 18:12:21",Completed,"2026-09-24 14:12:22",Completed,"2026-09-24 02:28:04",Completed,"2026-09-23 21:29:37",Completed,"2026-09-24 14:17:59",Completed,"2026-09-23 21:37:38",Completed,"2026-09-24 14:28:48",Completed,"2026-09-23 21:58:38",Completed,"2026-09-24 14:53:47",Completed,"2026-09-23 22:25:59",Completed,"2026-09-24 15:02:40",Completed,"2026-09-23 22:48:02",Completed,"2026-09-24 15:10:07"
"ABDULKADIR SANI",saniabdulkadir125@gmail.com,Completed,"2026-09-15 15:25:56",Completed,"2026-09-07 14:55:15",Completed,"2026-09-07 14:59:55",Completed,"2026-09-07 15:00:33",Completed,"2026-09-07 15:00:37",Completed,"2026-09-07 15:00:38",Completed,"2026-09-07 15:00:39",Completed,"2026-09-07 15:00:41",Completed,"2026-09-07 15:00:43",Completed,"2026-09-07 15:00:49",Completed,"2026-09-15 14:49:29",Completed,"2026-09-15 14:58:03","Not completed","1970-01-01 01:00:00",Completed,"2026-09-15 15:25:47","Not completed",,"Not completed",,Completed,"2026-09-15 15:25:49",Completed,"2026-09-07 15:04:59",Completed,"2026-09-07 15:21:50",Completed,"2026-09-14 10:40:40",Completed,"2026-09-14 10:47:46",Completed,"2026-09-14 12:09:04","Not completed",,Completed,"2026-09-15 14:36:28",Completed,"2026-09-14 12:28:55",Completed,"2026-09-15 15:11:54","Not completed","1970-01-01 01:00:00",Completed,"2026-09-15 15:21:01","Not completed","1970-01-01 01:00:00",Completed,"2026-09-22 14:16:55","Not completed",,"Not completed","1970-01-01 01:00:00","Not completed",
"ALIYU SANI",alisanikura12@gmail.com,Completed,"2026-09-10 10:37:14",Completed,"2026-09-10 10:35:58",Completed,"2026-09-10 10:44:18",Completed,"2026-09-10 10:36:07",Completed,"2026-09-10 10:36:08",Completed,"2026-09-10 10:36:09",Completed,"2026-09-10 10:36:10",Completed,"2026-09-10 10:36:11",Completed,"2026-09-10 10:36:12",Completed,"2026-09-10 10:36:13",Completed,"2026-09-10 17:50:53",Completed,"2026-09-10 10:36:43",Completed,"2026-09-13 15:39:17",Completed,"2026-09-10 10:37:07",Completed,"2026-09-19 10:15:07","Completed (achieved pass grade)","2026-09-12 10:30:39",Completed,"2026-09-10 10:37:11",Completed,"2026-09-10 10:46:08",Completed,"2026-09-10 10:47:48",Completed,"2026-09-10 10:49:59",Completed,"2026-09-10 17:04:07",Completed,"2026-09-10 17:08:30",Completed,"2026-09-12 10:37:27",Completed,"2026-09-10 17:26:44",Completed,"2026-09-13 16:42:26",Completed,"2026-09-11 12:17:03",Completed,"2026-09-13 15:46:41",Completed,"2026-09-12 10:18:15",Completed,"2026-09-13 16:26:59",Completed,"2026-09-12 10:20:11",Completed,"2026-09-13 16:14:15",Completed,"2026-09-12 10:22:43",Completed,"2026-09-13 16:49:32"
"ALIYU SANI",aliyuusmansani00@gmail.com,Completed,"2026-09-07 16:43:58",Completed,"2026-09-07 16:39:44",Completed,"2026-09-08 10:05:14",Completed,"2026-09-07 16:40:03",Completed,"2026-09-07 16:40:12",Completed,"2026-09-07 16:40:13",Completed,"2026-09-07 16:40:14",Completed,"2026-09-07 16:40:15",Completed,"2026-09-08 10:06:43",Completed,"2026-09-07 16:40:17",Completed,"2026-09-08 11:45:29",Completed,"2026-09-07 16:43:38",Completed,"2026-09-08 14:07:43",Completed,"2026-09-07 16:43:50","Not completed",,"Completed (achieved pass grade)","2026-09-08 12:27:19",Completed,"2026-09-07 16:43:54",Completed,"2026-09-08 11:00:23",Completed,"2026-09-08 09:51:02",Completed,"2026-09-08 10:52:08",Completed,"2026-09-08 11:07:46",Completed,"2026-09-08 11:40:45",Completed,"2026-09-08 14:21:48",Completed,"2026-09-08 12:02:13",Completed,"2026-09-08 13:10:18",Completed,"2026-09-08 12:06:18",Completed,"2026-09-08 12:57:54",Completed,"2026-09-08 12:10:31",Completed,"2026-09-08 13:39:46",Completed,"2026-09-08 12:13:54","Not completed","1970-01-01 01:00:00",Completed,"2026-09-08 12:17:26",Completed,"2026-09-14 10:48:32"
"HALIMA SANI",halimasaniibrahim8@gmail.com,"Not completed",,"Not completed",,"Not completed",,"Not completed",,"Not completed",,"Not completed",,"Not completed",,"Not completed",,"Not completed",,"Not completed",,"Not completed",,"Not completed",,"Not completed",,"Not completed",,"Not completed",,"Not completed",,"Not completed",,"Not completed",,"Not completed",,"Not completed",,"Not completed",,"Not completed",,"Not completed",,"Not completed",,"Not completed",,"Not completed",,"Not completed",,"Not completed",,"Not completed",,"Not completed",,"Not completed",,"Not completed",,"Not completed",
"JABIR SANI",jabeerabubakar76@gmail.com,Completed,"2026-08-20 15:32:06",Completed,"2026-08-20 14:46:18",Completed,"2026-08-20 15:01:58",Completed,"2026-08-20 14:46:24",Completed,"2026-08-20 14:46:24",Completed,"2026-08-20 14:46:26",Completed,"2026-08-20 14:46:26",Completed,"2026-08-20 14:46:27",Completed,"2026-08-20 14:46:28",Completed,"2026-08-20 14:46:29",Completed,"2026-08-20 15:11:34",Completed,"2026-08-20 14:46:50",Completed,"2026-08-20 15:19:05",Completed,"2026-08-20 14:47:04",Completed,"2026-08-20 16:00:23","Completed (achieved pass grade)","2026-08-20 15:30:38",Completed,"2026-08-20 14:47:06",Completed,"2026-08-20 14:56:08",Completed,"2026-08-20 15:03:09",Completed,"2026-08-20 15:36:07",Completed,"2026-08-20 15:05:26",Completed,"2026-08-20 15:39:59",Completed,"2026-08-20 16:06:03",Completed,"2026-08-20 15:07:26",Completed,"2026-08-20 15:42:09",Completed,"2026-08-20 15:12:52",Completed,"2026-08-20 15:47:07",Completed,"2026-08-20 15:14:37",Completed,"2026-08-20 15:51:30",Completed,"2026-08-20 15:15:53",Completed,"2026-08-20 15:55:04",Completed,"2026-08-20 15:17:26",Completed,"2026-08-20 15:58:25"
"NAZIR SANI",nazeer0943@gmail.com,Completed,"2026-06-09 14:24:11",Completed,"2026-06-09 14:42:43",Completed,"2026-06-09 14:47:02",Completed,"2026-06-09 14:51:03",Completed,"2026-06-09 14:56:10",Completed,"2026-06-09 15:02:44",Completed,"2026-06-09 15:09:23",Completed,"2026-06-09 15:16:15",Completed,"2026-06-09 15:25:59",Completed,"2026-06-09 15:33:50",Completed,"2026-06-21 18:04:26",Completed,"2026-06-21 18:37:00",Completed,"2026-06-22 17:22:52",Completed,"2026-06-22 17:23:11",Completed,"2026-06-22 17:51:59","Completed (achieved pass grade)","2026-07-05 09:40:28",Completed,"2026-06-22 18:22:01",Completed,"2026-06-09 15:39:41",Completed,"2026-06-14 18:06:35",Completed,"2026-06-21 17:05:01",Completed,"2026-06-21 17:12:17",Completed,"2026-06-21 17:49:43",Completed,"2026-06-22 18:23:00",Completed,"2026-06-21 17:55:04",Completed,"2026-06-21 18:03:47",Completed,"2026-06-21 18:08:18",Completed,"2026-06-21 18:29:15",Completed,"2026-06-22 03:44:24",Completed,"2026-06-22 03:56:49",Completed,"2026-06-22 03:59:16",Completed,"2026-06-22 05:41:38",Completed,"2026-06-22 17:04:35",Completed,"2026-06-22 17:20:39"
"RABIU SANI",rabiusaniibrahim29@gmail.com,Completed,"2026-07-25 14:08:25",Completed,"2026-07-18 12:07:58",Completed,"2026-07-18 12:12:41",Completed,"2026-07-18 12:14:35",Completed,"2026-07-18 12:19:17",Completed,"2026-07-18 12:20:29",Completed,"2026-07-18 12:21:38",Completed,"2026-07-18 12:21:50",Completed,"2026-07-18 12:22:42",Completed,"2026-07-18 12:23:40",Completed,"2026-07-18 13:38:11",Completed,"2026-07-18 13:50:29",Completed,"2026-07-24 12:51:15",Completed,"2026-07-24 12:52:18",Completed,"2026-07-24 13:51:52","Completed (achieved pass grade)","2026-07-24 13:07:14",Completed,"2026-07-24 13:41:56",Completed,"2026-07-18 12:27:47",Completed,"2026-07-18 12:32:48",Completed,"2026-07-18 12:39:55",Completed,"2026-07-18 12:46:09",Completed,"2026-07-25 13:08:57",Completed,"2026-07-24 13:47:07",Completed,"2026-07-18 13:28:40",Completed,"2026-07-25 13:13:55",Completed,"2026-07-18 13:43:33",Completed,"2026-07-25 13:46:14",Completed,"2026-07-18 13:47:33",Completed,"2026-07-25 14:02:31",Completed,"2026-07-18 13:59:52",Completed,"2026-07-25 14:07:29",Completed,"2026-07-24 12:39:37",Completed,"2026-07-24 12:45:20"
"SHAHID SANI",shahidrabiusani@gmail.com,Completed,"2026-09-28 06:04:18",Completed,"2026-09-28 06:04:40",Completed,"2026-09-28 06:08:40",Completed,"2026-09-28 06:10:52",Completed,"2026-09-28 06:11:13",Completed,"2026-09-28 06:11:34",Completed,"2026-09-28 06:11:55",Completed,"2026-09-28 06:12:16",Completed,"2026-09-28 06:12:59",Completed,"2026-09-28 06:13:20","Not completed",,"Not completed",,"Not completed",,"Not completed",,"Not completed",,"Not completed",,"Not completed",,Completed,"2026-09-28 08:41:06",Completed,"2026-09-28 08:47:20","Not completed","1970-01-01 01:00:00","Not completed",,"Not completed",,"Not completed",,"Not completed",,"Not completed",,"Not completed",,"Not completed",,"Not completed",,"Not completed",,"Not completed",,"Not completed",,"Not completed",,"Not completed",
"SHARIFUDEEN SANI",Asiyaisah5050@gmail.com,Completed,"2026-08-28 02:47:59",Completed,"2026-08-28 02:47:07",Completed,"2026-08-28 02:53:56",Completed,"2026-08-28 02:47:15",Completed,"2026-08-28 02:47:16",Completed,"2026-08-28 02:47:16",Completed,"2026-08-28 02:47:17",Completed,"2026-08-28 02:47:18",Completed,"2026-08-28 02:47:18",Completed,"2026-08-28 02:47:19",Completed,"2026-08-30 01:16:40",Completed,"2026-08-28 02:47:42",Completed,"2026-08-30 00:37:43",Completed,"2026-08-28 02:47:52",Completed,"2026-08-30 00:27:26","Completed (achieved pass grade)","2026-08-30 00:46:16",Completed,"2026-08-28 02:47:55",Completed,"2026-08-28 03:00:05",Completed,"2026-08-28 03:07:42",Completed,"2026-08-28 03:10:29",Completed,"2026-08-29 01:20:01",Completed,"2026-08-29 01:29:55",Completed,"2026-08-30 01:18:22",Completed,"2026-08-30 01:15:26",Completed,"2026-08-29 23:48:13",Completed,"2026-08-30 01:07:27",Completed,"2026-08-30 00:01:45",Completed,"2026-08-30 01:02:44",Completed,"2026-08-30 00:08:44",Completed,"2026-08-30 00:57:06",Completed,"2026-08-30 00:15:05",Completed,"2026-08-30 00:51:37",Completed,"2026-08-30 00:21:25"
"SUFYAN SANI",sanihnkysufyan@gmail.com,"Not completed",,"Not completed",,"Not completed",,"Not completed",,"Not completed",,"Not completed",,"Not completed",,"Not completed",,"Not completed",,"Not completed",,"Not completed",,"Not completed",,"Not completed",,"Not completed",,"Not completed",,"Not completed",,"Not completed",,"Not completed",,"Not completed",,"Not completed",,"Not completed",,"Not completed",,"Not completed",,"Not completed",,"Not completed",,"Not completed",,"Not completed",,"Not completed",,"Not completed",,"Not completed",,"Not completed",,"Not completed",,"Not completed",
"YUSIF SANKA",yusufhashim2017@gmail.com,Completed,"2026-07-15 21:36:17",Completed,"2026-07-12 18:19:06",Completed,"2026-07-14 19:55:23",Completed,"2026-07-12 18:19:06",Completed,"2026-07-12 18:19:07",Completed,"2026-07-12 18:19:07",Completed,"2026-07-14 19:57:19",Completed,"2026-07-14 19:57:18",Completed,"2026-07-14 19:57:20",Completed,"2026-07-14 19:57:21",Completed,"2026-07-15 21:18:22",Completed,"2026-07-15 20:44:27",Completed,"2026-07-15 21:21:50",Completed,"2026-07-15 21:35:54",Completed,"2026-07-15 21:24:54","Completed (achieved pass grade)","2026-07-15 21:31:04",Completed,"2026-07-15 21:32:21",Completed,"2026-07-14 20:02:39",Completed,"2026-07-15 19:30:58",Completed,"2026-07-15 19:40:24",Completed,"2026-07-15 19:44:41",Completed,"2026-07-15 19:58:11",Completed,"2026-07-15 19:56:07",Completed,"2026-07-15 20:02:54",Completed,"2026-07-15 20:32:52",Completed,"2026-07-15 20:37:17",Completed,"2026-07-15 20:40:54",Completed,"2026-07-15 20:46:23",Completed,"2026-07-15 20:55:08",Completed,"2026-07-15 20:58:54",Completed,"2026-07-15 21:01:59",Completed,"2026-07-15 21:05:12",Completed,"2026-07-15 21:13:43"
"MUDASSIR SAYYADI",mudassirsayyadimuhd@gmail.com,Completed,"2026-09-03 12:11:31",Completed,"2026-09-03 12:12:29",Completed,"2026-09-03 12:15:49",Completed,"2026-09-03 13:24:59",Completed,"2026-09-03 13:25:03",Completed,"2026-09-03 13:25:07",Completed,"2026-09-03 13:25:13",Completed,"2026-09-03 13:25:17",Completed,"2026-09-03 13:25:21",Completed,"2026-09-03 13:25:24",Completed,"2026-09-03 13:24:40",Completed,"2026-09-03 13:40:57",Completed,"2026-09-03 14:25:03",Completed,"2026-09-03 14:25:20",Completed,"2026-09-03 14:26:44","Completed (achieved pass grade)","2026-09-03 14:50:41",Completed,"2026-09-03 14:51:00",Completed,"2026-09-03 12:19:25",Completed,"2026-09-03 12:22:54",Completed,"2026-09-03 12:35:45",Completed,"2026-09-03 12:49:37",Completed,"2026-09-03 12:54:56",Completed,"2026-09-03 14:53:44",Completed,"2026-09-03 13:15:00",Completed,"2026-09-03 13:16:42",Completed,"2026-09-03 13:31:45",Completed,"2026-09-03 13:34:49",Completed,"2026-09-03 13:46:51",Completed,"2026-09-03 13:51:34",Completed,"2026-09-03 13:59:33",Completed,"2026-09-03 14:03:29",Completed,"2026-09-03 14:14:46",Completed,"2026-09-03 14:16:22"
"TAHEER SAYYADI",Taheerfagachi2001@gmail.com,Completed,"2026-09-07 11:01:29",Completed,"2026-09-07 11:03:21",Completed,"2026-09-07 11:13:04",Completed,"2026-09-07 11:24:37",Completed,"2026-09-07 12:02:04",Completed,"2026-09-07 11:26:23",Completed,"2026-09-07 11:28:11",Completed,"2026-09-07 11:29:03",Completed,"2026-09-07 11:32:30",Completed,"2026-09-07 11:30:19",Completed,"2026-09-09 09:38:52",Completed,"2026-09-09 09:49:09",Completed,"2026-09-09 09:53:50",Completed,"2026-09-09 09:54:53",Completed,"2026-09-09 09:55:21","Completed (achieved pass grade)","2026-09-09 10:50:39",Completed,"2026-09-09 10:50:50",Completed,"2026-09-07 11:42:06",Completed,"2026-09-07 11:56:50",Completed,"2026-09-07 12:05:08",Completed,"2026-09-09 10:18:29",Completed,"2026-09-09 10:19:16",Completed,"2026-09-09 10:13:09",Completed,"2026-09-09 09:46:58",Completed,"2026-09-09 10:52:51",Completed,"2026-09-09 11:03:36",Completed,"2026-09-09 11:46:46",Completed,"2026-09-09 11:12:58",Completed,"2026-09-09 11:13:28",Completed,"2026-09-09 11:09:58",Completed,"2026-09-09 11:27:21",Completed,"2026-09-09 10:05:29",Completed,"2026-09-09 10:06:02"
"MUHAMMED SHAIBU",muhammedshaibu2003@gmail.com,Completed,"2026-08-30 01:42:38",Completed,"2026-08-17 17:20:31",Completed,"2026-08-17 17:19:03",Completed,"2026-08-17 17:19:31",Completed,"2026-08-17 17:21:10",Completed,"2026-08-17 17:22:55",Completed,"2026-08-17 17:26:39",Completed,"2026-08-17 17:27:28",Completed,"2026-08-17 17:27:43",Completed,"2026-08-17 17:27:51",Completed,"2026-08-18 10:21:46",Completed,"2026-08-18 10:46:42",Completed,"2026-08-18 10:55:48",Completed,"2026-08-18 10:56:03",Completed,"2026-08-18 12:34:52","Not completed","1970-01-01 01:00:00",Completed,"2026-08-18 12:33:50",Completed,"2026-08-17 17:33:23",Completed,"2026-08-17 17:37:27",Completed,"2026-08-18 11:14:12",Completed,"2026-08-18 10:09:30",Completed,"2026-08-18 11:46:58",Completed,"2026-08-18 10:12:58",Completed,"2026-08-18 10:19:35",Completed,"2026-08-18 12:11:29",Completed,"2026-08-18 10:42:03",Completed,"2026-08-18 12:16:52",Completed,"2026-08-18 10:46:18",Completed,"2026-08-18 12:21:31",Completed,"2026-08-18 10:50:27",Completed,"2026-08-18 13:33:36",Completed,"2026-08-18 10:54:22",Completed,"2026-08-18 12:54:29"
"AISHA SHARIF",amuhammadsharif244@gmail.com,Completed,"2026-09-08 22:52:03",Completed,"2026-09-08 22:53:54",Completed,"2026-09-08 22:58:08",Completed,"2026-09-09 02:02:52",Completed,"2026-09-09 02:02:53",Completed,"2026-09-09 02:02:55",Completed,"2026-09-09 02:02:56",Completed,"2026-09-09 02:02:57",Completed,"2026-09-09 02:02:59",Completed,"2026-09-09 02:03:01",Completed,"2026-09-11 00:44:23",Completed,"2026-09-10 23:54:17",Completed,"2026-09-11 00:47:53",Completed,"2026-09-11 00:45:32",Completed,"2026-09-11 01:35:38","Completed (achieved pass grade)","2026-09-11 00:37:34",Completed,"2026-09-11 00:25:42",Completed,"2026-09-08 23:08:04",Completed,"2026-09-09 19:38:52",Completed,"2026-09-08 23:25:23",Completed,"2026-09-09 19:44:43",Completed,"2026-09-09 19:49:07",Completed,"2026-09-11 01:32:37",Completed,"2026-09-10 15:40:14",Completed,"2026-09-10 15:44:36",Completed,"2026-09-10 16:19:56",Completed,"2026-09-11 00:58:43",Completed,"2026-09-10 23:58:40",Completed,"2026-09-11 00:07:32",Completed,"2026-09-11 00:41:23",Completed,"2026-09-11 02:09:09",Completed,"2026-09-10 16:22:25",Completed,"2026-09-10 17:17:31"
"ABUBAKAR SHEHU",manesadiq38@gmail.com,Completed,"2026-09-16 12:31:34",Completed,"2026-09-16 12:08:11",Completed,"2026-09-02 10:23:22",Completed,"2026-08-28 22:23:44",Completed,"2026-08-28 22:23:45",Completed,"2026-08-28 22:23:46",Completed,"2026-08-28 22:23:47",Completed,"2026-08-28 22:23:47",Completed,"2026-08-28 22:23:48",Completed,"2026-08-28 22:23:49",Completed,"2026-08-29 16:11:30",Completed,"2026-08-28 22:30:16",Completed,"2026-09-02 11:22:17",Completed,"2026-08-28 22:30:36",Completed,"2026-09-02 11:10:25","Completed (achieved pass grade)","2026-09-02 11:17:39",Completed,"2026-09-16 12:18:45",Completed,"2026-08-28 22:53:49",Completed,"2026-09-02 10:27:23",Completed,"2026-08-28 22:43:13",Completed,"2026-09-02 10:32:58",Completed,"2026-08-28 23:01:23",Completed,"2026-09-02 10:41:41",Completed,"2026-09-02 10:46:58",Completed,"2026-08-28 23:33:04",Completed,"2026-09-02 10:50:25",Completed,"2026-08-29 16:16:11",Completed,"2026-09-02 10:54:00",Completed,"2026-08-29 20:43:21",Completed,"2026-09-02 10:58:03",Completed,"2026-08-29 21:24:55",Completed,"2026-09-02 11:01:47",Completed,"2026-09-01 09:18:31"
"AMINU SHEHU",Aminushehuishaq6586@gmail.com,Completed,"2026-09-15 12:22:03",Completed,"2026-09-15 12:21:04",Completed,"2026-09-15 12:31:29",Completed,"2026-09-15 12:21:09",Completed,"2026-09-15 12:21:10",Completed,"2026-09-15 12:21:12",Completed,"2026-09-15 12:21:13",Completed,"2026-09-15 12:21:14",Completed,"2026-09-15 12:21:15",Completed,"2026-09-15 12:21:17",Completed,"2026-09-17 10:10:11",Completed,"2026-09-15 12:21:35",Completed,"2026-09-17 12:43:35",Completed,"2026-09-15 12:21:46",Completed,"2026-09-16 17:00:25","Completed (achieved pass grade)","2026-09-17 12:24:50",Completed,"2026-09-15 12:21:48",Completed,"2026-09-15 12:27:48",Completed,"2026-09-15 12:35:44",Completed,"2026-09-15 12:37:16",Completed,"2026-09-15 18:03:03",Completed,"2026-09-15 18:20:09",Completed,"2026-09-17 12:48:14",Completed,"2026-09-17 09:46:13",Completed,"2026-09-17 09:53:38",Completed,"2026-09-17 10:14:19",Completed,"2026-09-17 10:17:29",Completed,"2026-09-17 12:29:50",Completed,"2026-09-17 12:32:33",Completed,"2026-09-17 11:00:12",Completed,"2026-09-17 10:36:12",Completed,"2026-09-17 11:23:42",Completed,"2026-09-17 11:26:31"
"MUSBAHU SHEHU",ceetiboy@gmail.com,Completed,"2026-09-15 17:23:48",Completed,"2026-09-15 17:23:16",Completed,"2026-09-16 13:53:37",Completed,"2026-09-15 17:23:28",Completed,"2026-09-15 17:23:30",Completed,"2026-09-15 17:23:32",Completed,"2026-09-15 17:23:33",Completed,"2026-09-15 17:23:35",Completed,"2026-09-15 17:23:37",Completed,"2026-09-15 17:24:18",Completed,"2026-09-19 15:45:04",Completed,"2026-09-15 17:25:20",Completed,"2026-09-26 14:27:12",Completed,"2026-09-15 17:25:59",Completed,"2026-09-26 15:00:11","Not completed","1970-01-01 01:00:00",Completed,"2026-09-15 17:26:13",Completed,"2026-09-16 14:07:25",Completed,"2026-09-16 14:14:23",Completed,"2026-09-22 15:37:21",Completed,"2026-09-16 14:29:05",Completed,"2026-09-22 16:18:52",Completed,"2026-09-16 14:56:09",Completed,"2026-09-16 15:12:59",Completed,"2026-09-23 16:48:32",Completed,"2026-09-26 12:44:18",Completed,"2026-09-22 16:36:06",Completed,"2026-09-26 12:51:46",Completed,"2026-09-22 17:23:09",Completed,"2026-09-26 13:01:17",Completed,"2026-09-26 14:10:00",Completed,"2026-09-26 14:23:05",Completed,"2026-09-23 17:28:13"
"YUSUF SHITU",yusufabdullahi968@gmail.com,"Not completed",,"Not completed",,"Not completed",,"Not completed",,"Not completed",,"Not completed",,"Not completed",,"Not completed",,"Not completed",,"Not completed",,"Not completed",,"Not completed",,"Not completed",,"Not completed",,"Not completed",,"Not completed",,"Not completed",,"Not completed",,"Not completed",,"Not completed",,"Not completed",,"Not completed",,"Not completed",,"Not completed",,"Not completed",,"Not completed",,"Not completed",,"Not completed",,"Not completed",,"Not completed",,"Not completed",,"Not completed",,"Not completed",
"OLUWADAMILARE SHODEKO",mshodex@gmail.com,"Not completed",,Completed,"2026-09-15 07:08:16",Completed,"2026-09-15 07:10:10",Completed,"2026-09-15 07:12:04",Completed,"2026-09-15 07:17:18",Completed,"2026-09-15 07:24:10",Completed,"2026-09-15 07:24:56",Completed,"2026-09-15 07:26:16",Completed,"2026-09-15 07:30:31",Completed,"2026-09-15 07:33:16",Completed,"2026-09-17 11:40:30",Completed,"2026-09-18 09:44:23","Not completed",,"Not completed",,"Not completed",,"Not completed",,"Not completed",,Completed,"2026-09-15 07:39:17",Completed,"2026-09-15 07:59:01",Completed,"2026-09-15 08:05:54",Completed,"2026-09-15 08:27:53",Completed,"2026-09-15 08:37:30","Not completed",,Completed,"2026-09-15 09:26:21",Completed,"2026-09-18 09:11:55",Completed,"2026-09-18 08:55:22",Completed,"2026-09-18 09:02:53",Completed,"2026-09-18 09:57:14",Completed,"2026-09-18 10:16:19",Completed,"2026-09-18 10:39:24","Not completed","1970-01-01 01:00:00","Not completed",,"Not completed",
"ALI SHUAIBU",shuaibualimuhd41@gmail.com,Completed,"2026-09-14 15:18:54",Completed,"2026-09-14 15:15:55",Completed,"2026-08-24 13:50:50",Completed,"2026-08-24 13:51:30",Completed,"2026-08-24 13:51:32",Completed,"2026-08-24 13:51:33",Completed,"2026-08-24 13:51:34",Completed,"2026-08-24 13:51:35",Completed,"2026-08-24 13:51:35",Completed,"2026-08-24 13:51:36",Completed,"2026-08-24 15:42:46",Completed,"2026-09-14 15:18:58",Completed,"2026-09-14 14:58:36",Completed,"2026-08-24 14:48:02",Completed,"2026-09-10 14:36:15","Completed (achieved pass grade)","2026-09-14 15:10:35",Completed,"2026-08-24 14:48:07",Completed,"2026-08-24 13:58:00",Completed,"2026-08-24 14:10:58",Completed,"2026-08-24 14:12:17",Completed,"2026-08-24 14:23:03",Completed,"2026-08-24 14:24:46",Completed,"2026-09-14 14:43:21",Completed,"2026-08-24 14:59:58",Completed,"2026-08-24 14:40:37",Completed,"2026-08-24 15:06:05",Completed,"2026-09-10 14:10:10",Completed,"2026-09-10 14:21:14",Completed,"2026-09-10 14:26:38",Completed,"2026-09-14 14:25:49",Completed,"2026-08-24 15:07:52",Completed,"2026-08-24 15:18:04",Completed,"2026-08-24 15:19:25"
"FAUZUDDEEN SHUAIBU",afauzuddeen@gmail.com,Completed,"2026-09-15 14:11:42",Completed,"2026-09-07 14:53:42",Completed,"2026-09-15 14:09:51",Completed,"2026-09-07 14:53:52",Completed,"2026-09-07 14:53:53",Completed,"2026-09-07 14:53:54",Completed,"2026-09-07 14:53:56",Completed,"2026-09-07 14:53:57",Completed,"2026-09-07 14:53:58",Completed,"2026-09-07 14:54:00",Completed,"2026-09-16 15:14:17",Completed,"2026-09-07 14:54:46","Not completed",,Completed,"2026-09-07 14:55:13","Not completed",,"Not completed",,Completed,"2026-09-07 14:55:26",Completed,"2026-09-15 14:53:32",Completed,"2026-09-16 14:46:41",Completed,"2026-09-16 15:02:54",Completed,"2026-09-16 15:12:45","Not completed","1970-01-01 01:00:00",Completed,"2026-09-15 14:56:18","Not completed",,"Not completed",,"Not completed",,"Not completed",,"Not completed",,"Not completed",,"Not completed",,"Not completed",,"Not completed",,"Not completed",
"HADIZA SHUAIBU",hadizashuaibu57@gmail.com,Completed,"2026-08-31 06:32:00",Completed,"2026-08-31 06:32:13",Completed,"2026-08-31 14:41:15",Completed,"2026-08-31 14:42:06",Completed,"2026-08-31 14:42:14",Completed,"2026-08-31 14:42:19",Completed,"2026-08-31 14:42:27",Completed,"2026-08-31 14:42:32",Completed,"2026-08-31 14:42:36",Completed,"2026-08-31 14:42:43",Completed,"2026-09-02 11:30:55",Completed,"2026-09-05 05:07:27",Completed,"2026-09-08 21:20:40",Completed,"2026-09-06 09:17:03",Completed,"2026-09-08 21:57:49","Completed (achieved pass grade)","2026-09-06 09:29:20",Completed,"2026-09-06 09:17:08",Completed,"2026-08-31 14:47:36",Completed,"2026-08-31 14:53:21",Completed,"2026-09-02 06:49:20",Completed,"2026-08-31 15:50:57",Completed,"2026-09-02 12:18:56",Completed,"2026-08-31 15:55:36",Completed,"2026-09-04 07:26:37",Completed,"2026-09-04 07:52:12",Completed,"2026-09-04 13:40:31",Completed,"2026-09-04 14:32:35",Completed,"2026-09-06 08:35:49",Completed,"2026-09-09 23:21:42",Completed,"2026-09-06 08:41:53",Completed,"2026-09-07 19:41:21",Completed,"2026-09-06 08:44:58",Completed,"2026-09-08 21:11:42"
"HAFIZU SHUAIBU",hafizumuhammadshuaibu@gmail.com,Completed,"2026-09-14 14:56:20",Completed,"2026-09-10 11:05:23",Completed,"2026-09-14 12:46:18",Completed,"2026-09-10 11:23:15",Completed,"2026-09-10 11:23:17",Completed,"2026-09-10 11:23:20",Completed,"2026-09-10 11:23:23",Completed,"2026-09-10 11:23:24",Completed,"2026-09-10 11:26:10",Completed,"2026-09-10 11:26:50",Completed,"2026-09-10 16:31:37",Completed,"2026-09-14 14:45:23",Completed,"2026-09-14 14:27:11",Completed,"2026-09-14 14:45:31",Completed,"2026-09-10 16:21:54","Completed (achieved pass grade)","2026-09-14 14:40:11",Completed,"2026-09-14 14:45:33",Completed,"2026-09-14 12:52:33",Completed,"2026-09-14 13:00:05",Completed,"2026-09-10 14:35:16",Completed,"2026-09-14 13:17:00",Completed,"2026-09-10 14:47:23",Completed,"2026-09-10 16:36:14",Completed,"2026-09-14 13:38:31",Completed,"2026-09-10 15:14:38",Completed,"2026-09-14 13:43:29",Completed,"2026-09-10 15:31:31",Completed,"2026-09-14 14:04:36",Completed,"2026-09-10 15:47:22",Completed,"2026-09-14 14:16:25",Completed,"2026-09-10 16:02:21",Completed,"2026-09-14 14:20:34",Completed,"2026-09-10 16:13:34"
"HUSSAINI SHUAIBU",hdanmama3@gmail.com,Completed,"2026-08-27 17:38:32",Completed,"2026-08-27 17:38:34",Completed,"2026-08-28 12:05:07",Completed,"2026-08-27 17:38:44",Completed,"2026-08-27 17:38:45",Completed,"2026-08-27 17:38:46",Completed,"2026-08-27 17:38:48",Completed,"2026-08-27 17:38:51",Completed,"2026-08-27 17:38:53",Completed,"2026-08-27 17:38:55",Completed,"2026-08-29 15:02:55",Completed,"2026-08-27 17:39:15",Completed,"2026-08-29 15:34:50",Completed,"2026-08-29 15:36:35",Completed,"2026-08-29 15:37:28","Not completed","1970-01-01 01:00:00",Completed,"2026-08-29 15:38:52",Completed,"2026-08-28 12:09:22",Completed,"2026-08-28 12:13:21",Completed,"2026-08-28 12:15:18",Completed,"2026-08-28 12:21:33",Completed,"2026-08-29 14:49:48",Completed,"2026-08-29 15:54:06",Completed,"2026-08-29 14:58:34",Completed,"2026-08-29 15:00:41",Completed,"2026-08-29 15:08:05",Completed,"2026-08-29 15:09:33",Completed,"2026-08-29 15:16:08",Completed,"2026-08-29 15:17:44",Completed,"2026-08-29 15:26:19",Completed,"2026-08-29 15:29:41",Completed,"2026-08-29 16:25:20",Completed,"2026-08-29 17:23:29"
"SHAMSU SHUAIBU",shamsufalalushuaib324@gmail.com,Completed,"2026-09-08 13:08:53",Completed,"2026-09-08 13:09:05",Completed,"2026-09-08 13:10:35",Completed,"2026-09-08 13:11:39",Completed,"2026-09-08 13:11:48",Completed,"2026-09-08 13:11:58",Completed,"2026-09-08 13:12:06",Completed,"2026-09-08 13:12:17",Completed,"2026-09-08 13:12:26",Completed,"2026-09-08 13:12:35",Completed,"2026-09-08 13:52:30",Completed,"2026-09-08 14:02:48",Completed,"2026-09-14 09:30:28",Completed,"2026-09-14 09:31:15",Completed,"2026-09-14 09:48:02","Completed (achieved pass grade)","2026-09-19 16:16:29",Completed,"2026-09-14 10:02:59",Completed,"2026-09-08 13:14:38",Completed,"2026-09-08 13:17:48",Completed,"2026-09-19 16:33:04",Completed,"2026-09-08 13:22:06",Completed,"2026-09-08 13:24:35",Completed,"2026-09-14 10:05:04",Completed,"2026-09-08 13:39:35",Completed,"2026-09-08 13:45:51",Completed,"2026-09-08 13:54:55",Completed,"2026-09-08 13:56:58",Completed,"2026-09-08 14:04:52",Completed,"2026-09-08 14:25:15",Completed,"2026-09-08 14:33:22",Completed,"2026-09-08 14:40:34",Completed,"2026-09-08 14:48:31",Completed,"2026-09-08 14:51:51"
"YAHAYA SHUAIBU",yahayayunusashuaibu01@gmail.com,Completed,"2026-09-17 12:39:38",Completed,"2026-09-17 12:40:03",Completed,"2026-09-17 12:44:12",Completed,"2026-09-17 12:46:37",Completed,"2026-09-17 12:47:10",Completed,"2026-09-17 12:47:18",Completed,"2026-09-17 12:47:19",Completed,"2026-09-17 12:47:20",Completed,"2026-09-17 12:47:21",Completed,"2026-09-17 12:47:23",Completed,"2026-09-17 13:52:29",Completed,"2026-09-17 17:06:20",Completed,"2026-09-17 19:47:11",Completed,"2026-09-17 19:47:59",Completed,"2026-09-17 20:06:00","Completed (achieved pass grade)","2026-09-17 20:24:21",Completed,"2026-09-17 20:25:21",Completed,"2026-09-17 12:52:54",Completed,"2026-09-17 13:33:56",Completed,"2026-09-16 21:45:42",Completed,"2026-09-17 13:42:51",Completed,"2026-09-17 08:12:21",Completed,"2026-09-17 20:37:35",Completed,"2026-09-17 13:47:33",Completed,"2026-09-17 09:20:05",Completed,"2026-09-17 17:05:13",Completed,"2026-09-17 09:51:32",Completed,"2026-09-17 17:10:47",Completed,"2026-09-17 10:18:40",Completed,"2026-09-17 17:55:16",Completed,"2026-09-17 17:45:28",Completed,"2026-09-17 19:02:05",Completed,"2026-09-17 19:35:32"
"DAMILOLA SODEINDE",sodeindedamilola@gmail.com,Completed,"2026-06-24 11:53:10",Completed,"2026-06-16 17:57:11",Completed,"2026-06-16 18:02:17",Completed,"2026-06-16 18:16:46",Completed,"2026-06-16 18:18:02",Completed,"2026-06-16 18:18:11",Completed,"2026-06-16 18:23:39",Completed,"2026-06-16 18:20:24",Completed,"2026-06-16 18:21:27",Completed,"2026-06-16 18:23:02",Completed,"2026-06-18 12:04:39",Completed,"2026-06-18 12:24:43",Completed,"2026-06-19 12:23:35",Completed,"2026-06-19 12:24:33",Completed,"2026-06-24 11:48:11","Completed (achieved pass grade)","2026-07-05 09:40:28",Completed,"2026-06-19 12:44:40",Completed,"2026-06-16 18:28:51",Completed,"2026-06-18 11:32:44",Completed,"2026-06-19 13:40:25",Completed,"2026-06-18 11:43:01",Completed,"2026-06-19 14:11:45",Completed,"2026-06-19 12:49:42",Completed,"2026-06-18 12:02:45",Completed,"2026-06-24 12:25:35",Completed,"2026-06-18 12:14:58",Completed,"2026-06-19 14:42:24",Completed,"2026-06-18 12:22:46",Completed,"2026-06-19 18:06:56",Completed,"2026-06-18 12:31:40",Completed,"2026-06-20 14:47:00",Completed,"2026-06-18 12:38:43",Completed,"2026-06-22 18:31:48"
"ABDUL-MAHLIK SULAIMAN",abdulmahlik262@gmail.com,Completed,"2026-09-24 13:39:00",Completed,"2026-09-17 16:13:41",Completed,"2026-09-24 14:06:59",Completed,"2026-09-17 16:15:34",Completed,"2026-09-17 16:16:06",Completed,"2026-09-17 16:16:34",Completed,"2026-09-17 16:16:33",Completed,"2026-09-17 16:16:33",Completed,"2026-09-17 16:16:32",Completed,"2026-09-17 16:16:31",Completed,"2026-09-24 15:46:51",Completed,"2026-09-17 16:16:54",Completed,"2026-09-24 16:34:34",Completed,"2026-09-17 16:17:02",Completed,"2026-09-24 16:51:10","Completed (achieved pass grade)","2026-09-28 07:08:33",Completed,"2026-09-17 16:17:00",Completed,"2026-09-24 13:56:11",Completed,"2026-09-24 13:26:22",Completed,"2026-09-24 13:42:44",Completed,"2026-09-24 14:05:06",Completed,"2026-09-24 14:14:05","Not completed","1970-01-01 01:00:00",Completed,"2026-09-24 15:43:24",Completed,"2026-09-24 14:46:27",Completed,"2026-09-24 15:54:44",Completed,"2026-09-24 14:52:36",Completed,"2026-09-24 16:11:07",Completed,"2026-09-24 14:59:31",Completed,"2026-09-24 16:22:04",Completed,"2026-09-24 15:17:39",Completed,"2026-09-24 16:35:59",Completed,"2026-09-24 15:00:31"
"AHMAD SULAIMAN",sulesulaimanyakubu@gmail.com,Completed,"2026-09-15 14:32:05",Completed,"2026-09-15 14:34:33",Completed,"2026-09-15 23:20:50",Completed,"2026-09-15 15:25:58",Completed,"2026-09-15 15:25:58",Completed,"2026-09-15 15:25:59",Completed,"2026-09-15 15:26:01",Completed,"2026-09-15 15:26:02",Completed,"2026-09-15 15:26:03",Completed,"2026-09-15 15:26:04",Completed,"2026-09-16 21:48:17","Not completed",,Completed,"2026-09-16 21:55:30",Completed,"2026-09-15 15:57:37",Completed,"2026-09-16 21:17:29","Completed (achieved pass grade)","2026-09-16 18:33:41",Completed,"2026-09-15 15:57:32",Completed,"2026-09-16 14:27:57",Completed,"2026-09-16 14:33:15",Completed,"2026-09-15 14:50:05",Completed,"2026-09-15 15:24:43",Completed,"2026-09-15 15:04:40",Completed,"2026-09-15 15:18:25",Completed,"2026-09-16 16:05:45",Completed,"2026-09-15 15:39:52","Not completed",,"Not completed",,"Not completed",,"Not completed",,"Not completed",,"Not completed",,Completed,"2026-09-16 22:01:26",Completed,"2026-09-15 16:01:49"
"AHMAD SULAIMAN",aremade59@gmail.com,Completed,"2026-08-26 19:26:09",Completed,"2026-08-26 19:21:48",Completed,"2026-08-26 19:21:22",Completed,"2026-08-26 19:24:54",Completed,"2026-08-26 19:24:55",Completed,"2026-08-26 19:24:56",Completed,"2026-08-26 19:24:57",Completed,"2026-08-26 19:24:57",Completed,"2026-08-26 19:24:58",Completed,"2026-08-26 19:24:59",Completed,"2026-08-27 23:06:14",Completed,"2026-08-26 19:25:16",Completed,"2026-08-27 23:27:14",Completed,"2026-08-26 19:25:25",Completed,"2026-08-27 23:27:58","Completed (achieved pass grade)","2026-08-27 23:33:12",Completed,"2026-08-26 19:25:28",Completed,"2026-08-26 19:29:38",Completed,"2026-08-26 19:35:00",Completed,"2026-08-26 19:38:33",Completed,"2026-08-26 19:44:55",Completed,"2026-08-27 23:03:56",Completed,"2026-08-26 19:45:57",Completed,"2026-08-26 19:53:48",Completed,"2026-08-27 23:05:14",Completed,"2026-08-27 23:08:38",Completed,"2026-08-27 23:09:19",Completed,"2026-08-27 23:12:54",Completed,"2026-08-27 23:13:43",Completed,"2026-08-27 23:17:01",Completed,"2026-08-27 23:17:36",Completed,"2026-08-27 23:23:26",Completed,"2026-08-27 23:24:13"
"AMINU SULAIMAN",aminuss472@gmail.com,Completed,"2026-08-25 17:28:03",Completed,"2026-08-25 17:30:34",Completed,"2026-08-25 17:35:26",Completed,"2026-08-26 15:43:06",Completed,"2026-08-26 23:57:26",Completed,"2026-08-27 00:04:20",Completed,"2026-08-27 00:11:51",Completed,"2026-08-27 00:13:13",Completed,"2026-08-27 00:29:12",Completed,"2026-08-27 00:29:50",Completed,"2026-08-31 08:56:39",Completed,"2026-08-31 12:28:51",Completed,"2026-08-31 16:10:10",Completed,"2026-08-31 16:11:41",Completed,"2026-08-31 16:28:38","Completed (achieved pass grade)","2026-08-31 16:40:52",Completed,"2026-08-31 16:41:32",Completed,"2026-08-27 00:33:33",Completed,"2026-08-27 01:01:53",Completed,"2026-08-27 01:41:26",Completed,"2026-08-27 01:56:15",Completed,"2026-08-28 23:26:49",Completed,"2026-08-27 01:58:22",Completed,"2026-08-31 08:27:46",Completed,"2026-08-31 08:50:22",Completed,"2026-08-31 09:15:20",Completed,"2026-08-31 12:18:58",Completed,"2026-08-31 12:41:51",Completed,"2026-08-31 12:57:57",Completed,"2026-08-31 13:21:58",Completed,"2026-08-31 14:04:58",Completed,"2026-08-31 13:25:40",Completed,"2026-08-31 14:37:27"
"MURTALA SULAIMAN",sulaimanmurtala9@gmail.com,Completed,"2026-08-24 16:07:13",Completed,"2026-08-24 16:07:40",Completed,"2026-08-24 16:09:33",Completed,"2026-08-24 16:11:04",Completed,"2026-08-24 16:11:04",Completed,"2026-08-24 16:11:06",Completed,"2026-08-24 16:11:07",Completed,"2026-08-24 16:11:08",Completed,"2026-08-24 16:11:09",Completed,"2026-08-24 16:11:09","Not completed",,Completed,"2026-08-24 20:28:28","Not completed",,Completed,"2026-08-24 20:28:55","Not completed",,"Not completed",,Completed,"2026-08-24 20:29:00",Completed,"2026-08-24 16:14:25",Completed,"2026-08-24 19:46:07",Completed,"2026-08-24 20:22:07",Completed,"2026-08-24 20:49:28","Not completed","1970-01-01 01:00:00","Not completed",,"Not completed",,"Not completed","1970-01-01 01:00:00","Not completed",,"Not completed","1970-01-01 01:00:00","Not completed",,"Not completed",,"Not completed",,"Not completed",,"Not completed",,"Not completed",
"NURA SULAIMAN",nuraddeensulaiman22@gmail.com,Completed,"2026-09-18 20:03:08",Completed,"2026-09-18 20:00:56","Not completed",,Completed,"2026-09-18 20:01:03",Completed,"2026-09-18 20:01:04",Completed,"2026-09-18 20:01:04",Completed,"2026-09-18 20:01:06",Completed,"2026-09-18 20:01:07",Completed,"2026-09-18 20:01:08",Completed,"2026-09-18 20:01:10","Not completed",,Completed,"2026-09-18 20:02:08","Not completed",,Completed,"2026-09-18 20:02:44","Not completed",,"Not completed",,Completed,"2026-09-18 20:02:48","Not completed",,"Not completed",,"Not completed",,"Not completed",,"Not completed",,"Not completed",,"Not completed",,"Not completed",,"Not completed",,"Not completed",,"Not completed",,"Not completed",,"Not completed",,"Not completed",,"Not completed",,"Not completed",
"SULAIMAN SULAIMAN",snura990@gmail.com,Completed,"2026-08-24 19:45:49",Completed,"2026-08-24 19:44:28",Completed,"2026-08-24 19:49:02",Completed,"2026-08-24 19:44:35",Completed,"2026-08-24 19:49:50",Completed,"2026-08-24 19:44:37",Completed,"2026-08-24 19:44:38",Completed,"2026-08-24 19:44:38",Completed,"2026-08-24 19:44:39",Completed,"2026-08-24 19:44:41",Completed,"2026-08-24 22:04:39",Completed,"2026-08-24 19:45:16",Completed,"2026-08-26 22:26:06",Completed,"2026-08-26 22:26:26",Completed,"2026-08-26 22:41:06","Completed (achieved pass grade)","2026-08-26 22:40:04",Completed,"2026-08-26 22:30:18",Completed,"2026-08-24 20:04:38",Completed,"2026-08-24 21:55:05",Completed,"2026-08-25 22:40:10",Completed,"2026-08-24 22:10:51",Completed,"2026-08-25 22:40:57",Completed,"2026-08-26 22:29:50",Completed,"2026-08-25 19:59:14",Completed,"2026-08-25 23:04:39",Completed,"2026-08-25 21:06:07",Completed,"2026-08-25 23:06:06",Completed,"2026-08-25 21:09:53",Completed,"2026-08-25 23:11:14",Completed,"2026-08-25 21:13:45",Completed,"2026-08-26 22:18:59",Completed,"2026-08-25 21:17:31",Completed,"2026-08-26 22:21:13"
"UMAR SULAIMAN",umarulfaruq017@gmail.com,"Not completed","2026-08-17 14:12:09",Completed,"2026-07-05 11:20:19",Completed,"2026-07-05 11:40:16",Completed,"2026-07-05 11:20:20",Completed,"2026-07-05 11:20:21",Completed,"2026-07-05 11:20:22",Completed,"2026-07-05 11:20:22",Completed,"2026-07-05 11:20:23",Completed,"2026-07-05 11:20:24",Completed,"2026-07-05 11:20:27",Completed,"2026-07-05 11:15:05",Completed,"2026-07-05 11:20:30","Not completed",,Completed,"2026-07-05 11:20:33","Not completed",,"Not completed",,Completed,"2026-07-05 11:20:34","Not completed",,Completed,"2026-08-22 08:41:04",Completed,"2026-08-22 08:41:55","Not completed","1970-01-01 01:00:00",Completed,"2026-08-22 08:53:00",Completed,"2026-07-05 11:16:41",Completed,"2026-08-22 09:13:33",Completed,"2026-08-22 09:15:03","Not completed","1970-01-01 01:00:00",Completed,"2026-08-22 10:33:36",Completed,"2026-08-22 10:55:29",Completed,"2026-08-22 10:56:35","Not completed",,"Not completed",,"Not completed",,"Not completed",
"ADAMU SULEIMAN",adam37real@gmail.com,Completed,"2026-08-26 18:45:05",Completed,"2026-08-25 06:04:52",Completed,"2026-08-26 13:55:09",Completed,"2026-08-26 13:55:36",Completed,"2026-08-26 13:55:37",Completed,"2026-08-26 13:55:38",Completed,"2026-08-26 13:55:39",Completed,"2026-08-26 13:55:40",Completed,"2026-08-26 13:55:41",Completed,"2026-08-26 13:55:42",Completed,"2026-08-29 02:06:53",Completed,"2026-08-26 18:44:43",Completed,"2026-09-09 14:26:44",Completed,"2026-08-26 18:44:59","Not completed",,"Completed (achieved pass grade)","2026-09-09 14:41:18",Completed,"2026-08-26 18:45:02",Completed,"2026-08-26 18:43:23",Completed,"2026-08-26 13:58:23",Completed,"2026-08-26 18:17:31",Completed,"2026-08-26 18:24:39",Completed,"2026-08-26 18:37:33",Completed,"2026-08-26 18:39:48",Completed,"2026-08-27 12:50:11",Completed,"2026-08-27 14:20:15",Completed,"2026-08-27 14:21:58",Completed,"2026-08-27 14:35:06",Completed,"2026-08-27 14:36:48",Completed,"2026-08-27 14:47:39",Completed,"2026-08-27 16:43:11",Completed,"2026-08-29 16:01:05",Completed,"2026-09-08 14:26:13",Completed,"2026-09-08 15:45:32"
"YAHAYA SULEIMAN",yahayasuleiman6783@gmail.com,Completed,"2026-09-26 18:07:41",Completed,"2026-09-26 18:08:16",Completed,"2026-09-26 18:10:46",Completed,"2026-09-26 18:13:44",Completed,"2026-09-26 18:19:52",Completed,"2026-09-26 18:26:31","Not completed",,"Not completed",,"Not completed",,"Not completed",,"Not completed",,"Not completed",,"Not completed",,"Not completed",,"Not completed",,"Not completed",,"Not completed",,"Not completed",,"Not completed",,"Not completed",,"Not completed",,"Not completed",,"Not completed",,"Not completed",,"Not completed",,"Not completed",,"Not completed",,"Not completed",,"Not completed",,"Not completed",,"Not completed",,"Not completed",,"Not completed",
"MUSA SULEMAN",musaduniya844@gmail.com,Completed,"2026-08-24 03:04:44",Completed,"2026-08-23 01:49:41",Completed,"2026-08-23 01:52:29",Completed,"2026-08-23 01:52:53",Completed,"2026-08-23 01:52:55",Completed,"2026-08-23 01:52:57",Completed,"2026-08-23 01:52:58",Completed,"2026-08-23 01:53:00",Completed,"2026-08-23 01:53:01",Completed,"2026-08-23 01:53:02",Completed,"2026-08-23 11:23:04",Completed,"2026-08-23 13:47:34",Completed,"2026-08-23 18:43:16",Completed,"2026-08-23 18:43:29",Completed,"2026-08-24 02:38:40","Completed (achieved pass grade)","2026-08-24 02:49:53",Completed,"2026-08-24 02:54:16",Completed,"2026-08-23 01:56:47",Completed,"2026-08-23 02:00:16",Completed,"2026-08-23 02:04:46",Completed,"2026-08-23 02:11:11",Completed,"2026-08-23 09:55:16",Completed,"2026-08-24 03:04:21",Completed,"2026-08-23 11:12:55",Completed,"2026-08-23 11:16:50",Completed,"2026-08-23 11:28:09",Completed,"2026-08-23 11:29:47",Completed,"2026-08-23 11:45:44",Completed,"2026-08-23 12:33:38",Completed,"2026-08-23 12:41:56",Completed,"2026-08-23 14:51:19",Completed,"2026-08-23 15:41:05",Completed,"2026-08-23 16:40:04"
"DAVID SUNDAY",sundaydavideyak@gmail.com,Completed,"2026-06-22 14:10:08",Completed,"2026-06-22 14:07:29",Completed,"2026-06-23 07:55:46",Completed,"2026-06-23 10:37:22",Completed,"2026-06-23 10:42:06",Completed,"2026-06-24 07:34:21",Completed,"2026-06-24 07:42:15",Completed,"2026-06-24 07:49:07",Completed,"2026-06-24 07:56:09",Completed,"2026-06-30 12:55:55",Completed,"2026-08-13 23:02:34",Completed,"2026-08-20 10:03:10","Not completed",,"Not completed",,"Not completed",,"Not completed",,Completed,"2026-06-23 08:07:40",Completed,"2026-06-30 13:00:48",Completed,"2026-08-06 13:05:59",Completed,"2026-08-07 12:54:40",Completed,"2026-08-07 20:25:24",Completed,"2026-08-07 21:26:46","Not completed",,Completed,"2026-08-12 08:41:48",Completed,"2026-08-12 10:35:30",Completed,"2026-08-13 09:35:04",Completed,"2026-08-13 10:58:01",Completed,"2026-08-15 13:08:22",Completed,"2026-08-19 00:46:46",Completed,"2026-08-20 10:01:21",Completed,"2026-08-23 17:23:55","Not completed",,"Not completed",
"SAMUEL SUNDAY",blisssam225@gmail.com,"Not completed",,Completed,"2026-07-17 15:48:13",Completed,"2026-07-17 15:52:56",Completed,"2026-07-17 15:54:12",Completed,"2026-07-17 15:54:13",Completed,"2026-07-17 15:54:13",Completed,"2026-07-17 15:54:14",Completed,"2026-07-17 15:54:20",Completed,"2026-07-17 15:54:21",Completed,"2026-07-17 15:54:22","Not completed",,"Not completed",,"Not completed",,"Not completed",,"Not completed",,"Not completed",,"Not completed",,Completed,"2026-07-17 16:00:37",Completed,"2026-07-17 16:05:29",Completed,"2026-07-27 14:42:48",Completed,"2026-07-27 14:48:47",Completed,"2026-07-27 14:52:50",Completed,"2026-07-27 14:54:42",Completed,"2026-07-27 15:01:39","Not completed",,"Not completed",,"Not completed",,"Not completed",,"Not completed",,"Not completed",,"Not completed",,"Not completed",,"Not completed",
"MICHAEL SUNMONI",michaelsunmoni@gmail.com,Completed,"2026-09-19 14:15:44",Completed,"2026-09-19 14:08:11",Completed,"2026-09-19 14:21:48",Completed,"2026-09-23 06:02:05",Completed,"2026-09-23 06:02:57",Completed,"2026-09-23 06:03:18",Completed,"2026-09-23 06:03:39",Completed,"2026-09-23 06:04:00",Completed,"2026-09-23 06:04:21",Completed,"2026-09-23 06:04:42",Completed,"2026-09-23 13:45:53",Completed,"2026-09-20 01:07:27","Not completed",,"Not completed",,"Not completed",,"Not completed",,Completed,"2026-09-19 18:10:11",Completed,"2026-09-19 18:16:25",Completed,"2026-09-19 18:29:39","Not completed","1970-01-01 01:00:00",Completed,"2026-09-19 22:23:37","Not completed","1970-01-01 01:00:00",Completed,"2026-09-19 22:25:48",Completed,"2026-09-23 13:42:10","Not completed","1970-01-01 01:00:00",Completed,"2026-09-23 16:11:49","Not completed","1970-01-01 01:00:00",Completed,"2026-09-20 01:17:09","Not completed","1970-01-01 01:00:00",Completed,"2026-09-20 01:27:55","Not completed","1970-01-01 01:00:00","Not completed","1970-01-01 01:00:00","Not completed",
"HARUNA SUNUSI",abbanhanan2009@gmail.com,Completed,"2026-09-11 09:26:19",Completed,"2026-09-11 17:21:46",Completed,"2026-09-11 09:29:43",Completed,"2026-09-11 09:31:56",Completed,"2026-09-11 09:32:09",Completed,"2026-09-11 09:33:13",Completed,"2026-09-11 09:33:14",Completed,"2026-09-11 09:33:15",Completed,"2026-09-11 09:33:16",Completed,"2026-09-11 09:33:17",Completed,"2026-09-12 13:09:10",Completed,"2026-09-14 13:27:54",Completed,"2026-09-14 11:21:15",Completed,"2026-09-13 13:33:05",Completed,"2026-09-14 22:30:52","Completed (achieved pass grade)","2026-09-14 11:11:36",Completed,"2026-09-13 13:34:02",Completed,"2026-09-11 09:38:32",Completed,"2026-09-12 11:27:07",Completed,"2026-09-12 11:41:55",Completed,"2026-09-12 11:54:12",Completed,"2026-09-12 12:17:41",Completed,"2026-09-14 14:20:24",Completed,"2026-09-12 13:06:39",Completed,"2026-09-12 12:54:45",Completed,"2026-09-12 13:38:03",Completed,"2026-09-12 13:46:57",Completed,"2026-09-14 10:50:05",Completed,"2026-09-14 13:38:18",Completed,"2026-09-14 10:55:32",Completed,"2026-09-14 13:57:57",Completed,"2026-09-14 11:00:21",Completed,"2026-09-14 14:10:01"
"IBRAHIM SUNUSI",ibrahiimkhaleel7@gmail.com,Completed,"2026-08-20 10:46:58",Completed,"2026-08-20 10:47:42",Completed,"2026-08-20 10:51:19",Completed,"2026-08-20 11:02:10",Completed,"2026-08-20 11:03:50",Completed,"2026-08-20 11:05:25",Completed,"2026-08-20 11:07:19",Completed,"2026-08-20 11:09:06",Completed,"2026-08-20 11:09:07",Completed,"2026-08-20 11:09:08",Completed,"2026-08-21 10:43:25",Completed,"2026-08-20 14:35:32",Completed,"2026-08-21 11:18:28",Completed,"2026-08-20 17:32:48",Completed,"2026-08-21 12:43:02","Completed (achieved pass grade)","2026-08-21 14:17:22",Completed,"2026-08-20 10:58:37",Completed,"2026-08-20 17:43:00",Completed,"2026-08-20 17:48:32",Completed,"2026-08-21 11:20:12",Completed,"2026-08-21 10:26:36",Completed,"2026-08-21 11:25:50",Completed,"2026-08-21 12:53:15",Completed,"2026-08-21 10:41:06",Completed,"2026-08-21 11:36:55",Completed,"2026-08-21 10:48:57",Completed,"2026-08-21 11:40:10",Completed,"2026-08-21 10:55:14",Completed,"2026-08-21 11:46:52",Completed,"2026-08-21 11:03:30",Completed,"2026-08-21 11:58:14",Completed,"2026-08-20 17:36:55",Completed,"2026-08-21 12:09:38"
"ZAID TAHIR",zaidahmadtahir18@gmail.com,Completed,"2026-09-10 12:18:13",Completed,"2026-09-10 11:23:27",Completed,"2026-09-10 11:15:36",Completed,"2026-09-10 11:23:37",Completed,"2026-09-10 11:23:39",Completed,"2026-09-10 11:23:41",Completed,"2026-09-10 11:23:43",Completed,"2026-09-10 11:23:46",Completed,"2026-09-10 11:23:48",Completed,"2026-09-10 11:23:50",Completed,"2026-09-11 16:39:54",Completed,"2026-09-10 12:17:44",Completed,"2026-09-21 12:58:32",Completed,"2026-09-10 12:17:59",Completed,"2026-09-21 13:11:23","Not completed","1970-01-01 01:00:00",Completed,"2026-09-10 12:18:05",Completed,"2026-09-10 11:22:24",Completed,"2026-09-10 11:29:43",Completed,"2026-09-10 11:32:08",Completed,"2026-09-10 11:43:20",Completed,"2026-09-10 11:45:26",Completed,"2026-09-21 12:45:28",Completed,"2026-09-10 12:07:53",Completed,"2026-09-10 12:11:14",Completed,"2026-09-11 16:44:04",Completed,"2026-09-14 10:50:02",Completed,"2026-09-11 16:37:16",Completed,"2026-09-14 11:02:59",Completed,"2026-09-14 11:33:56",Completed,"2026-09-14 11:36:26",Completed,"2026-09-14 11:52:11",Completed,"2026-09-14 11:58:54"
"BABATUNDE TAIWO",successbabatunde@gmail.com,Completed,"2026-06-22 08:54:01",Completed,"2026-06-22 08:56:09",Completed,"2026-06-22 08:59:54",Completed,"2026-06-22 09:51:11",Completed,"2026-06-22 09:54:04",Completed,"2026-06-22 10:16:19",Completed,"2026-06-22 11:01:46",Completed,"2026-06-22 11:02:20",Completed,"2026-06-22 11:03:47",Completed,"2026-06-22 11:11:32",Completed,"2026-06-23 16:26:58",Completed,"2026-06-23 16:58:12",Completed,"2026-07-16 23:42:58",Completed,"2026-06-23 18:13:17",Completed,"2026-06-23 18:19:16","Completed (achieved pass grade)","2026-07-05 09:40:28",Completed,"2026-06-23 18:34:37",Completed,"2026-06-22 09:46:09",Completed,"2026-06-22 11:50:32",Completed,"2026-06-22 12:37:18",Completed,"2026-06-22 13:28:55",Completed,"2026-06-22 14:27:05",Completed,"2026-06-23 18:10:47",Completed,"2026-06-23 16:12:01",Completed,"2026-06-23 16:22:54",Completed,"2026-06-23 16:46:16",Completed,"2026-07-15 18:42:55",Completed,"2026-06-23 17:12:57",Completed,"2026-07-15 18:38:51",Completed,"2026-06-23 17:44:30",Completed,"2026-07-15 19:13:56",Completed,"2026-06-23 18:03:56",Completed,"2026-07-16 23:39:02"
"QUAYUM TAIWO",taiwoquayum5@gmail.com,Completed,"2026-08-03 00:44:37",Completed,"2026-08-03 00:47:09",Completed,"2026-08-03 09:58:13",Completed,"2026-08-03 10:04:13",Completed,"2026-08-04 16:44:43",Completed,"2026-08-04 16:51:42",Completed,"2026-08-04 16:58:32",Completed,"2026-08-04 17:04:30",Completed,"2026-08-04 17:12:18",Completed,"2026-08-04 17:13:53",Completed,"2026-08-05 15:56:50",Completed,"2026-08-05 14:36:26",Completed,"2026-08-05 16:19:36",Completed,"2026-08-05 16:20:03",Completed,"2026-08-12 12:46:27","Completed (achieved pass grade)","2026-08-05 16:32:28",Completed,"2026-08-12 11:49:26",Completed,"2026-08-04 17:19:17",Completed,"2026-08-04 17:44:25",Completed,"2026-08-10 16:55:39",Completed,"2026-08-05 11:08:04",Completed,"2026-08-11 08:26:27",Completed,"2026-08-12 11:51:13",Completed,"2026-08-05 11:56:17",Completed,"2026-08-11 08:45:41",Completed,"2026-08-05 14:18:45",Completed,"2026-08-11 09:12:26",Completed,"2026-08-05 15:23:07",Completed,"2026-08-11 10:46:34",Completed,"2026-08-05 15:53:32",Completed,"2026-08-11 11:24:59",Completed,"2026-08-05 16:16:12",Completed,"2026-08-12 11:37:18"
"SHEYE TAIYE",taiyesheye@gmail.com,Completed,"2026-09-22 21:26:04",Completed,"2026-08-07 21:55:32",Completed,"2026-08-07 21:58:43",Completed,"2026-08-07 22:36:34",Completed,"2026-08-13 12:44:21",Completed,"2026-08-16 17:10:33",Completed,"2026-09-22 21:26:28",Completed,"2026-09-22 21:27:19",Completed,"2026-09-22 21:28:09",Completed,"2026-09-22 21:29:06","Not completed",,"Not completed",,"Not completed",,"Not completed",,"Not completed",,"Not completed",,"Not completed",,"Not completed","1970-01-01 01:00:00","Not completed",,"Not completed",,"Not completed",,"Not completed",,"Not completed",,"Not completed",,"Not completed",,"Not completed",,"Not completed",,"Not completed",,"Not completed",,"Not completed",,"Not completed",,"Not completed",,"Not completed",
"ZULYADAINI TANIMU",zulyadainidris1@gmail.com,Completed,"2026-09-09 13:46:00",Completed,"2026-09-09 13:46:01","Not completed",,Completed,"2026-09-09 13:46:42",Completed,"2026-09-09 13:46:52",Completed,"2026-09-09 13:46:54",Completed,"2026-09-09 13:46:55",Completed,"2026-09-09 13:46:56",Completed,"2026-09-09 13:46:58",Completed,"2026-09-09 13:46:59",Completed,"2026-09-09 13:59:17",Completed,"2026-09-09 13:46:23","Not completed",,Completed,"2026-09-09 13:46:29","Not completed",,"Not completed",,Completed,"2026-09-09 13:46:30","Not completed",,"Not completed",,Completed,"2026-09-09 14:31:03","Not completed",,Completed,"2026-09-09 14:41:23",Completed,"2026-09-09 14:01:32","Not completed",,Completed,"2026-09-09 15:10:07","Not completed",,Completed,"2026-09-09 15:19:01","Not completed",,Completed,"2026-09-09 15:27:48","Not completed",,Completed,"2026-09-09 15:39:33","Not completed",,Completed,"2026-09-10 12:00:52"
"MUHAMMAD TANKO",ghoulofdem@gmail.com,Completed,"2026-09-11 23:31:27",Completed,"2026-09-09 03:07:45",Completed,"2026-09-09 14:32:23",Completed,"2026-09-09 14:34:02",Completed,"2026-09-09 14:34:09",Completed,"2026-09-09 14:34:10",Completed,"2026-09-09 14:34:12",Completed,"2026-09-09 14:34:13",Completed,"2026-09-09 14:34:15",Completed,"2026-09-09 14:34:17",Completed,"2026-09-11 23:34:18",Completed,"2026-09-11 22:54:05",Completed,"2026-09-09 14:57:55",Completed,"2026-09-11 22:48:38",Completed,"2026-09-09 14:52:40","Completed (achieved pass grade)","2026-09-11 23:13:33",Completed,"2026-09-09 14:53:56",Completed,"2026-09-09 14:39:33",Completed,"2026-09-09 14:47:30",Completed,"2026-09-09 14:49:52",Completed,"2026-09-09 15:03:41",Completed,"2026-09-11 23:17:17",Completed,"2026-09-11 23:32:35",Completed,"2026-09-11 22:35:26",Completed,"2026-09-11 23:21:29",Completed,"2026-09-11 22:42:33",Completed,"2026-09-11 23:23:40",Completed,"2026-09-11 22:47:58",Completed,"2026-09-11 23:25:36",Completed,"2026-09-11 22:59:42",Completed,"2026-09-11 23:27:30",Completed,"2026-09-11 22:53:12",Completed,"2026-09-11 23:29:23"
"MUNTAKA TIJJANI",Munmur0000@gmail.com,Completed,"2026-09-21 09:41:25",Completed,"2026-09-16 13:21:30",Completed,"2026-09-16 15:19:47",Completed,"2026-09-16 13:21:41",Completed,"2026-09-16 13:21:42",Completed,"2026-09-16 13:21:43",Completed,"2026-09-16 13:21:44",Completed,"2026-09-16 13:21:45",Completed,"2026-09-16 13:21:46",Completed,"2026-09-16 13:21:46",Completed,"2026-09-21 10:27:11",Completed,"2026-09-16 13:22:05",Completed,"2026-09-22 14:17:30",Completed,"2026-09-16 13:22:14",Completed,"2026-09-22 15:30:57","Completed (achieved pass grade)","2026-09-22 15:56:24",Completed,"2026-09-22 15:27:13",Completed,"2026-09-16 13:37:16",Completed,"2026-09-16 14:26:24",Completed,"2026-09-16 15:22:52",Completed,"2026-09-16 16:06:16",Completed,"2026-09-16 16:07:53",Completed,"2026-09-22 15:24:38",Completed,"2026-09-17 13:34:52",Completed,"2026-09-21 10:17:28",Completed,"2026-09-21 10:34:28",Completed,"2026-09-21 11:02:00",Completed,"2026-09-21 11:15:16",Completed,"2026-09-21 11:21:01",Completed,"2026-09-21 11:43:04",Completed,"2026-09-22 13:32:38",Completed,"2026-09-22 13:44:02",Completed,"2026-09-22 13:47:46"
"SALIHU UBA",salihuyahayauba@gmail.com,Completed,"2026-09-21 16:46:53",Completed,"2026-09-13 16:37:56",Completed,"2026-09-13 17:14:18",Completed,"2026-09-16 10:13:07",Completed,"2026-09-16 10:13:08",Completed,"2026-09-16 10:13:09",Completed,"2026-09-16 10:13:11",Completed,"2026-09-16 10:13:12",Completed,"2026-09-16 10:13:12",Completed,"2026-09-16 10:13:16","Not completed",,Completed,"2026-09-23 10:37:02","Not completed",,Completed,"2026-09-23 10:37:53","Not completed",,"Not completed","1970-01-01 01:00:00",Completed,"2026-09-23 10:39:06",Completed,"2026-09-13 17:24:04",Completed,"2026-09-14 12:12:03",Completed,"2026-09-15 15:34:28",Completed,"2026-09-18 10:39:07",Completed,"2026-09-18 10:48:01",Completed,"2026-09-19 10:40:59",Completed,"2026-09-19 10:49:31",Completed,"2026-09-27 16:52:03",Completed,"2026-09-27 17:04:18",Completed,"2026-09-27 17:06:24",Completed,"2026-09-27 17:20:05",Completed,"2026-09-27 16:29:50","Not completed","1970-01-01 01:00:00",Completed,"2026-09-27 16:43:53","Not completed",,"Not completed",
"PRINCE UCHE",pascaluche09@gmail.com,Completed,"2026-08-20 12:04:53",Completed,"2026-08-20 12:05:09",Completed,"2026-08-20 12:06:31",Completed,"2026-08-20 12:07:23",Completed,"2026-08-20 12:07:29",Completed,"2026-08-20 12:09:43",Completed,"2026-08-20 12:10:02",Completed,"2026-08-20 12:10:07",Completed,"2026-08-20 12:10:11",Completed,"2026-08-20 12:10:19",Completed,"2026-08-26 12:27:29",Completed,"2026-08-27 11:45:13",Completed,"2026-08-28 12:15:07",Completed,"2026-08-27 16:27:45",Completed,"2026-08-28 12:38:19","Completed (achieved pass grade)","2026-08-28 12:53:56",Completed,"2026-08-27 16:28:05",Completed,"2026-08-20 12:15:11",Completed,"2026-08-20 12:20:38",Completed,"2026-08-20 12:26:25",Completed,"2026-08-21 10:50:26",Completed,"2026-08-21 11:02:56",Completed,"2026-08-28 12:54:47",Completed,"2026-08-26 11:59:15",Completed,"2026-08-26 12:21:32",Completed,"2026-08-26 12:40:07",Completed,"2026-08-26 12:51:02",Completed,"2026-08-26 13:09:50",Completed,"2026-08-26 13:31:16",Completed,"2026-08-27 11:46:55",Completed,"2026-08-27 12:04:52",Completed,"2026-08-27 13:17:01",Completed,"2026-08-27 13:32:15"
"NWACHUKWU UCHECHUKWU",nwachukwujoseph123@gmail.com,Completed,"2026-09-21 12:05:03",Completed,"2026-09-21 12:11:33",Completed,"2026-09-21 12:38:31","Not completed",,"Not completed",,"Not completed",,"Not completed",,"Not completed",,"Not completed",,"Not completed",,"Not completed",,"Not completed",,"Not completed",,"Not completed",,"Not completed",,"Not completed",,"Not completed",,"Not completed",,"Not completed",,"Not completed",,"Not completed",,"Not completed",,"Not completed",,"Not completed",,"Not completed",,"Not completed",,"Not completed",,"Not completed",,"Not completed",,"Not completed",,"Not completed",,"Not completed",,"Not completed",
"ENO-OBONG UDOMA",udoudomajnr@yahoo.com,Completed,"2026-09-28 12:08:42","Not completed",,"Not completed",,"Not completed",,"Not completed",,"Not completed",,"Not completed",,"Not completed",,"Not completed",,"Not completed",,"Not completed",,"Not completed",,"Not completed",,"Not completed",,"Not completed",,"Not completed",,"Not completed",,"Not completed",,"Not completed",,"Not completed",,"Not completed",,"Not completed",,"Not completed",,"Not completed",,"Not completed",,"Not completed",,"Not completed",,"Not completed",,"Not completed",,"Not completed",,"Not completed",,"Not completed",,"Not completed",
"JOSEPH UDOYO",josephudoyo11@gmail.com,Completed,"2026-06-22 12:53:05",Completed,"2026-06-03 12:30:08",Completed,"2026-06-03 12:32:09",Completed,"2026-06-03 12:37:41",Completed,"2026-06-03 12:43:02",Completed,"2026-06-03 13:00:24",Completed,"2026-06-03 14:16:04",Completed,"2026-06-03 14:20:13",Completed,"2026-06-03 14:30:48",Completed,"2026-06-03 14:40:30",Completed,"2026-06-30 10:35:53",Completed,"2026-06-15 03:01:13",Completed,"2026-06-21 16:23:54",Completed,"2026-06-21 16:28:40",Completed,"2026-06-22 12:32:08","Completed (achieved pass grade)","2026-07-05 09:40:28",Completed,"2026-06-22 12:48:04",Completed,"2026-06-03 14:44:54",Completed,"2026-06-05 09:02:05",Completed,"2026-06-05 10:07:55",Completed,"2026-06-08 01:48:01",Completed,"2026-06-08 02:22:10",Completed,"2026-06-22 12:52:01",Completed,"2026-06-09 08:42:14",Completed,"2026-06-09 11:02:28",Completed,"2026-06-12 13:27:25",Completed,"2026-06-13 05:00:02",Completed,"2026-06-15 03:11:07",Completed,"2026-06-15 03:48:25",Completed,"2026-06-16 00:02:23",Completed,"2026-06-16 09:58:22",Completed,"2026-06-21 15:45:49",Completed,"2026-06-21 16:21:43"
"FAVOUR ULANMO",tolufavour6@gmail.com,Completed,"2026-08-10 05:23:16",Completed,"2026-08-08 23:33:40",Completed,"2026-08-10 05:26:03",Completed,"2026-08-10 22:42:34",Completed,"2026-08-10 22:54:33",Completed,"2026-08-10 23:14:25",Completed,"2026-08-14 13:33:35",Completed,"2026-08-14 13:36:54",Completed,"2026-08-14 13:47:05",Completed,"2026-08-14 13:57:19","Not completed",,"Not completed",,"Not completed",,"Not completed",,"Not completed",,"Not completed",,"Not completed",,Completed,"2026-08-14 14:02:51",Completed,"2026-08-14 14:08:17",Completed,"2026-08-20 21:51:58",Completed,"2026-08-28 06:53:38","Not completed","1970-01-01 01:00:00",Completed,"2026-08-28 07:10:14","Not completed",,"Not completed",,"Not completed",,"Not completed",,"Not completed",,"Not completed",,"Not completed",,"Not completed",,"Not completed",,"Not completed",
"ABDULBASID UMAR",Abdulbasidumar79@gmail.com,Completed,"2026-08-24 13:40:00",Completed,"2026-08-24 14:56:37",Completed,"2026-09-04 14:04:11",Completed,"2026-08-24 14:57:10",Completed,"2026-08-24 14:57:12",Completed,"2026-08-24 14:57:14",Completed,"2026-08-24 14:57:17",Completed,"2026-08-24 14:57:18",Completed,"2026-08-24 14:57:23",Completed,"2026-08-24 14:57:21",Completed,"2026-09-07 09:52:59",Completed,"2026-09-07 10:15:01",Completed,"2026-09-07 11:27:16",Completed,"2026-08-24 14:57:58",Completed,"2026-09-08 09:46:50","Completed (achieved pass grade)","2026-09-08 09:58:30",Completed,"2026-08-24 14:58:03",Completed,"2026-08-24 14:01:01",Completed,"2026-08-24 14:14:51",Completed,"2026-09-04 14:11:27",Completed,"2026-08-24 15:21:23",Completed,"2026-09-04 16:57:53",Completed,"2026-09-08 10:29:57",Completed,"2026-09-04 17:08:52",Completed,"2026-09-07 09:40:15",Completed,"2026-09-07 09:58:50",Completed,"2026-09-07 10:12:27",Completed,"2026-09-07 10:21:50",Completed,"2026-09-07 10:37:24",Completed,"2026-09-07 10:43:50",Completed,"2026-09-07 11:02:32",Completed,"2026-09-07 11:15:58",Completed,"2026-09-07 11:10:21"
"ABDULHAKIM UMAR",abdulhakimumarfaki@gmail.com,Completed,"2026-08-28 19:07:43",Completed,"2026-08-28 19:07:53",Completed,"2026-08-28 19:29:19",Completed,"2026-08-28 19:07:58",Completed,"2026-08-28 19:07:59",Completed,"2026-08-28 19:08:00",Completed,"2026-08-28 19:08:01",Completed,"2026-08-28 19:08:02",Completed,"2026-08-28 19:08:03",Completed,"2026-08-28 19:08:04",Completed,"2026-09-05 01:03:23",Completed,"2026-08-30 00:59:34",Completed,"2026-09-05 12:41:43",Completed,"2026-08-30 09:39:22",Completed,"2026-09-05 01:39:26","Completed (achieved pass grade)","2026-09-05 12:38:19",Completed,"2026-08-30 09:39:26",Completed,"2026-08-28 19:36:05",Completed,"2026-09-04 19:36:49",Completed,"2026-09-04 19:39:03",Completed,"2026-09-05 00:36:19",Completed,"2026-09-04 19:45:54",Completed,"2026-08-30 09:42:05",Completed,"2026-08-30 09:53:21",Completed,"2026-09-05 00:53:20",Completed,"2026-09-05 01:08:24",Completed,"2026-09-05 01:09:55",Completed,"2026-09-05 01:24:51",Completed,"2026-09-05 01:16:45",Completed,"2026-09-05 01:38:11",Completed,"2026-09-05 01:26:09",Completed,"2026-09-05 12:48:22",Completed,"2026-09-05 12:43:39"
"ABDULLAHI UMAR",aumarahmad62@gmail.com,Completed,"2026-08-25 10:06:24",Completed,"2026-08-25 01:41:37",Completed,"2026-08-25 01:43:42",Completed,"2026-08-26 00:33:43",Completed,"2026-08-25 01:41:44",Completed,"2026-08-25 01:41:45",Completed,"2026-08-25 01:41:46",Completed,"2026-08-25 01:41:47",Completed,"2026-08-25 01:41:48",Completed,"2026-08-25 01:41:49",Completed,"2026-08-25 02:28:58",Completed,"2026-08-25 09:32:45",Completed,"2026-08-25 09:50:52",Completed,"2026-08-25 01:42:26",Completed,"2026-08-25 09:53:16","Not completed","1970-01-01 01:00:00",Completed,"2026-08-25 10:07:44",Completed,"2026-08-25 01:46:00",Completed,"2026-08-25 01:47:52",Completed,"2026-08-25 01:49:59",Completed,"2026-08-25 01:59:34",Completed,"2026-08-25 02:01:02",Completed,"2026-08-25 10:12:24",Completed,"2026-08-25 02:15:52",Completed,"2026-08-25 02:17:11",Completed,"2026-08-25 02:30:27",Completed,"2026-08-25 02:48:10",Completed,"2026-08-25 02:32:58",Completed,"2026-08-25 09:34:01",Completed,"2026-08-25 02:34:45",Completed,"2026-08-25 09:43:12",Completed,"2026-08-25 02:36:37",Completed,"2026-08-25 02:38:11"
"ABUBAKAR UMAR",abbakarperlavs@gmail.com,Completed,"2026-07-31 12:01:25",Completed,"2026-07-29 12:19:57",Completed,"2026-07-29 12:40:32",Completed,"2026-07-29 12:41:24",Completed,"2026-07-29 12:41:26",Completed,"2026-07-29 12:41:27",Completed,"2026-07-29 12:41:28",Completed,"2026-07-29 12:41:30",Completed,"2026-07-29 12:41:53",Completed,"2026-07-29 12:41:55",Completed,"2026-08-05 11:42:05","Not completed",,Completed,"2026-08-05 11:59:58",Completed,"2026-08-05 12:00:59",Completed,"2026-08-05 12:04:17","Not completed","1970-01-01 01:00:00",Completed,"2026-08-17 12:17:52",Completed,"2026-07-29 13:04:33",Completed,"2026-07-31 11:32:04",Completed,"2026-07-31 11:50:21",Completed,"2026-07-31 11:36:33",Completed,"2026-07-31 12:04:13",Completed,"2026-07-31 11:45:09",Completed,"2026-07-31 12:18:46",Completed,"2026-07-31 12:28:42",Completed,"2026-07-31 12:38:48","Not completed","1970-01-01 01:00:00",Completed,"2026-07-31 12:49:51","Not completed","1970-01-01 01:00:00","Not completed",,"Not completed",,"Not completed",,"Not completed",
"ADAMU UMAR",Adamumaribrahim60@gmail.com,Completed,"2026-09-12 17:30:41",Completed,"2026-08-27 21:56:44",Completed,"2026-09-21 12:29:10",Completed,"2026-08-27 21:56:53",Completed,"2026-08-27 21:56:55",Completed,"2026-08-27 21:56:56",Completed,"2026-08-27 21:56:57",Completed,"2026-08-27 21:56:59",Completed,"2026-08-27 21:57:00",Completed,"2026-08-27 21:57:02","Not completed",,Completed,"2026-08-27 21:58:25","Not completed","1970-01-01 01:00:00",Completed,"2026-08-27 21:58:48",Completed,"2026-09-12 19:52:44","Completed (achieved pass grade)","2026-09-12 17:50:12",Completed,"2026-09-10 12:15:35",Completed,"2026-09-15 10:10:03",Completed,"2026-09-23 14:11:50",Completed,"2026-09-12 21:24:21","Not completed",,Completed,"2026-09-12 22:48:09",Completed,"2026-09-12 17:36:58","Not completed",,Completed,"2026-09-14 12:56:46","Not completed",,Completed,"2026-09-23 13:18:15","Not completed",,Completed,"2026-09-23 13:39:07","Not completed",,Completed,"2026-09-12 20:53:10","Not completed","1970-01-01 01:00:00",Completed,"2026-09-12 20:04:11"
"AISHA UMAR",aibrahimumar79@gmail.com,Completed,"2026-08-24 14:09:18",Completed,"2026-08-24 14:09:57",Completed,"2026-08-31 10:10:34",Completed,"2026-08-24 14:08:19",Completed,"2026-08-24 14:08:20",Completed,"2026-08-24 14:08:22",Completed,"2026-08-24 14:08:23",Completed,"2026-08-24 14:08:25",Completed,"2026-08-24 14:08:27",Completed,"2026-08-24 14:08:28",Completed,"2026-09-10 14:01:33",Completed,"2026-08-24 14:08:53",Completed,"2026-09-11 15:16:02",Completed,"2026-08-24 14:09:10",Completed,"2026-09-21 21:54:03","Completed (achieved pass grade)","2026-09-11 15:24:30",Completed,"2026-08-24 14:09:14",Completed,"2026-08-31 10:21:25",Completed,"2026-08-31 10:27:06",Completed,"2026-08-31 10:34:30",Completed,"2026-08-31 10:53:03",Completed,"2026-09-20 22:52:59",Completed,"2026-09-10 15:42:39",Completed,"2026-09-10 15:51:26",Completed,"2026-09-21 00:12:01",Completed,"2026-09-10 14:12:29",Completed,"2026-09-21 06:46:01",Completed,"2026-09-10 16:02:10",Completed,"2026-09-21 07:06:41",Completed,"2026-09-11 15:04:24",Completed,"2026-09-21 09:53:28",Completed,"2026-09-11 15:09:53",Completed,"2026-09-21 21:07:18"
"ALMUSTAPHA UMAR",almustaphaumar59@gmail.com,Completed,"2026-08-21 23:29:09",Completed,"2026-08-22 00:05:34",Completed,"2026-08-22 00:10:35",Completed,"2026-08-21 23:31:06",Completed,"2026-08-21 23:31:10",Completed,"2026-08-21 23:31:15",Completed,"2026-08-21 23:31:19",Completed,"2026-08-21 23:31:23",Completed,"2026-08-21 23:31:27",Completed,"2026-08-21 23:31:33",Completed,"2026-08-24 10:42:44",Completed,"2026-08-22 00:02:45",Completed,"2026-08-24 12:39:01",Completed,"2026-08-21 23:34:00",Completed,"2026-08-21 23:44:49","Completed (achieved pass grade)","2026-08-24 12:46:29",Completed,"2026-08-21 23:34:15",Completed,"2026-08-24 10:08:42",Completed,"2026-08-24 09:58:06",Completed,"2026-08-24 09:59:31",Completed,"2026-08-24 10:14:16",Completed,"2026-08-24 10:21:19",Completed,"2026-08-24 12:55:18",Completed,"2026-08-24 10:29:28",Completed,"2026-08-24 10:33:22",Completed,"2026-08-24 10:53:25",Completed,"2026-08-24 11:52:45",Completed,"2026-08-24 11:56:46",Completed,"2026-08-24 12:32:43",Completed,"2026-08-24 12:00:17",Completed,"2026-08-24 13:07:10",Completed,"2026-08-24 12:06:53",Completed,"2026-08-24 13:34:43"
"IBRAHIM UMAR",sandaibrahim525@gmail.com,Completed,"2026-09-10 06:19:50",Completed,"2026-09-10 06:17:58",Completed,"2026-09-13 22:38:02",Completed,"2026-09-10 06:18:18",Completed,"2026-09-10 06:18:22",Completed,"2026-09-10 06:18:23",Completed,"2026-09-10 06:18:25",Completed,"2026-09-10 06:18:26",Completed,"2026-09-10 06:18:28",Completed,"2026-09-10 06:18:28",Completed,"2026-09-17 11:26:27",Completed,"2026-09-17 11:46:51",Completed,"2026-09-17 16:59:28",Completed,"2026-09-10 06:19:42",Completed,"2026-09-17 17:00:14","Completed (achieved pass grade)","2026-09-17 17:13:37",Completed,"2026-09-10 06:19:47",Completed,"2026-09-15 11:14:08",Completed,"2026-09-15 11:35:05",Completed,"2026-09-15 11:42:38",Completed,"2026-09-15 11:49:10",Completed,"2026-09-15 11:55:43",Completed,"2026-09-17 17:31:09",Completed,"2026-09-17 11:18:05",Completed,"2026-09-17 11:32:00",Completed,"2026-09-17 11:40:52",Completed,"2026-09-17 11:44:04",Completed,"2026-09-17 16:44:10",Completed,"2026-09-17 17:18:24",Completed,"2026-09-17 16:48:56",Completed,"2026-09-17 17:16:49",Completed,"2026-09-17 16:54:15",Completed,"2026-09-17 17:14:42"
"IMRANA UMAR",imranumaer@gmail.com,Completed,"2026-08-29 19:43:06",Completed,"2026-08-31 09:57:12",Completed,"2026-09-02 10:09:27",Completed,"2026-08-31 09:59:37",Completed,"2026-08-31 09:59:55",Completed,"2026-08-31 10:00:13",Completed,"2026-08-31 10:00:34",Completed,"2026-08-31 10:00:47",Completed,"2026-08-31 10:01:18",Completed,"2026-08-31 10:01:47",Completed,"2026-09-02 11:38:34",Completed,"2026-09-02 10:42:58",Completed,"2026-09-02 12:00:38",Completed,"2026-09-02 12:01:17",Completed,"2026-09-02 12:03:59","Completed (achieved pass grade)","2026-09-02 12:14:13",Completed,"2026-09-02 12:15:37",Completed,"2026-09-02 10:23:12",Completed,"2026-09-02 10:30:33",Completed,"2026-09-02 10:39:03",Completed,"2026-09-02 10:50:40",Completed,"2026-09-02 11:13:21",Completed,"2026-09-02 12:22:03",Completed,"2026-09-02 11:27:11",Completed,"2026-09-02 11:29:53",Completed,"2026-09-02 11:33:50",Completed,"2026-09-02 11:37:25",Completed,"2026-09-02 11:44:09",Completed,"2026-09-02 11:40:46",Completed,"2026-09-02 11:49:20",Completed,"2026-09-02 11:46:00",Completed,"2026-09-02 11:55:56",Completed,"2026-09-02 11:51:42"
"ISMAIL UMAR",ismailbaffa2@gmail.com,"Not completed",,Completed,"2026-08-15 15:21:03",Completed,"2026-08-15 15:24:00",Completed,"2026-08-15 15:59:40","Not completed",,"Not completed",,"Not completed",,"Not completed",,"Not completed",,"Not completed",,"Not completed",,Completed,"2026-08-15 15:57:27","Not completed",,"Not completed",,"Not completed",,"Not completed",,"Not completed",,"Not completed",,Completed,"2026-08-15 15:47:28",Completed,"2026-08-25 21:50:28",Completed,"2026-08-15 15:53:47",Completed,"2026-08-25 22:15:17","Not completed",,"Not completed",,"Not completed","1970-01-01 01:00:00","Not completed",,Completed,"2026-08-25 23:04:20","Not completed",,"Not completed",,"Not completed",,"Not completed",,"Not completed",,Completed,"2026-08-25 22:40:37"
"JAMILU UMAR",jamiluukry090@gmail.com,Completed,"2026-09-09 09:36:12",Completed,"2026-09-02 09:23:36",Completed,"2026-09-02 09:27:08",Completed,"2026-09-02 09:40:29",Completed,"2026-09-02 09:45:49",Completed,"2026-09-02 09:52:40",Completed,"2026-09-02 09:58:09",Completed,"2026-09-02 09:59:16",Completed,"2026-09-02 09:59:22",Completed,"2026-09-02 09:59:32",Completed,"2026-09-02 12:37:56",Completed,"2026-09-02 10:27:15",Completed,"2026-09-02 13:11:23",Completed,"2026-09-02 13:14:15",Completed,"2026-09-10 11:05:24","Completed (achieved pass grade)","2026-09-10 11:33:34",Completed,"2026-09-02 13:26:40",Completed,"2026-09-02 09:35:01",Completed,"2026-09-02 10:07:43",Completed,"2026-08-29 06:44:08",Completed,"2026-09-02 10:14:44",Completed,"2026-08-29 07:21:27",Completed,"2026-09-02 10:26:41",Completed,"2026-09-02 11:38:42",Completed,"2026-09-02 11:05:39",Completed,"2026-09-02 11:56:39",Completed,"2026-09-09 11:13:40",Completed,"2026-09-02 12:00:02",Completed,"2026-09-09 11:25:09",Completed,"2026-09-02 12:14:21",Completed,"2026-09-09 11:59:41",Completed,"2026-09-09 09:58:48",Completed,"2026-08-30 16:36:29"
"MAHMUD UMAR",mahmudaliyuumar2021@gmail.com,Completed,"2026-08-20 18:09:56",Completed,"2026-08-20 09:39:13",Completed,"2026-08-20 09:45:40",Completed,"2026-08-20 09:39:32",Completed,"2026-08-20 09:39:34",Completed,"2026-08-20 09:39:35",Completed,"2026-08-20 09:39:36",Completed,"2026-08-20 09:39:37",Completed,"2026-08-20 09:39:38",Completed,"2026-08-20 09:39:39",Completed,"2026-08-20 18:07:11",Completed,"2026-08-20 09:40:25",Completed,"2026-08-20 17:49:08",Completed,"2026-08-20 09:40:50",Completed,"2026-08-20 17:52:19","Completed (achieved pass grade)","2026-08-20 18:04:29",Completed,"2026-08-20 09:40:54",Completed,"2026-08-20 09:49:39",Completed,"2026-08-20 09:52:55",Completed,"2026-08-20 16:23:05",Completed,"2026-08-20 10:00:36",Completed,"2026-08-20 16:35:16",Completed,"2026-08-20 10:03:43",Completed,"2026-08-20 10:08:56",Completed,"2026-08-20 16:50:42",Completed,"2026-08-20 16:58:37",Completed,"2026-08-20 17:01:31",Completed,"2026-08-20 17:09:28",Completed,"2026-08-20 17:11:41",Completed,"2026-08-20 17:17:45",Completed,"2026-08-20 17:20:07",Completed,"2026-08-20 17:28:52",Completed,"2026-08-20 17:39:05"
"MUHAMMMAD UMAR",abulwafa632@gmail.com,Completed,"2026-08-28 13:28:01",Completed,"2026-08-28 13:40:37",Completed,"2026-08-28 13:59:26",Completed,"2026-08-28 13:40:48",Completed,"2026-08-28 13:40:49",Completed,"2026-08-28 13:40:50",Completed,"2026-08-28 13:40:51",Completed,"2026-08-28 13:40:52",Completed,"2026-08-28 13:40:53",Completed,"2026-08-28 13:40:55",Completed,"2026-08-28 23:38:31",Completed,"2026-08-28 13:41:12",Completed,"2026-08-29 01:16:21",Completed,"2026-08-28 13:28:09",Completed,"2026-08-29 01:11:24","Completed (achieved pass grade)","2026-08-28 13:55:37",Completed,"2026-08-28 13:41:30",Completed,"2026-08-28 14:04:04",Completed,"2026-08-28 14:44:54",Completed,"2026-08-28 14:06:03",Completed,"2026-08-28 14:50:19",Completed,"2026-08-28 14:16:06",Completed,"2026-08-28 13:47:34",Completed,"2026-08-28 23:24:09",Completed,"2026-08-28 23:53:09",Completed,"2026-08-28 23:33:52",Completed,"2026-08-28 23:45:14",Completed,"2026-08-29 01:26:01",Completed,"2026-08-29 01:28:47",Completed,"2026-08-29 01:20:38",Completed,"2026-08-29 01:40:43",Completed,"2026-08-29 01:38:02",Completed,"2026-08-29 01:41:59"
"MUJAHID UMAR",mujahidtasiuumar13@gmail.com,Completed,"2026-09-17 21:02:31",Completed,"2026-09-17 17:22:01",Completed,"2026-09-17 21:08:57",Completed,"2026-09-17 17:22:08",Completed,"2026-09-17 17:22:09",Completed,"2026-09-17 17:22:10",Completed,"2026-09-17 17:22:11",Completed,"2026-09-17 17:22:12",Completed,"2026-09-17 17:22:14",Completed,"2026-09-17 17:22:15","Not completed",,Completed,"2026-09-17 17:22:59","Not completed",,"Not completed",,"Not completed",,"Not completed",,Completed,"2026-09-17 17:23:09","Not completed",,"Not completed",,"Not completed",,"Not completed",,"Not completed",,"Not completed",,"Not completed",,"Not completed",,"Not completed",,"Not completed",,"Not completed",,"Not completed",,"Not completed",,"Not completed",,"Not completed",,"Not completed",
"UMAR UMAR",farukmuhammad22222@gmail.com,Completed,"2026-09-08 09:15:54",Completed,"2026-09-08 09:14:38",Completed,"2026-09-08 12:04:53",Completed,"2026-09-08 09:14:46",Completed,"2026-09-08 09:14:48",Completed,"2026-09-08 09:14:49",Completed,"2026-09-08 09:14:51",Completed,"2026-09-08 09:14:52",Completed,"2026-09-08 09:14:52",Completed,"2026-09-08 09:14:54",Completed,"2026-09-08 14:36:14",Completed,"2026-09-08 14:47:59",Completed,"2026-09-08 15:01:49",Completed,"2026-09-08 09:15:44",Completed,"2026-09-08 15:09:24","Completed (achieved pass grade)","2026-09-08 15:07:41",Completed,"2026-09-08 09:15:48",Completed,"2026-09-08 12:08:20",Completed,"2026-09-08 12:11:42",Completed,"2026-09-08 12:13:56",Completed,"2026-09-08 12:59:15",Completed,"2026-09-08 13:05:56",Completed,"2026-09-08 15:08:37",Completed,"2026-09-08 14:29:17",Completed,"2026-09-08 14:30:08",Completed,"2026-09-08 14:40:33",Completed,"2026-09-08 14:41:20",Completed,"2026-09-08 14:52:03",Completed,"2026-09-08 14:52:56",Completed,"2026-09-08 15:18:28",Completed,"2026-09-08 15:19:35",Completed,"2026-09-08 15:15:03",Completed,"2026-09-08 15:23:37"
"YUSUF UMAR",qooshyusuf@gmail.com,Completed,"2026-09-04 13:57:21",Completed,"2026-09-04 13:57:32",Completed,"2026-09-08 16:28:02",Completed,"2026-09-09 01:55:39",Completed,"2026-09-04 17:44:34",Completed,"2026-09-04 17:44:36",Completed,"2026-09-09 01:55:51",Completed,"2026-09-04 17:44:40",Completed,"2026-09-04 17:44:44",Completed,"2026-09-04 17:44:47",Completed,"2026-09-09 01:47:27",Completed,"2026-09-04 17:45:37",Completed,"2026-09-09 01:35:55",Completed,"2026-09-04 17:45:26","Not completed",,"Completed (achieved pass grade)","2026-09-09 01:40:29",Completed,"2026-09-04 17:45:19",Completed,"2026-09-08 16:32:30",Completed,"2026-09-09 01:44:29","Not completed","1970-01-01 01:00:00",Completed,"2026-09-08 16:38:59","Not completed","1970-01-01 01:00:00",Completed,"2026-09-09 01:50:26",Completed,"2026-09-08 16:47:13","Not completed","1970-01-01 01:00:00",Completed,"2026-09-09 01:27:04","Not completed","1970-01-01 01:00:00",Completed,"2026-09-09 01:29:20","Not completed","1970-01-01 01:00:00",Completed,"2026-09-09 01:31:42","Not completed","1970-01-01 01:00:00",Completed,"2026-09-09 01:33:47","Not completed","1970-01-01 01:00:00"
"GOODNESS UMEH",goodnesschinonyerem27@gmail.com,Completed,"2026-09-19 14:09:58",Completed,"2026-09-19 14:10:19",Completed,"2026-09-19 14:12:00",Completed,"2026-09-19 14:14:07",Completed,"2026-09-19 14:14:20",Completed,"2026-09-19 14:14:29",Completed,"2026-09-19 14:14:36",Completed,"2026-09-19 14:14:49",Completed,"2026-09-19 14:14:58",Completed,"2026-09-19 14:15:05",Completed,"2026-09-19 16:46:51",Completed,"2026-09-19 16:47:33",Completed,"2026-09-19 17:04:41",Completed,"2026-09-19 17:06:22",Completed,"2026-09-21 16:22:35","Completed (achieved pass grade)","2026-09-22 09:01:40",Completed,"2026-09-19 17:18:23",Completed,"2026-09-19 14:19:08",Completed,"2026-09-19 14:29:28",Completed,"2026-09-19 14:37:22",Completed,"2026-09-19 14:54:30",Completed,"2026-09-19 14:58:16",Completed,"2026-09-19 17:18:53",Completed,"2026-09-19 16:46:11",Completed,"2026-09-21 12:36:56",Completed,"2026-09-19 16:49:52",Completed,"2026-09-21 13:01:31",Completed,"2026-09-19 16:59:08",Completed,"2026-09-21 13:35:43",Completed,"2026-09-19 17:02:07",Completed,"2026-09-21 14:33:18",Completed,"2026-09-19 16:54:59",Completed,"2026-09-21 16:00:37"
"CHIDERA UMENNADI",chideraumennadi@gmail.com,Completed,"2026-09-14 10:29:33",Completed,"2026-09-09 08:41:36",Completed,"2026-09-09 08:46:44",Completed,"2026-09-09 08:47:44",Completed,"2026-09-09 08:47:55",Completed,"2026-09-09 08:48:08",Completed,"2026-09-09 08:48:17",Completed,"2026-09-09 08:48:28",Completed,"2026-09-09 08:48:38",Completed,"2026-09-09 08:48:47",Completed,"2026-09-14 10:15:10",Completed,"2026-09-09 09:44:34",Completed,"2026-09-14 10:19:19",Completed,"2026-09-14 10:20:35",Completed,"2026-09-15 11:25:53","Completed (achieved pass grade)","2026-09-14 10:28:01",Completed,"2026-09-14 10:28:51",Completed,"2026-09-09 09:02:33",Completed,"2026-09-09 08:53:08",Completed,"2026-09-09 09:11:58",Completed,"2026-09-09 09:25:37",Completed,"2026-09-09 11:20:24",Completed,"2026-09-09 09:29:27",Completed,"2026-09-09 09:39:28",Completed,"2026-09-15 11:12:52",Completed,"2026-09-09 09:43:21",Completed,"2026-09-09 11:48:52",Completed,"2026-09-09 10:26:23",Completed,"2026-09-10 11:41:04",Completed,"2026-09-09 10:30:47",Completed,"2026-09-14 10:03:56",Completed,"2026-09-09 10:41:53",Completed,"2026-09-10 11:47:36"
"JOHN UMOH",Kingjohnumoh@gmail.com,Completed,"2026-06-06 10:09:20",Completed,"2026-06-06 10:08:19",Completed,"2026-06-14 14:23:19",Completed,"2026-06-06 10:08:33",Completed,"2026-06-06 10:08:34",Completed,"2026-06-06 10:08:35",Completed,"2026-06-06 10:08:36",Completed,"2026-06-06 10:08:37",Completed,"2026-06-06 10:08:38",Completed,"2026-06-06 10:08:40",Completed,"2026-07-23 05:02:41",Completed,"2026-06-06 10:09:04",Completed,"2026-08-04 13:01:04",Completed,"2026-08-04 13:01:30",Completed,"2026-08-04 13:02:34","Completed (achieved pass grade)","2026-08-04 14:56:11",Completed,"2026-08-04 13:48:14",Completed,"2026-06-14 14:29:27",Completed,"2026-06-14 14:35:52",Completed,"2026-08-04 02:01:40",Completed,"2026-06-14 14:44:06",Completed,"2026-08-04 02:16:06",Completed,"2026-07-08 10:16:28",Completed,"2026-08-04 02:27:24",Completed,"2026-08-04 02:38:45",Completed,"2026-08-04 11:52:44",Completed,"2026-08-04 11:57:16",Completed,"2026-08-04 12:06:04",Completed,"2026-08-04 12:12:46",Completed,"2026-08-04 12:27:17",Completed,"2026-08-04 12:28:52",Completed,"2026-08-04 12:39:12",Completed,"2026-08-04 12:40:40"
"ABDULLAHI USMAN",azuusalaam@gmail.com,Completed,"2026-09-28 07:31:52",Completed,"2026-09-28 07:35:35",Completed,"2026-09-28 07:41:50",Completed,"2026-09-28 07:46:23",Completed,"2026-09-28 07:48:34",Completed,"2026-09-28 07:55:38",Completed,"2026-09-28 10:15:42",Completed,"2026-09-28 10:36:14",Completed,"2026-09-28 11:15:38",Completed,"2026-09-28 11:24:09","Not completed",,"Not completed",,"Not completed",,"Not completed",,"Not completed",,"Not completed",,"Not completed",,Completed,"2026-09-28 11:35:29",Completed,"2026-09-28 12:05:19","Not completed","1970-01-01 01:00:00","Not completed",,"Not completed",,"Not completed",,"Not completed",,"Not completed",,"Not completed",,"Not completed",,"Not completed",,"Not completed",,"Not completed",,"Not completed",,"Not completed",,"Not completed",
"AHMAD USMAN",ahmadidreesusman64@gmail.com,Completed,"2026-07-29 11:07:39",Completed,"2026-07-29 11:51:50",Completed,"2026-07-29 11:51:03",Completed,"2026-07-29 11:16:41",Completed,"2026-07-29 11:40:05",Completed,"2026-07-29 11:45:42",Completed,"2026-07-30 11:33:54",Completed,"2026-07-30 11:34:24",Completed,"2026-07-30 11:56:48",Completed,"2026-07-30 12:13:42",Completed,"2026-08-15 11:31:37",Completed,"2026-08-13 11:09:30",Completed,"2026-08-13 11:15:38",Completed,"2026-08-13 11:13:02","Not completed",,"Not completed",,"Not completed",,Completed,"2026-07-29 11:56:39",Completed,"2026-07-29 12:01:45",Completed,"2026-08-21 12:28:36",Completed,"2026-08-13 11:41:37","Not completed","1970-01-01 01:00:00","Not completed",,Completed,"2026-08-13 11:30:12","Not completed",,Completed,"2026-08-15 11:40:47","Not completed",,Completed,"2026-08-15 11:47:08","Not completed",,"Not completed",,"Not completed",,Completed,"2026-08-15 11:52:28","Not completed",
"ALHAJI USMAN",alhajisalehusman4@gmail.com,Completed,"2026-06-06 19:53:29",Completed,"2026-06-06 19:20:49",Completed,"2026-06-07 11:35:13",Completed,"2026-06-06 19:51:28",Completed,"2026-06-06 19:51:27",Completed,"2026-06-06 19:51:26",Completed,"2026-06-06 19:51:25",Completed,"2026-06-06 19:51:25",Completed,"2026-06-06 19:51:24",Completed,"2026-06-06 19:51:24",Completed,"2026-06-08 15:26:20",Completed,"2026-06-06 19:51:41",Completed,"2026-06-08 16:31:56",Completed,"2026-06-06 19:51:49",Completed,"2026-06-08 15:30:38","Completed (achieved pass grade)","2026-07-05 09:40:28",Completed,"2026-06-06 19:53:27",Completed,"2026-06-08 15:24:20",Completed,"2026-06-07 11:38:26",Completed,"2026-06-07 11:39:15",Completed,"2026-06-07 11:43:06",Completed,"2026-06-07 11:44:06",Completed,"2026-06-07 11:47:40",Completed,"2026-06-08 16:21:27",Completed,"2026-06-08 15:25:35",Completed,"2026-06-08 15:40:58",Completed,"2026-06-08 15:27:14",Completed,"2026-06-08 16:14:41",Completed,"2026-06-08 15:28:10",Completed,"2026-06-08 16:35:41",Completed,"2026-06-08 15:29:14",Completed,"2026-06-08 15:36:14",Completed,"2026-06-08 15:31:44"
"IBRAHIM USMAN",mycononthebeat@gmail.com,Completed,"2026-07-23 12:29:18",Completed,"2026-07-23 12:10:01",Completed,"2026-07-23 12:36:13",Completed,"2026-07-23 12:49:30",Completed,"2026-07-23 12:55:07",Completed,"2026-07-23 13:03:08",Completed,"2026-07-23 13:14:49",Completed,"2026-07-23 13:25:46",Completed,"2026-07-23 13:29:43",Completed,"2026-07-23 13:51:00",Completed,"2026-07-27 11:42:28",Completed,"2026-07-27 11:56:01",Completed,"2026-07-30 15:17:12",Completed,"2026-07-30 15:18:59",Completed,"2026-07-30 15:23:14","Completed (achieved pass grade)","2026-08-29 15:12:02",Completed,"2026-07-30 16:07:26",Completed,"2026-07-23 13:58:48",Completed,"2026-07-23 14:37:32",Completed,"2026-07-27 11:17:40",Completed,"2026-07-23 14:52:38",Completed,"2026-07-23 14:57:04",Completed,"2026-07-30 16:11:11",Completed,"2026-07-27 11:33:42",Completed,"2026-07-27 11:39:01",Completed,"2026-07-27 11:50:29",Completed,"2026-07-27 11:54:41",Completed,"2026-07-27 12:05:05",Completed,"2026-07-27 12:08:29",Completed,"2026-07-27 12:29:30",Completed,"2026-07-27 12:36:51",Completed,"2026-07-27 12:42:20",Completed,"2026-07-27 12:44:33"
"IBRAHIM USMAN",0077khalil@gmail.com,Completed,"2026-08-15 11:54:27",Completed,"2026-07-31 12:26:17",Completed,"2026-08-08 12:39:35",Completed,"2026-07-31 12:29:43",Completed,"2026-07-31 12:29:44",Completed,"2026-07-31 12:29:46",Completed,"2026-07-31 12:29:52",Completed,"2026-07-31 12:29:50",Completed,"2026-07-31 12:29:49",Completed,"2026-07-31 12:29:54",Completed,"2026-08-15 12:16:40",Completed,"2026-07-31 12:31:15",Completed,"2026-08-15 11:34:39",Completed,"2026-07-31 12:31:38",Completed,"2026-08-03 12:30:48","Completed (achieved pass grade)","2026-08-15 11:48:18",Completed,"2026-07-31 12:32:07",Completed,"2026-08-08 12:45:29",Completed,"2026-08-08 12:50:55","Not completed","1970-01-01 01:00:00",Completed,"2026-08-08 13:01:08",Completed,"2026-08-08 13:15:33",Completed,"2026-08-15 11:54:08",Completed,"2026-08-15 12:09:52","Not completed","1970-01-01 01:00:00","Not completed","1970-01-01 01:00:00","Not completed","1970-01-01 01:00:00",Completed,"2026-08-15 12:27:03",Completed,"2026-08-03 12:18:08","Not completed","1970-01-01 01:00:00","Not completed","1970-01-01 01:00:00",Completed,"2026-08-15 11:59:47","Not completed","1970-01-01 01:00:00"
"MUSTAPHA USMAN",mosteruthman@gmail.com,Completed,"2026-08-27 17:41:33",Completed,"2026-08-27 17:10:35",Completed,"2026-08-27 17:12:48",Completed,"2026-08-27 17:13:18",Completed,"2026-08-27 17:13:19",Completed,"2026-08-27 17:13:20",Completed,"2026-08-27 17:13:22",Completed,"2026-08-27 17:13:23",Completed,"2026-08-27 17:13:24",Completed,"2026-08-27 17:13:25",Completed,"2026-08-27 19:36:18",Completed,"2026-08-27 17:41:02",Completed,"2026-08-28 17:05:56",Completed,"2026-08-27 17:41:24",Completed,"2026-08-27 22:05:47","Completed (achieved pass grade)","2026-08-28 17:16:23",Completed,"2026-08-27 17:41:28",Completed,"2026-08-27 17:16:43",Completed,"2026-08-27 17:19:07",Completed,"2026-08-27 17:52:49",Completed,"2026-08-27 17:23:30",Completed,"2026-08-27 18:02:27",Completed,"2026-08-27 17:24:29",Completed,"2026-08-27 17:28:50",Completed,"2026-08-27 18:22:28",Completed,"2026-08-27 17:31:58",Completed,"2026-08-27 19:37:36",Completed,"2026-08-27 17:36:07",Completed,"2026-08-27 21:28:56",Completed,"2026-08-27 17:39:07",Completed,"2026-08-27 21:36:24",Completed,"2026-08-28 16:59:58",Completed,"2026-08-27 21:46:26"
"NAZIFI USMAN",nazifiabdullahiusman1468@gmail.com,Completed,"2026-08-28 11:12:12",Completed,"2026-08-28 00:12:32",Completed,"2026-08-28 00:15:53",Completed,"2026-08-28 00:16:32",Completed,"2026-08-28 00:16:34",Completed,"2026-08-28 00:16:43",Completed,"2026-08-28 00:16:47",Completed,"2026-08-28 00:16:49",Completed,"2026-08-28 00:16:50",Completed,"2026-08-28 00:16:51",Completed,"2026-08-28 10:23:09","Not completed",,Completed,"2026-08-28 10:36:51",Completed,"2026-08-28 10:59:36","Not completed",,"Completed (achieved pass grade)","2026-08-28 11:07:13",Completed,"2026-08-28 11:08:37",Completed,"2026-08-28 00:21:21",Completed,"2026-08-28 00:25:12","Not completed","1970-01-01 01:00:00",Completed,"2026-08-28 00:32:31","Not completed","1970-01-01 01:00:00",Completed,"2026-08-28 11:11:59",Completed,"2026-08-28 10:17:06","Not completed","1970-01-01 01:00:00",Completed,"2026-08-28 10:27:06","Not completed",,Completed,"2026-08-28 10:33:27","Not completed",,Completed,"2026-08-28 10:43:05","Not completed",,Completed,"2026-08-28 10:54:48","Not completed",
"RASHEEDAT USMAN",rasheedatusman3@gmail.com,Completed,"2026-08-13 15:01:03",Completed,"2026-08-13 15:09:37",Completed,"2026-08-13 15:16:03",Completed,"2026-08-13 15:43:57",Completed,"2026-08-13 15:49:40",Completed,"2026-08-13 15:54:11",Completed,"2026-08-13 16:00:25",Completed,"2026-08-13 16:03:09",Completed,"2026-08-13 16:10:12",Completed,"2026-08-13 16:14:22",Completed,"2026-08-20 15:20:22",Completed,"2026-08-17 10:01:14",Completed,"2026-08-17 11:59:10",Completed,"2026-08-17 11:59:53",Completed,"2026-08-20 14:23:47","Completed (achieved pass grade)","2026-08-20 14:38:17",Completed,"2026-08-20 14:39:09",Completed,"2026-08-17 12:24:30",Completed,"2026-08-13 16:40:31",Completed,"2026-08-17 14:23:55",Completed,"2026-08-13 17:16:29",Completed,"2026-08-18 11:01:52",Completed,"2026-08-20 14:43:22",Completed,"2026-08-17 09:12:04",Completed,"2026-08-20 15:11:16",Completed,"2026-08-17 09:41:24",Completed,"2026-08-20 10:56:40",Completed,"2026-08-17 10:13:25",Completed,"2026-08-20 11:31:45",Completed,"2026-08-17 11:17:22",Completed,"2026-08-20 13:06:23",Completed,"2026-08-17 11:39:39",Completed,"2026-08-20 13:29:25"
"MUHAMMAD UTHMAN",muhdbolaawwal@gmail.com,Completed,"2026-09-10 09:31:40",Completed,"2026-09-14 12:37:26",Completed,"2026-08-27 12:34:06",Completed,"2026-08-27 12:36:19",Completed,"2026-08-27 12:40:12",Completed,"2026-08-27 12:44:33",Completed,"2026-08-27 12:48:25",Completed,"2026-08-27 12:54:36",Completed,"2026-08-27 12:59:19",Completed,"2026-08-27 13:03:50",Completed,"2026-08-29 17:01:23",Completed,"2026-08-29 16:47:52",Completed,"2026-08-29 17:00:40",Completed,"2026-08-29 17:29:11",Completed,"2026-08-29 17:31:44","Not completed","1970-01-01 01:00:00",Completed,"2026-08-29 17:44:43",Completed,"2026-08-27 13:09:33",Completed,"2026-08-27 13:15:04",Completed,"2026-08-27 13:46:51",Completed,"2026-08-27 14:03:57",Completed,"2026-08-27 16:46:31",Completed,"2026-08-29 17:47:11",Completed,"2026-08-27 17:09:54",Completed,"2026-08-29 14:57:53",Completed,"2026-08-27 17:14:50",Completed,"2026-08-29 16:37:24",Completed,"2026-08-29 16:50:32",Completed,"2026-08-29 17:03:39",Completed,"2026-08-29 16:54:18",Completed,"2026-08-29 17:12:11",Completed,"2026-08-29 16:58:39",Completed,"2026-08-29 17:21:05"
"CHUKWUNONSO UZOECHI",chnsfrnkln@gmail.com,Completed,"2026-09-08 18:13:26",Completed,"2026-09-08 18:14:32",Completed,"2026-09-08 18:17:03",Completed,"2026-09-08 18:17:59",Completed,"2026-09-08 18:19:55",Completed,"2026-09-08 18:29:55",Completed,"2026-09-08 18:33:07",Completed,"2026-09-08 18:33:22",Completed,"2026-09-08 18:40:27",Completed,"2026-09-08 18:44:47",Completed,"2026-09-14 12:12:33",Completed,"2026-09-17 17:28:07",Completed,"2026-09-14 12:19:10",Completed,"2026-09-17 17:28:20",Completed,"2026-09-21 11:09:45","Completed (achieved pass grade)","2026-09-14 12:29:37",Completed,"2026-09-17 17:28:18",Completed,"2026-09-17 17:33:01",Completed,"2026-09-13 15:04:51",Completed,"2026-09-21 09:09:37",Completed,"2026-09-13 15:36:30",Completed,"2026-09-21 09:40:01",Completed,"2026-09-14 12:14:34",Completed,"2026-09-14 11:46:12",Completed,"2026-09-21 11:13:20",Completed,"2026-09-14 11:56:12",Completed,"2026-09-21 10:11:36",Completed,"2026-09-14 12:00:07",Completed,"2026-09-21 10:26:34",Completed,"2026-09-14 12:03:54",Completed,"2026-09-21 10:44:15",Completed,"2026-09-14 12:09:13",Completed,"2026-09-21 11:04:16"
"CHRISTIAN UZOWULU",christian.shedrack01@gmail.com,Completed,"2026-09-16 13:29:03",Completed,"2026-09-14 17:12:30",Completed,"2026-09-14 17:15:43",Completed,"2026-09-14 18:26:48",Completed,"2026-09-14 18:26:50",Completed,"2026-09-14 18:26:51",Completed,"2026-09-14 18:26:52",Completed,"2026-09-14 18:26:53",Completed,"2026-09-14 18:26:54",Completed,"2026-09-14 18:26:54",Completed,"2026-09-14 19:52:39",Completed,"2026-09-14 20:29:13",Completed,"2026-09-14 23:03:26",Completed,"2026-09-14 23:05:45",Completed,"2026-09-16 12:39:36","Completed (achieved pass grade)","2026-09-16 12:51:20",Completed,"2026-09-16 12:52:24",Completed,"2026-09-14 17:21:20",Completed,"2026-09-14 17:28:56",Completed,"2026-09-14 18:24:46",Completed,"2026-09-14 19:21:49",Completed,"2026-09-14 19:23:11",Completed,"2026-09-16 12:55:18",Completed,"2026-09-14 19:49:50",Completed,"2026-09-14 19:50:48",Completed,"2026-09-14 20:26:25",Completed,"2026-09-14 20:27:23",Completed,"2026-09-14 21:51:29",Completed,"2026-09-14 20:52:47",Completed,"2026-09-14 21:54:45",Completed,"2026-09-14 22:40:08",Completed,"2026-09-14 22:47:33",Completed,"2026-09-14 23:00:01"
"ABDULRASHEED WADATA",dr.abdul.wadata@gmail.com,Completed,"2026-09-01 23:19:35",Completed,"2026-09-01 18:39:24",Completed,"2026-09-01 18:41:08",Completed,"2026-09-01 23:35:40",Completed,"2026-09-01 23:17:21",Completed,"2026-09-01 23:17:22",Completed,"2026-09-01 23:17:23",Completed,"2026-09-01 23:17:24",Completed,"2026-09-01 23:17:25",Completed,"2026-09-01 23:17:26",Completed,"2026-09-01 18:50:29",Completed,"2026-09-01 18:50:39",Completed,"2026-09-01 23:05:17",Completed,"2026-09-01 19:14:46",Completed,"2026-09-01 22:00:48","Completed (achieved pass grade)","2026-09-01 23:09:33",Completed,"2026-09-01 19:14:43",Completed,"2026-09-01 23:40:48",Completed,"2026-09-01 18:44:57",Completed,"2026-09-01 18:47:19",Completed,"2026-09-01 19:20:34",Completed,"2026-09-01 19:22:00",Completed,"2026-09-01 21:58:45",Completed,"2026-09-01 22:48:45",Completed,"2026-09-01 21:52:17",Completed,"2026-09-01 22:51:25",Completed,"2026-09-01 22:10:00",Completed,"2026-09-01 22:55:01",Completed,"2026-09-01 22:16:20",Completed,"2026-09-01 22:58:13",Completed,"2026-09-01 22:23:04",Completed,"2026-09-01 23:01:18",Completed,"2026-09-01 22:29:29"
"AONDOSOO WILFRED",aferaondsoo@gmail.com,Completed,"2026-09-09 09:30:35",Completed,"2026-09-09 09:32:00",Completed,"2026-09-09 09:35:12",Completed,"2026-09-09 09:41:12",Completed,"2026-09-09 09:41:51",Completed,"2026-09-09 09:48:28",Completed,"2026-09-09 09:52:21",Completed,"2026-09-09 09:54:07",Completed,"2026-09-09 10:34:11",Completed,"2026-09-09 10:37:58","Not completed",,Completed,"2026-09-09 10:52:27","Not completed","1970-01-01 01:00:00",Completed,"2026-09-09 10:54:33","Not completed",,"Not completed",,"Not completed",,"Not completed","1970-01-01 01:00:00","Not completed",,"Not completed",,"Not completed",,"Not completed",,"Not completed",,"Not completed",,"Not completed",,"Not completed",,"Not completed",,"Not completed",,"Not completed",,"Not completed",,"Not completed",,"Not completed",,"Not completed",
"WESLEY WILLIAM-WEST",wesleywizzlewest@gmail.com,Completed,"2026-08-20 14:40:04",Completed,"2026-08-20 14:37:54",Completed,"2026-08-20 14:37:07",Completed,"2026-08-14 12:01:47",Completed,"2026-08-14 12:08:47",Completed,"2026-08-14 13:34:35",Completed,"2026-08-14 13:40:53",Completed,"2026-08-14 13:49:20",Completed,"2026-08-14 13:50:18",Completed,"2026-08-14 16:06:36",Completed,"2026-08-16 07:10:17",Completed,"2026-08-20 14:45:10",Completed,"2026-08-20 13:27:43",Completed,"2026-08-20 13:29:35",Completed,"2026-08-21 11:56:55","Completed (achieved pass grade)","2026-08-20 13:53:03",Completed,"2026-08-20 13:53:51",Completed,"2026-08-20 13:59:21",Completed,"2026-08-20 14:05:21",Completed,"2026-08-15 13:26:04",Completed,"2026-08-14 13:22:53",Completed,"2026-08-15 14:57:09",Completed,"2026-08-20 14:30:42",Completed,"2026-08-15 16:39:30",Completed,"2026-08-15 16:44:01",Completed,"2026-08-16 07:14:34",Completed,"2026-08-15 17:32:01",Completed,"2026-08-16 07:21:12",Completed,"2026-08-15 18:28:29",Completed,"2026-08-16 07:38:16",Completed,"2026-08-17 09:24:05",Completed,"2026-08-20 13:07:11",Completed,"2026-08-20 13:12:28"
"EMMANUEL WOBO",emmanuelwobo1@gmail.com,Completed,"2026-09-03 03:29:24",Completed,"2026-09-03 03:22:59",Completed,"2026-09-03 03:28:04",Completed,"2026-09-03 03:30:03",Completed,"2026-09-03 03:30:18",Completed,"2026-09-03 03:30:33",Completed,"2026-09-03 03:30:48",Completed,"2026-09-03 03:31:00",Completed,"2026-09-03 03:31:14",Completed,"2026-09-03 03:31:46",Completed,"2026-09-14 16:44:48","Not completed",,"Not completed",,"Not completed",,"Not completed",,"Not completed",,"Not completed",,Completed,"2026-09-03 03:42:52",Completed,"2026-09-03 03:50:09",Completed,"2026-09-03 11:00:17",Completed,"2026-09-03 11:13:16",Completed,"2026-09-09 19:41:05","Not completed",,Completed,"2026-09-10 01:03:01",Completed,"2026-09-10 12:14:24",Completed,"2026-09-14 16:49:40","Not completed","1970-01-01 01:00:00","Not completed",,"Not completed",,"Not completed",,"Not completed",,"Not completed",,"Not completed",
"IBRAHIM YAHAYA",princekalil6469@gmail.com,Completed,"2026-08-29 02:58:07",Completed,"2026-08-29 02:58:15",Completed,"2026-08-29 03:01:25",Completed,"2026-08-29 03:01:51",Completed,"2026-08-29 03:01:52",Completed,"2026-08-29 04:16:21",Completed,"2026-08-29 03:01:52",Completed,"2026-08-29 03:01:57",Completed,"2026-08-29 03:01:56",Completed,"2026-08-29 03:01:55",Completed,"2026-08-29 04:17:03",Completed,"2026-08-29 04:05:37",Completed,"2026-08-29 04:20:23",Completed,"2026-08-29 04:05:51",Completed,"2026-08-29 04:21:33","Completed (achieved pass grade)","2026-08-29 04:31:38",Completed,"2026-08-29 04:05:57",Completed,"2026-08-29 04:14:34",Completed,"2026-08-29 03:07:20",Completed,"2026-08-29 03:08:25",Completed,"2026-08-29 03:16:37",Completed,"2026-08-29 03:22:35",Completed,"2026-08-29 04:06:53",Completed,"2026-08-29 03:33:19",Completed,"2026-08-29 04:07:19",Completed,"2026-08-29 03:40:12",Completed,"2026-08-29 03:41:27",Completed,"2026-08-29 03:46:38",Completed,"2026-08-29 03:47:38",Completed,"2026-08-29 03:51:57",Completed,"2026-08-29 03:53:57",Completed,"2026-08-29 03:58:59",Completed,"2026-08-29 04:00:22"
"MANNIR YAHAYA",yahayamannir400@gmail.com,Completed,"2026-08-27 09:57:01",Completed,"2026-08-27 09:55:53",Completed,"2026-08-27 10:03:54",Completed,"2026-08-27 09:55:57",Completed,"2026-08-27 09:55:58",Completed,"2026-08-27 09:55:58",Completed,"2026-08-27 09:55:59",Completed,"2026-08-27 09:56:00",Completed,"2026-08-27 09:56:04",Completed,"2026-08-27 09:56:02",Completed,"2026-09-03 13:27:40",Completed,"2026-08-27 09:56:24",Completed,"2026-09-08 17:18:15",Completed,"2026-08-27 09:56:56",Completed,"2026-09-08 15:45:02","Completed (achieved pass grade)","2026-09-08 17:25:32",Completed,"2026-08-27 09:56:57",Completed,"2026-08-27 10:10:06",Completed,"2026-09-02 09:20:20",Completed,"2026-08-27 10:44:38",Completed,"2026-09-02 09:26:31",Completed,"2026-08-27 11:01:42",Completed,"2026-09-02 09:29:05",Completed,"2026-09-02 09:35:34",Completed,"2026-09-07 12:35:14",Completed,"2026-09-02 09:39:27",Completed,"2026-08-27 11:35:43",Completed,"2026-09-08 17:10:14",Completed,"2026-08-27 11:45:34",Completed,"2026-09-08 15:55:57",Completed,"2026-08-27 11:55:18",Completed,"2026-09-08 17:14:31",Completed,"2026-08-27 12:06:13"
"SADIK YAHAYA",sadeeqabubakar3566@gmail.com,Completed,"2026-07-22 08:16:41",Completed,"2026-07-22 08:15:10",Completed,"2026-07-23 21:04:22",Completed,"2026-07-22 08:15:14",Completed,"2026-07-22 08:15:38",Completed,"2026-07-22 08:16:02",Completed,"2026-07-22 08:16:03",Completed,"2026-07-22 08:16:03",Completed,"2026-07-22 08:16:03",Completed,"2026-07-22 08:16:05",Completed,"2026-07-23 22:46:17",Completed,"2026-07-22 08:16:24",Completed,"2026-07-23 22:46:54",Completed,"2026-07-22 08:16:36",Completed,"2026-07-23 23:00:00","Completed (achieved pass grade)","2026-07-23 22:58:14",Completed,"2026-07-22 08:16:38",Completed,"2026-07-23 22:12:39",Completed,"2026-07-23 22:41:18",Completed,"2026-07-22 08:22:51",Completed,"2026-07-23 21:24:52",Completed,"2026-07-23 21:51:44",Completed,"2026-07-23 23:46:19",Completed,"2026-07-23 22:22:39",Completed,"2026-07-23 22:06:30",Completed,"2026-07-23 21:05:23",Completed,"2026-07-23 21:53:28",Completed,"2026-07-23 21:09:12",Completed,"2026-07-23 21:13:09",Completed,"2026-07-23 21:31:36",Completed,"2026-07-23 21:54:46",Completed,"2026-07-23 21:16:46",Completed,"2026-07-23 21:18:19"
"UMAR YAHAYA",umaryahaya5057@gmail.com,Completed,"2026-09-04 12:46:12",Completed,"2026-09-04 11:37:03",Completed,"2026-09-04 11:40:00",Completed,"2026-09-04 12:45:30",Completed,"2026-09-04 12:45:36",Completed,"2026-09-04 12:46:11",Completed,"2026-09-04 12:45:23",Completed,"2026-09-04 12:46:05",Completed,"2026-09-04 12:46:10",Completed,"2026-09-04 12:45:16",Completed,"2026-09-04 13:26:05",Completed,"2026-09-04 12:45:44",Completed,"2026-09-11 10:44:07",Completed,"2026-09-11 10:56:08",Completed,"2026-09-11 11:01:02","Completed (achieved pass grade)","2026-09-11 11:12:50",Completed,"2026-09-11 11:13:52",Completed,"2026-09-04 11:45:25",Completed,"2026-09-04 11:50:19",Completed,"2026-09-04 12:10:34",Completed,"2026-09-04 12:25:14",Completed,"2026-09-04 12:37:14",Completed,"2026-09-04 12:43:23",Completed,"2026-09-04 13:03:18",Completed,"2026-09-04 13:08:20",Completed,"2026-09-04 13:16:55",Completed,"2026-09-04 13:27:14",Completed,"2026-09-07 11:07:08",Completed,"2026-09-07 11:34:58",Completed,"2026-09-07 11:44:38",Completed,"2026-09-07 11:49:53",Completed,"2026-09-11 10:01:46",Completed,"2026-09-11 10:26:20"
"AHMAD YAHYA",ahmadsyhassan@gmail.com,Completed,"2026-08-30 18:19:08",Completed,"2026-08-30 12:50:21",Completed,"2026-08-30 12:53:43",Completed,"2026-08-30 12:54:23",Completed,"2026-08-30 12:54:24",Completed,"2026-08-30 12:54:25",Completed,"2026-08-30 12:54:27",Completed,"2026-08-30 12:54:28",Completed,"2026-08-30 12:54:29",Completed,"2026-08-30 12:54:30",Completed,"2026-08-30 17:53:30",Completed,"2026-08-30 17:37:40",Completed,"2026-08-30 17:56:33",Completed,"2026-08-30 17:37:53",Completed,"2026-08-30 18:01:27","Completed (achieved pass grade)","2026-08-30 18:17:30",Completed,"2026-08-30 17:37:56",Completed,"2026-08-30 12:58:39",Completed,"2026-08-30 13:39:10",Completed,"2026-08-30 13:47:19",Completed,"2026-08-30 13:57:39",Completed,"2026-08-30 14:20:04",Completed,"2026-08-30 14:41:29",Completed,"2026-08-30 14:58:19",Completed,"2026-08-30 15:21:23",Completed,"2026-08-30 15:30:38",Completed,"2026-08-30 15:39:13",Completed,"2026-08-30 15:50:02",Completed,"2026-08-30 17:09:46",Completed,"2026-08-30 17:19:41",Completed,"2026-08-30 17:26:06",Completed,"2026-08-30 17:36:01",Completed,"2026-08-30 17:47:18"
"JABIR YAKUB",jabiryakub212@gmail.com,Completed,"2026-08-20 20:09:29",Completed,"2026-08-20 07:14:12",Completed,"2026-08-20 07:20:05",Completed,"2026-08-20 07:14:35",Completed,"2026-08-20 07:14:37",Completed,"2026-08-20 07:14:38",Completed,"2026-08-20 07:14:39",Completed,"2026-08-20 07:14:40",Completed,"2026-08-20 07:14:42",Completed,"2026-08-20 07:14:43",Completed,"2026-08-20 15:30:00",Completed,"2026-08-20 07:15:38",Completed,"2026-08-20 16:34:48",Completed,"2026-08-20 07:16:03",Completed,"2026-08-20 16:38:32","Completed (achieved pass grade)","2026-08-20 20:08:05",Completed,"2026-08-20 07:16:08",Completed,"2026-08-20 07:25:37",Completed,"2026-08-20 07:29:44",Completed,"2026-08-20 07:37:52",Completed,"2026-08-20 07:48:45",Completed,"2026-08-20 08:02:28",Completed,"2026-08-20 08:15:16",Completed,"2026-08-20 11:11:22",Completed,"2026-08-20 10:42:30",Completed,"2026-08-20 10:56:07",Completed,"2026-08-20 15:41:31",Completed,"2026-08-20 11:16:24",Completed,"2026-08-20 15:51:06",Completed,"2026-08-20 11:21:08",Completed,"2026-08-20 16:23:02",Completed,"2026-08-20 11:26:19",Completed,"2026-08-20 11:38:58"
"ABUBAKAR YAKUBU",ha8124172506@gmail.com,Completed,"2026-09-19 11:34:33",Completed,"2026-09-19 11:38:49",Completed,"2026-09-19 12:04:43",Completed,"2026-09-19 11:43:25",Completed,"2026-09-19 11:44:02",Completed,"2026-09-19 11:44:10",Completed,"2026-09-19 11:44:37",Completed,"2026-09-19 11:46:01",Completed,"2026-09-19 11:46:12",Completed,"2026-09-19 11:46:28",Completed,"2026-09-19 13:42:52",Completed,"2026-09-19 13:15:41",Completed,"2026-09-19 13:29:24",Completed,"2026-09-19 13:29:51",Completed,"2026-09-19 14:52:29","Completed (achieved pass grade)","2026-09-19 13:38:22",Completed,"2026-09-19 13:38:59",Completed,"2026-09-19 12:14:05",Completed,"2026-09-19 12:25:10",Completed,"2026-09-19 13:52:19",Completed,"2026-09-19 12:31:40",Completed,"2026-09-19 14:01:41",Completed,"2026-09-19 13:41:07",Completed,"2026-09-19 12:43:26",Completed,"2026-09-19 14:14:48",Completed,"2026-09-19 12:52:43",Completed,"2026-09-19 14:35:07",Completed,"2026-09-19 12:58:33",Completed,"2026-09-19 14:37:54",Completed,"2026-09-19 13:20:17",Completed,"2026-09-19 14:39:56",Completed,"2026-09-19 13:24:27",Completed,"2026-09-19 14:44:50"
"BASIRU YAKUBU",basiiruy@gmail.com,Completed,"2026-09-04 10:54:33",Completed,"2026-09-05 16:14:23",Completed,"2026-09-05 16:16:12",Completed,"2026-09-08 18:29:55",Completed,"2026-09-08 18:30:05",Completed,"2026-09-08 18:35:44",Completed,"2026-09-08 18:35:55",Completed,"2026-09-08 18:39:16",Completed,"2026-09-09 06:48:40",Completed,"2026-09-09 06:49:07","Not completed",,"Not completed",,"Not completed",,"Not completed",,"Not completed",,"Not completed",,"Not completed",,Completed,"2026-09-09 06:55:10",Completed,"2026-09-09 09:45:04","Not completed","1970-01-01 01:00:00","Not completed",,"Not completed",,"Not completed",,"Not completed",,"Not completed",,"Not completed",,"Not completed",,"Not completed",,"Not completed",,"Not completed",,"Not completed",,"Not completed",,"Not completed",
"IMAM YARIMA",imamyarima9@gmail.com,Completed,"2026-09-09 23:56:10",Completed,"2026-09-09 23:47:03",Completed,"2026-09-10 00:44:01",Completed,"2026-09-09 23:51:30",Completed,"2026-09-09 23:51:31",Completed,"2026-09-09 23:51:33",Completed,"2026-09-09 23:51:34",Completed,"2026-09-09 23:51:35",Completed,"2026-09-09 23:51:36",Completed,"2026-09-09 23:51:38",Completed,"2026-09-09 23:52:25",Completed,"2026-09-10 01:10:43",Completed,"2026-09-10 00:10:49",Completed,"2026-09-09 23:53:36",Completed,"2026-09-10 01:12:49","Completed (achieved pass grade)","2026-09-10 00:25:19",Completed,"2026-09-09 23:48:34",Completed,"2026-09-10 00:00:36",Completed,"2026-09-10 00:32:20",Completed,"2026-09-10 01:40:58",Completed,"2026-09-10 01:00:36",Completed,"2026-09-10 10:30:33",Completed,"2026-09-09 23:55:55",Completed,"2026-09-10 00:58:13",Completed,"2026-09-10 11:38:15",Completed,"2026-09-10 00:55:17",Completed,"2026-09-10 10:19:15",Completed,"2026-09-10 00:53:25",Completed,"2026-09-10 10:09:55",Completed,"2026-09-10 00:49:05",Completed,"2026-09-10 01:30:40",Completed,"2026-09-10 00:46:41",Completed,"2026-09-10 01:22:42"
"ABDULKADIR YAU",yaubeliabdulkadir@gmail.com,Completed,"2026-09-15 12:16:56",Completed,"2026-09-15 10:17:20",Completed,"2026-09-15 10:21:50",Completed,"2026-09-15 12:14:52",Completed,"2026-09-15 12:23:03",Completed,"2026-09-15 12:31:55",Completed,"2026-09-15 12:33:09",Completed,"2026-09-15 12:41:00",Completed,"2026-09-15 12:46:17",Completed,"2026-09-15 12:58:46",Completed,"2026-09-17 18:53:16",Completed,"2026-09-19 17:28:41",Completed,"2026-09-25 05:48:53",Completed,"2026-09-28 10:57:21",Completed,"2026-09-25 11:45:02","Completed (achieved pass grade)","2026-09-28 11:30:46",Completed,"2026-09-28 11:21:23",Completed,"2026-09-15 13:05:04",Completed,"2026-09-15 11:00:19",Completed,"2026-09-15 12:16:13",Completed,"2026-09-15 14:20:10",Completed,"2026-09-16 15:11:46",Completed,"2026-09-28 11:33:19",Completed,"2026-09-17 19:11:59",Completed,"2026-09-21 11:46:21",Completed,"2026-09-17 19:33:13",Completed,"2026-09-22 12:06:56",Completed,"2026-09-19 17:32:29","Not completed","1970-01-01 01:00:00",Completed,"2026-09-19 17:38:03","Not completed",,Completed,"2026-09-19 17:43:21",Completed,"2026-09-19 18:55:37"
"MUHAMMAD YAU",Muhmadesah65@gmail.com,Completed,"2026-09-10 05:13:59",Completed,"2026-09-08 16:05:14",Completed,"2026-09-08 16:09:21",Completed,"2026-09-08 16:05:47",Completed,"2026-09-08 16:05:46",Completed,"2026-09-08 16:05:46",Completed,"2026-09-08 16:05:45",Completed,"2026-09-08 16:05:44",Completed,"2026-09-08 16:05:44",Completed,"2026-09-08 16:05:42",Completed,"2026-09-09 13:51:37",Completed,"2026-09-08 16:05:32",Completed,"2026-09-10 05:16:41",Completed,"2026-09-08 16:05:20",Completed,"2026-09-09 14:54:54","Completed (achieved pass grade)","2026-09-10 05:38:40",Completed,"2026-09-08 16:05:19",Completed,"2026-09-09 10:57:34",Completed,"2026-09-09 11:45:46",Completed,"2026-09-09 11:06:19",Completed,"2026-09-09 11:39:13",Completed,"2026-09-10 05:04:03",Completed,"2026-09-09 14:36:41",Completed,"2026-09-09 13:48:48",Completed,"2026-09-09 21:01:11",Completed,"2026-09-09 13:57:14",Completed,"2026-09-09 22:28:56",Completed,"2026-09-09 14:03:45",Completed,"2026-09-09 14:11:24",Completed,"2026-09-10 04:55:30",Completed,"2026-09-09 17:17:32",Completed,"2026-09-10 05:00:01",Completed,"2026-09-09 16:46:21"
"IBRAHIM YISHAWU",ibrahimyishawu@gmail.com,"Not completed",,Completed,"2026-06-07 13:12:16",Completed,"2026-06-07 13:13:41",Completed,"2026-06-07 13:16:11",Completed,"2026-06-07 13:17:27",Completed,"2026-06-07 15:27:59",Completed,"2026-06-07 15:30:27",Completed,"2026-06-07 15:58:33",Completed,"2026-06-07 16:17:36",Completed,"2026-06-07 16:31:32","Not completed",,"Not completed",,"Not completed",,"Not completed",,"Not completed",,"Not completed",,"Not completed",,Completed,"2026-06-07 16:45:02",Completed,"2026-06-07 19:53:48","Not completed","1970-01-01 01:00:00",Completed,"2026-06-07 21:24:55","Not completed","1970-01-01 01:00:00",Completed,"2026-06-07 21:27:35","Not completed",,"Not completed","1970-01-01 01:00:00","Not completed",,"Not completed","1970-01-01 01:00:00","Not completed","1970-01-01 01:00:00","Not completed","1970-01-01 01:00:00","Not completed",,"Not completed","1970-01-01 01:00:00","Not completed",,"Not completed","1970-01-01 01:00:00"
"MOUSTAPHA YOUSSOUFA",moustaphayoussoufa72@gmail.com,Completed,"2026-09-17 11:22:24",Completed,"2026-09-17 11:19:38",Completed,"2026-09-17 11:28:31",Completed,"2026-09-17 11:19:54",Completed,"2026-09-17 11:19:55",Completed,"2026-09-17 11:19:55",Completed,"2026-09-17 11:20:00",Completed,"2026-09-17 11:20:03",Completed,"2026-09-17 11:20:04",Completed,"2026-09-17 11:20:05",Completed,"2026-09-17 12:31:05",Completed,"2026-09-17 11:21:27",Completed,"2026-09-17 12:57:08",Completed,"2026-09-17 11:22:02",Completed,"2026-09-17 12:58:27","Not completed","1970-01-01 01:00:00",Completed,"2026-09-17 11:21:52",Completed,"2026-09-17 11:35:31",Completed,"2026-09-17 11:41:22",Completed,"2026-09-17 11:49:13",Completed,"2026-09-17 12:08:02",Completed,"2026-09-17 12:11:25",Completed,"2026-09-17 13:03:10",Completed,"2026-09-17 12:29:39",Completed,"2026-09-17 13:08:53",Completed,"2026-09-17 12:36:38",Completed,"2026-09-17 13:12:35",Completed,"2026-09-17 12:42:22",Completed,"2026-09-17 13:15:38",Completed,"2026-09-17 12:47:06",Completed,"2026-09-22 10:53:35",Completed,"2026-09-17 12:52:20",Completed,"2026-09-17 13:04:31"
"LAWAL YUNUSA",lawalyunus40@gmail.com,Completed,"2026-06-07 14:22:57",Completed,"2026-06-07 14:22:59",Completed,"2026-06-08 08:52:22",Completed,"2026-06-07 14:23:09",Completed,"2026-06-07 14:23:11",Completed,"2026-06-07 14:23:14",Completed,"2026-06-07 14:23:16",Completed,"2026-06-07 14:23:19",Completed,"2026-06-07 14:23:21",Completed,"2026-06-07 14:23:23",Completed,"2026-06-08 09:32:25",Completed,"2026-06-07 14:24:56",Completed,"2026-06-09 11:54:00",Completed,"2026-06-09 11:54:31",Completed,"2026-06-10 09:29:10","Completed (achieved pass grade)","2026-07-05 09:40:28",Completed,"2026-06-10 09:41:13",Completed,"2026-06-08 08:57:53",Completed,"2026-06-08 09:04:08",Completed,"2026-06-08 09:02:04",Completed,"2026-06-08 09:08:03",Completed,"2026-06-08 09:20:14",Completed,"2026-06-10 09:40:28",Completed,"2026-06-08 09:29:14",Completed,"2026-06-08 09:31:31",Completed,"2026-06-08 09:38:23",Completed,"2026-06-08 09:40:25",Completed,"2026-06-08 09:46:59",Completed,"2026-06-08 09:48:26",Completed,"2026-06-09 11:42:48",Completed,"2026-06-09 11:44:35",Completed,"2026-06-09 11:49:41",Completed,"2026-06-09 11:50:46"
"MUHAMMAD YUNUSA",sameenyunusa@gmail.com,Completed,"2026-07-29 12:37:30",Completed,"2026-07-13 15:31:43",Completed,"2026-07-13 15:36:47",Completed,"2026-07-19 06:11:23",Completed,"2026-07-19 06:12:54",Completed,"2026-07-19 06:23:38",Completed,"2026-07-19 06:27:52",Completed,"2026-07-19 06:28:56",Completed,"2026-07-19 06:30:50",Completed,"2026-07-19 06:35:19",Completed,"2026-07-19 07:57:11",Completed,"2026-07-19 07:58:35",Completed,"2026-07-19 08:43:51",Completed,"2026-07-19 07:58:20",Completed,"2026-07-19 08:51:21","Completed (achieved pass grade)","2026-08-12 07:47:04",Completed,"2026-07-19 07:58:22",Completed,"2026-07-13 15:41:14",Completed,"2026-07-19 06:40:25",Completed,"2026-07-19 06:44:48",Completed,"2026-07-19 06:49:02",Completed,"2026-07-19 07:06:49",Completed,"2026-07-19 06:53:36",Completed,"2026-07-19 07:10:34",Completed,"2026-07-19 07:21:15",Completed,"2026-07-19 07:23:15",Completed,"2026-07-19 08:08:36",Completed,"2026-07-19 08:10:17",Completed,"2026-07-19 08:23:30",Completed,"2026-07-19 08:25:26",Completed,"2026-07-19 08:33:43",Completed,"2026-07-19 08:37:05",Completed,"2026-07-19 08:40:56"
"ABUBAKAR YUSIF",wordromo@gmail.com,Completed,"2026-08-11 21:55:22",Completed,"2026-08-11 21:33:01",Completed,"2026-08-11 21:36:22",Completed,"2026-08-11 21:52:27",Completed,"2026-08-11 21:52:27",Completed,"2026-08-11 21:52:28",Completed,"2026-08-11 21:52:29",Completed,"2026-08-11 21:52:31",Completed,"2026-08-11 21:52:32",Completed,"2026-08-11 21:52:33",Completed,"2026-09-02 12:49:55",Completed,"2026-08-11 21:54:53","Not completed",,Completed,"2026-08-11 21:55:10","Not completed",,"Completed (achieved pass grade)","2026-08-24 11:24:25",Completed,"2026-08-11 21:55:16",Completed,"2026-08-11 21:41:39",Completed,"2026-08-11 21:46:08",Completed,"2026-08-28 10:14:40",Completed,"2026-08-12 15:28:09",Completed,"2026-08-28 10:38:29","Not completed",,Completed,"2026-08-17 17:53:58",Completed,"2026-08-30 19:26:51",Completed,"2026-08-17 17:59:30",Completed,"2026-08-30 19:48:29",Completed,"2026-08-17 18:04:22","Not completed","1970-01-01 01:00:00",Completed,"2026-08-17 18:09:11","Not completed","1970-01-01 01:00:00",Completed,"2026-08-24 10:52:07","Not completed","1970-01-01 01:00:00"
"BASHIR YUSIF",bashiryusif43@gmail.com,Completed,"2026-09-22 00:09:12",Completed,"2026-09-22 00:14:38",Completed,"2026-09-22 00:17:44",Completed,"2026-09-22 00:25:22",Completed,"2026-09-22 00:27:38",Completed,"2026-09-27 11:45:20",Completed,"2026-09-27 11:46:46",Completed,"2026-09-28 09:10:58",Completed,"2026-09-28 09:16:41",Completed,"2026-09-28 09:18:37","Not completed",,"Not completed",,"Not completed",,"Not completed",,"Not completed",,"Not completed",,"Not completed",,Completed,"2026-09-28 09:31:24","Not completed",,"Not completed",,"Not completed",,"Not completed",,"Not completed",,"Not completed",,"Not completed",,"Not completed",,"Not completed",,"Not completed",,"Not completed",,"Not completed",,"Not completed",,"Not completed",,"Not completed",
"BUHARI YUSIF",ybuhari.ybm@gmail.com,"Not completed",,Completed,"2026-08-10 15:06:40",Completed,"2026-08-10 15:11:01",Completed,"2026-08-10 15:06:44",Completed,"2026-08-10 15:06:45",Completed,"2026-08-10 15:06:46",Completed,"2026-08-10 15:06:47",Completed,"2026-08-10 15:06:49",Completed,"2026-08-10 15:07:17",Completed,"2026-08-10 15:07:20","Not completed",,Completed,"2026-08-10 15:07:39","Not completed",,"Not completed",,"Not completed",,"Not completed",,Completed,"2026-08-10 15:07:50",Completed,"2026-08-10 15:14:57",Completed,"2026-08-10 15:19:01",Completed,"2026-08-10 15:20:15","Not completed",,"Not completed",,"Not completed",,Completed,"2026-08-10 16:34:17","Not completed",,"Not completed",,"Not completed",,"Not completed",,"Not completed",,"Not completed",,"Not completed",,"Not completed",,"Not completed",
"AHMADU YUSUF",ahmaduyusufkodan@gmail.com,Completed,"2026-07-14 18:21:58",Completed,"2026-07-03 13:49:09",Completed,"2026-07-14 17:25:32",Completed,"2026-07-03 10:06:44",Completed,"2026-07-03 10:06:45",Completed,"2026-07-03 10:06:36",Completed,"2026-07-03 10:05:54",Completed,"2026-07-03 10:05:41",Completed,"2026-07-03 10:05:38",Completed,"2026-07-03 10:05:37",Completed,"2026-07-14 18:21:26",Completed,"2026-07-14 16:12:52",Completed,"2026-07-14 17:31:24",Completed,"2026-07-14 17:31:58",Completed,"2026-07-14 18:18:55","Completed (achieved pass grade)","2026-07-14 17:55:38",Completed,"2026-07-03 11:27:14",Completed,"2026-07-03 10:12:19",Completed,"2026-07-03 09:37:38",Completed,"2026-07-14 15:17:43",Completed,"2026-07-03 09:49:16",Completed,"2026-07-14 15:48:18",Completed,"2026-07-14 17:32:41",Completed,"2026-07-03 10:55:14",Completed,"2026-07-14 15:49:20",Completed,"2026-07-03 11:07:01",Completed,"2026-07-14 16:12:20",Completed,"2026-07-03 11:15:02",Completed,"2026-07-14 16:21:55",Completed,"2026-07-03 11:22:39",Completed,"2026-07-14 16:58:57",Completed,"2026-07-03 11:36:09",Completed,"2026-07-14 17:17:26"
"HALIMAH YUSUF",haleema6237@gmail.com,Completed,"2026-07-24 12:04:06",Completed,"2026-07-24 12:04:47",Completed,"2026-07-24 13:00:53",Completed,"2026-07-27 12:55:22",Completed,"2026-07-27 12:59:22",Completed,"2026-07-27 13:05:38",Completed,"2026-07-27 13:10:27",Completed,"2026-07-27 13:12:39",Completed,"2026-07-27 13:16:16",Completed,"2026-07-27 13:21:28",Completed,"2026-07-28 13:00:54",Completed,"2026-07-28 13:24:01",Completed,"2026-07-28 14:06:22",Completed,"2026-07-28 14:09:17","Not completed",,"Completed (achieved pass grade)","2026-07-28 14:14:54",Completed,"2026-08-03 13:23:58",Completed,"2026-07-27 13:29:39",Completed,"2026-07-27 13:59:44","Not completed","1970-01-01 01:00:00",Completed,"2026-07-27 17:28:00","Not completed",,"Not completed",,Completed,"2026-07-28 12:59:58","Not completed",,Completed,"2026-07-28 13:13:20","Not completed",,Completed,"2026-07-28 13:33:16","Not completed",,Completed,"2026-07-28 13:52:56","Not completed",,Completed,"2026-07-28 14:05:08","Not completed",
"MUHAMMAD YUSUF",muhammadaliyu2k26@gmail.com,Completed,"2026-09-02 06:52:40",Completed,"2026-09-02 06:45:46",Completed,"2026-09-02 06:54:17",Completed,"2026-09-01 15:23:26",Completed,"2026-09-02 07:08:24",Completed,"2026-09-01 15:23:27",Completed,"2026-09-01 15:23:29",Completed,"2026-09-01 15:23:30",Completed,"2026-09-01 15:23:30",Completed,"2026-09-01 15:23:32",Completed,"2026-09-06 09:00:29",Completed,"2026-09-06 09:00:59",Completed,"2026-09-06 09:14:15",Completed,"2026-09-06 09:16:05",Completed,"2026-09-07 14:34:30","Completed (achieved pass grade)","2026-09-11 07:04:38",Completed,"2026-09-06 09:17:19",Completed,"2026-09-02 07:23:32",Completed,"2026-09-02 07:26:59",Completed,"2026-09-04 07:10:53",Completed,"2026-09-04 07:19:04",Completed,"2026-09-04 09:55:37",Completed,"2026-09-04 10:13:33",Completed,"2026-09-04 16:21:59",Completed,"2026-09-04 16:23:24",Completed,"2026-09-04 16:27:45",Completed,"2026-09-05 09:05:52",Completed,"2026-09-05 09:12:42",Completed,"2026-09-05 09:15:35",Completed,"2026-09-06 09:07:28",Completed,"2026-09-06 08:47:15",Completed,"2026-09-06 08:53:20",Completed,"2026-09-06 08:56:05"
"MUKHTAR YUSUF",muntari8080@gmail.com,Completed,"2026-08-23 07:42:18",Completed,"2026-08-22 21:43:46",Completed,"2026-08-23 07:45:15",Completed,"2026-08-22 21:43:56",Completed,"2026-08-22 21:43:57",Completed,"2026-08-22 21:43:58",Completed,"2026-08-22 21:44:00",Completed,"2026-08-22 21:44:08",Completed,"2026-08-22 21:44:08",Completed,"2026-08-22 21:44:08",Completed,"2026-08-23 18:15:16",Completed,"2026-08-23 18:16:13",Completed,"2026-08-22 22:29:22",Completed,"2026-08-22 22:31:14",Completed,"2026-08-22 23:13:00","Completed (achieved pass grade)","2026-08-23 07:41:24",Completed,"2026-08-23 07:41:45",Completed,"2026-08-23 08:54:43",Completed,"2026-08-23 11:41:58",Completed,"2026-08-23 14:07:11",Completed,"2026-08-23 11:48:15",Completed,"2026-08-23 14:34:09",Completed,"2026-08-23 12:43:57",Completed,"2026-08-23 12:01:37",Completed,"2026-08-23 17:46:20",Completed,"2026-08-23 12:06:42",Completed,"2026-08-23 18:05:52",Completed,"2026-08-23 12:11:23",Completed,"2026-08-23 17:33:56",Completed,"2026-08-23 09:02:08",Completed,"2026-08-23 17:20:21",Completed,"2026-08-22 22:00:58",Completed,"2026-08-22 22:15:25"
"NATHAN YUSUF",nathanyusuf85@gmail.com,Completed,"2026-06-03 11:24:15",Completed,"2026-06-03 00:21:33",Completed,"2026-06-03 00:23:25",Completed,"2026-06-03 00:24:40",Completed,"2026-06-03 00:27:38",Completed,"2026-06-03 00:27:50",Completed,"2026-06-03 01:39:48",Completed,"2026-06-03 01:39:49",Completed,"2026-06-03 01:39:50",Completed,"2026-06-03 01:39:54",Completed,"2026-06-03 11:22:41",Completed,"2026-06-03 11:24:59",Completed,"2026-06-03 11:30:15",Completed,"2026-06-03 11:28:23",Completed,"2026-06-03 11:35:16","Completed (achieved pass grade)","2026-07-05 09:40:27",Completed,"2026-06-03 11:28:30",Completed,"2026-06-03 01:43:58",Completed,"2026-06-03 01:47:54",Completed,"2026-06-03 10:15:44",Completed,"2026-06-03 10:21:24",Completed,"2026-06-03 10:22:59",Completed,"2026-06-03 10:24:47",Completed,"2026-06-03 10:58:30",Completed,"2026-06-03 11:03:00",Completed,"2026-06-03 11:05:15",Completed,"2026-06-03 11:06:30",Completed,"2026-06-03 11:09:33",Completed,"2026-06-03 11:11:54",Completed,"2026-06-03 11:14:44",Completed,"2026-06-03 11:15:57",Completed,"2026-06-03 11:18:59",Completed,"2026-06-03 11:19:59"
"SALISU YUSUF",muhammadsalisu300@gmail.com,Completed,"2026-08-25 23:11:20",Completed,"2026-08-25 23:11:15",Completed,"2026-08-25 23:22:47",Completed,"2026-08-25 23:11:33",Completed,"2026-08-25 23:11:35",Completed,"2026-08-25 23:11:36",Completed,"2026-08-25 23:11:38",Completed,"2026-08-25 23:11:39",Completed,"2026-08-25 23:11:40",Completed,"2026-08-25 23:11:42",Completed,"2026-08-26 11:01:31",Completed,"2026-08-25 23:12:16",Completed,"2026-08-26 20:52:36",Completed,"2026-08-25 23:12:42",Completed,"2026-08-26 12:03:46","Completed (achieved pass grade)","2026-08-26 21:00:51",Completed,"2026-08-25 23:12:46",Completed,"2026-08-25 23:27:50",Completed,"2026-08-25 23:30:51",Completed,"2026-08-26 10:03:01",Completed,"2026-08-25 23:36:18",Completed,"2026-08-26 10:36:44",Completed,"2026-08-25 23:37:17",Completed,"2026-08-25 23:44:24",Completed,"2026-08-26 10:49:55",Completed,"2026-08-26 19:15:46",Completed,"2026-08-26 11:03:53",Completed,"2026-08-26 19:20:57",Completed,"2026-08-26 11:11:10",Completed,"2026-08-26 20:38:25",Completed,"2026-08-26 11:17:47",Completed,"2026-08-26 20:42:32",Completed,"2026-08-26 11:25:08"
"USMAN YUSUF",uy0668371@gmail.com,Completed,"2026-09-09 13:07:11",Completed,"2026-09-09 13:09:43","Not completed","1970-01-01 01:00:00",Completed,"2026-09-09 13:12:30",Completed,"2026-09-09 13:17:08",Completed,"2026-09-09 13:17:29",Completed,"2026-09-09 13:17:32",Completed,"2026-09-09 13:19:23",Completed,"2026-09-09 13:19:25",Completed,"2026-09-09 13:19:26","Not completed",,Completed,"2026-09-09 13:19:43","Not completed",,Completed,"2026-09-09 13:19:52",Completed,"2026-09-10 15:15:46","Not completed",,Completed,"2026-09-09 13:19:55","Not completed","1970-01-01 01:00:00","Not completed",,Completed,"2026-09-09 13:28:29","Not completed",,Completed,"2026-09-09 13:35:21","Not completed",,"Not completed",,Completed,"2026-09-09 14:29:29","Not completed",,Completed,"2026-09-09 14:36:17","Not completed",,Completed,"2026-09-09 14:52:32","Not completed",,Completed,"2026-09-09 15:05:20","Not completed",,Completed,"2026-09-09 15:14:42"
"YUSUF YUSUF",yy1871697@gmail.com,Completed,"2026-08-19 21:31:06",Completed,"2026-08-19 21:27:56",Completed,"2026-08-20 00:18:34",Completed,"2026-08-19 21:28:41",Completed,"2026-08-19 21:28:40",Completed,"2026-08-19 21:28:42",Completed,"2026-08-19 21:28:43",Completed,"2026-08-20 00:24:36",Completed,"2026-08-20 00:26:02",Completed,"2026-08-19 21:28:48",Completed,"2026-08-20 23:52:14",Completed,"2026-08-19 21:30:23",Completed,"2026-08-20 07:19:45",Completed,"2026-08-19 21:30:43",Completed,"2026-08-22 10:54:48","Completed (achieved pass grade)","2026-08-20 02:16:47",Completed,"2026-08-21 15:58:27",Completed,"2026-08-20 00:32:38",Completed,"2026-08-20 01:24:56",Completed,"2026-08-20 01:14:02",Completed,"2026-08-20 01:30:26",Completed,"2026-08-20 13:20:16",Completed,"2026-08-20 02:07:16",Completed,"2026-08-20 07:31:23",Completed,"2026-08-21 16:09:02",Completed,"2026-08-20 12:57:06",Completed,"2026-08-21 15:59:58",Completed,"2026-08-20 13:04:36",Completed,"2026-08-21 15:45:17",Completed,"2026-08-20 13:08:45",Completed,"2026-08-21 15:39:41",Completed,"2026-08-20 02:20:51",Completed,"2026-08-21 15:32:08"
"ZAKARIYA YUSUF",alagafarta001@gmail.com,Completed,"2026-06-14 15:03:21",Completed,"2026-06-14 14:54:56",Completed,"2026-06-25 07:58:00",Completed,"2026-06-14 14:55:03",Completed,"2026-06-14 14:55:04",Completed,"2026-06-14 14:55:05",Completed,"2026-06-14 14:55:06",Completed,"2026-06-14 14:55:07",Completed,"2026-06-14 14:55:07",Completed,"2026-06-14 14:55:08",Completed,"2026-06-24 07:42:21",Completed,"2026-06-14 15:02:31",Completed,"2026-06-24 17:35:33",Completed,"2026-06-24 17:35:47",Completed,"2026-06-24 17:38:48","Completed (achieved pass grade)","2026-07-05 09:40:28",Completed,"2026-06-14 15:03:14",Completed,"2026-06-17 07:45:11",Completed,"2026-06-17 07:49:21",Completed,"2026-06-17 08:02:15",Completed,"2026-06-17 08:07:36",Completed,"2026-06-17 08:15:08",Completed,"2026-06-14 15:05:35",Completed,"2026-06-23 08:00:30",Completed,"2026-06-23 08:13:43",Completed,"2026-06-24 07:47:20",Completed,"2026-06-24 07:57:03",Completed,"2026-06-24 08:00:36",Completed,"2026-06-24 08:10:25",Completed,"2026-06-24 16:37:47",Completed,"2026-06-24 16:52:16",Completed,"2026-06-24 16:56:38",Completed,"2026-06-24 17:00:47"
"UMAR ZAHAIRU",umarzuhairu66@gmail.com,Completed,"2026-09-16 00:16:42",Completed,"2026-09-16 00:18:34",Completed,"2026-09-16 00:21:47",Completed,"2026-09-18 10:46:11",Completed,"2026-09-18 10:53:08",Completed,"2026-09-18 10:56:16",Completed,"2026-09-18 10:56:53",Completed,"2026-09-18 10:57:32",Completed,"2026-09-18 10:57:52",Completed,"2026-09-18 10:59:46",Completed,"2026-09-18 11:30:24",Completed,"2026-09-18 11:34:18",Completed,"2026-09-21 05:09:20",Completed,"2026-09-21 05:11:47",Completed,"2026-09-22 03:30:33","Completed (achieved pass grade)","2026-09-21 20:48:02",Completed,"2026-09-21 05:14:42",Completed,"2026-09-18 08:14:10",Completed,"2026-09-18 08:17:49",Completed,"2026-09-18 08:30:21",Completed,"2026-09-18 11:13:11",Completed,"2026-09-20 08:52:48",Completed,"2026-09-20 09:15:32",Completed,"2026-09-18 11:23:14",Completed,"2026-09-20 21:10:33",Completed,"2026-09-19 16:47:09",Completed,"2026-09-20 21:31:21",Completed,"2026-09-18 11:46:21",Completed,"2026-09-21 04:01:23",Completed,"2026-09-18 12:01:15",Completed,"2026-09-21 04:29:43",Completed,"2026-09-21 05:02:26",Completed,"2026-09-21 04:48:56"
"HABIBU ZAKARI",muhdbal0gun@gmail.com,Completed,"2026-09-20 20:38:48",Completed,"2026-09-20 20:45:35",Completed,"2026-09-21 05:57:15",Completed,"2026-09-21 06:02:21",Completed,"2026-09-21 06:03:28",Completed,"2026-09-21 06:04:31",Completed,"2026-09-21 06:05:28",Completed,"2026-09-21 06:06:08",Completed,"2026-09-21 06:06:39",Completed,"2026-09-21 06:07:11",Completed,"2026-09-27 17:08:32",Completed,"2026-09-25 15:30:35",Completed,"2026-09-27 14:20:07",Completed,"2026-09-27 14:23:06",Completed,"2026-09-27 14:47:25","Completed (achieved pass grade)","2026-09-27 16:57:39",Completed,"2026-09-27 17:28:45",Completed,"2026-09-21 06:12:19",Completed,"2026-09-21 06:24:59",Completed,"2026-09-21 06:44:33",Completed,"2026-09-22 12:36:53",Completed,"2026-09-22 13:56:50",Completed,"2026-09-27 17:23:47",Completed,"2026-09-23 16:40:53",Completed,"2026-09-23 16:57:01",Completed,"2026-09-24 06:08:30",Completed,"2026-09-24 06:24:54",Completed,"2026-09-25 15:35:20",Completed,"2026-09-25 15:46:54",Completed,"2026-09-25 16:48:40",Completed,"2026-09-25 16:42:25",Completed,"2026-09-26 21:59:01",Completed,"2026-09-27 12:50:46"
"SILAS ZAKARIYA",zakariyasilas2007@gmail.com,Completed,"2026-08-23 00:04:14",Completed,"2026-07-31 23:24:41",Completed,"2026-08-22 15:40:09",Completed,"2026-07-31 23:25:32",Completed,"2026-07-31 23:28:20",Completed,"2026-07-31 23:35:35",Completed,"2026-07-31 23:39:43",Completed,"2026-07-31 23:41:28",Completed,"2026-07-31 23:51:37",Completed,"2026-07-31 23:55:37",Completed,"2026-08-22 12:02:25",Completed,"2026-08-22 13:01:56",Completed,"2026-08-22 15:24:49",Completed,"2026-08-22 15:25:58",Completed,"2026-08-22 23:52:19","Completed (achieved pass grade)","2026-08-22 15:33:42",Completed,"2026-08-22 15:35:18",Completed,"2026-08-01 00:01:17",Completed,"2026-08-07 03:48:26",Completed,"2026-08-01 01:05:10",Completed,"2026-08-07 04:04:38",Completed,"2026-08-07 04:33:32",Completed,"2026-08-22 15:36:44",Completed,"2026-08-22 11:17:34",Completed,"2026-08-22 11:51:10",Completed,"2026-08-22 12:22:35",Completed,"2026-08-22 12:46:09",Completed,"2026-08-22 13:14:19",Completed,"2026-08-22 13:42:03",Completed,"2026-08-22 14:04:02",Completed,"2026-08-22 14:32:57",Completed,"2026-08-22 15:22:23",Completed,"2026-08-22 15:09:25"
"ZULAIHAT ZUBAIRU",zubairuzulaihat122@gmail.com,Completed,"2026-09-07 21:25:43",Completed,"2026-09-07 21:25:53",Completed,"2026-09-08 11:15:41",Completed,"2026-09-07 21:26:07",Completed,"2026-09-07 21:26:08",Completed,"2026-09-07 21:26:10",Completed,"2026-09-07 21:26:11",Completed,"2026-09-14 14:58:19",Completed,"2026-09-07 21:26:14",Completed,"2026-09-07 21:26:15",Completed,"2026-09-10 18:33:57",Completed,"2026-09-13 12:46:32",Completed,"2026-09-08 12:05:12",Completed,"2026-09-07 21:27:45",Completed,"2026-09-13 12:36:38","Completed (achieved pass grade)","2026-09-08 12:18:55",Completed,"2026-09-10 18:35:26",Completed,"2026-09-07 21:32:24",Completed,"2026-09-08 11:22:02",Completed,"2026-09-08 19:50:27",Completed,"2026-09-08 11:27:23",Completed,"2026-09-09 10:57:49",Completed,"2026-09-08 11:29:20",Completed,"2026-09-08 11:35:31",Completed,"2026-09-10 18:29:32",Completed,"2026-09-08 11:41:42",Completed,"2026-09-09 17:19:09",Completed,"2026-09-08 11:45:40",Completed,"2026-09-10 15:41:43",Completed,"2026-09-08 11:49:18",Completed,"2026-09-10 18:12:00",Completed,"2026-09-08 11:55:42",Completed,"2026-09-10 19:48:04"
